[1786973449286] 1d 
[1786973449286] a0 7b 1c 00 00 7b 1c 00 00 df 8b 01 00 b3 1e e1 13 01 00 00 00 8e 02 76 10 55 03 00 00 00 00 96 00 7e 27 00 00 7e 27 00 00 c8 8b 09 fb 02 0b 02 c8 01 00 00 01 00 00 00 00 00 00 00 00 
[1786973449286] a0 7b 1c 00 00 7b 1c 00 00 df 8b 01 00 b3 1e e1 13 01 00 00 00 8e 02 76 10 55 03 00 00 00 00 96 00 7e 27 00 00 7e 27 00 00 c8 8b 09 fb 02 0b 02 c8 01 00 00 01 00 00 00 00 00 00 00 00 
[1786973450286] a0 7b 1c 00 00 7b 1c 00 00 df 8b 01 00 b3 1e e1 13 01 00 00 00 8e 02 76 10 55 03 00 00 00 00 96 00 7e 27 00 00 7e 27 00 00 c8 8b 09 fb 02 0a 02 c8 01 00 00 01 00 00 00 00 00 00 00 00 
[1786973450286] a0 7b 1c 00 00 7b 1c 00 00 df 8b 01 00 b3 1e e1 13 01 00 00 00 8e 02 76 10 55 03 00 00 00 00 96 00 7e 27 00 00 7e 27 00 00 c8 8b 09 fb 02 0a 02 c8 01 00 00 01 00 00 00 00 00 00 00 00 
[1786973450343] ef 0c 08 
[1786973451287] a0 7b 1c 00 00 7b 1c 00 00 df 8b 01 00 b3 1e e1 13 01 00 00 00 8e 02 76 10 55 03 00 00 00 00 96 00 7e 27 00 00 7e 27 00 00 c8 8b 09 fb 02 09 02 c8 01 00 00 01 00 00 00 00 00 00 00 00 
[1786973451287] a0 7b 1c 00 00 7b 1c 00 00 df 8b 01 00 b3 1e e1 13 01 00 00 00 8e 02 76 10 55 03 00 00 00 00 96 00 7e 27 00 00 7e 27 00 00 c8 8b 09 fb 02 09 02 c8 01 00 00 01 00 00 00 00 00 00 00 00 
[1786973451328] 1e 
[1786973452068] aa 2d 05 00 00 08 00 4b 75 6b 75 72 65 6a 61 00 8e 02 07 03 00 31 00 70 6f 70 61 74 72 7a 20 74 61 6d 20 63 7a 79 20 6e 69 65 20 6d 61 6d 20 6e 69 63 20 7a 20 74 65 67 6f 20 77 7a 20 63 6f 20 69 64 7a 69 65 77 73 7a 
[1786973452288] a0 7b 1c 00 00 7b 1c 00 00 df 8b 01 00 b3 1e e1 13 01 00 00 00 8e 02 76 10 55 03 00 00 00 00 96 00 7e 27 00 00 7e 27 00 00 c8 8b 09 fb 02 08 02 c8 01 00 00 01 00 00 00 00 00 00 00 00 
[1786973452288] a0 7b 1c 00 00 7b 1c 00 00 df 8b 01 00 b3 1e e1 13 01 00 00 00 8e 02 76 10 55 03 00 00 00 00 96 00 7e 27 00 00 7e 27 00 00 c8 8b 09 fb 02 08 02 c8 01 00 00 01 00 00 00 00 00 00 00 00 
[1786973453294] a0 7b 1c 00 00 7b 1c 00 00 df 8b 01 00 b3 1e e1 13 01 00 00 00 8e 02 76 10 55 03 00 00 00 00 96 00 7e 27 00 00 7e 27 00 00 c8 8b 09 fb 02 07 02 c8 01 00 00 01 00 00 00 00 00 00 00 00 
[1786973453294] a0 7b 1c 00 00 7b 1c 00 00 df 8b 01 00 b3 1e e1 13 01 00 00 00 8e 02 76 10 55 03 00 00 00 00 96 00 7e 27 00 00 7e 27 00 00 c8 8b 09 fb 02 07 02 c8 01 00 00 01 00 00 00 00 00 00 00 00 
[1786973454295] 1d 
[1786973454295] a0 7b 1c 00 00 7b 1c 00 00 df 8b 01 00 b3 1e e1 13 01 00 00 00 8e 02 76 10 55 03 00 00 00 00 96 00 7e 27 00 00 7e 27 00 00 c8 8b 09 fb 02 06 02 c8 01 00 00 01 00 00 00 00 00 00 00 00 
[1786973454295] a0 7b 1c 00 00 7b 1c 00 00 df 8b 01 00 b3 1e e1 13 01 00 00 00 8e 02 76 10 55 03 00 00 00 00 96 00 7e 27 00 00 7e 27 00 00 c8 8b 09 fb 02 06 02 c8 01 00 00 01 00 00 00 00 00 00 00 00 
[1786973455295] a0 7b 1c 00 00 7b 1c 00 00 df 8b 01 00 b3 1e e1 13 01 00 00 00 8e 02 76 10 55 03 00 00 00 00 96 00 7e 27 00 00 7e 27 00 00 c8 8b 09 fb 02 05 02 c8 01 00 00 01 00 00 00 00 00 00 00 00 
[1786973455295] a0 7b 1c 00 00 7b 1c 00 00 df 8b 01 00 b3 1e e1 13 01 00 00 00 8e 02 76 10 55 03 00 00 00 00 96 00 7e 27 00 00 7e 27 00 00 c8 8b 09 fb 02 05 02 c8 01 00 00 01 00 00 00 00 00 00 00 00 
[1786973456297] a0 7b 1c 00 00 7b 1c 00 00 df 8b 01 00 b3 1e e1 13 01 00 00 00 8e 02 76 10 55 03 00 00 00 00 96 00 7e 27 00 00 7e 27 00 00 c8 8b 09 fb 02 04 02 c8 01 00 00 01 00 00 00 00 00 00 00 00 
[1786973456297] a0 7b 1c 00 00 7b 1c 00 00 df 8b 01 00 b3 1e e1 13 01 00 00 00 8e 02 76 10 55 03 00 00 00 00 96 00 7e 27 00 00 7e 27 00 00 c8 8b 09 fb 02 04 02 c8 01 00 00 01 00 00 00 00 00 00 00 00 
[1786973457164] 1e 
[1786973457297] a0 7b 1c 00 00 7b 1c 00 00 df 8b 01 00 b3 1e e1 13 01 00 00 00 8e 02 76 10 55 03 00 00 00 00 96 00 7e 27 00 00 7e 27 00 00 c8 8b 09 fb 02 03 02 c8 01 00 00 01 00 00 00 00 00 00 00 00 
[1786973457297] a0 7b 1c 00 00 7b 1c 00 00 df 8b 01 00 b3 1e e1 13 01 00 00 00 8e 02 76 10 55 03 00 00 00 00 96 00 7e 27 00 00 7e 27 00 00 c8 8b 09 fb 02 03 02 c8 01 00 00 01 00 00 00 00 00 00 00 00 
[1786973458306] a0 7b 1c 00 00 7b 1c 00 00 df 8b 01 00 b3 1e e1 13 01 00 00 00 8e 02 76 10 55 03 00 00 00 00 96 00 7e 27 00 00 7e 27 00 00 c8 8b 09 fb 02 02 02 c8 01 00 00 01 00 00 00 00 00 00 00 00 
[1786973458306] a0 7b 1c 00 00 7b 1c 00 00 df 8b 01 00 b3 1e e1 13 01 00 00 00 8e 02 76 10 55 03 00 00 00 00 96 00 7e 27 00 00 7e 27 00 00 c8 8b 09 fb 02 02 02 c8 01 00 00 01 00 00 00 00 00 00 00 00 
[1786973458368] a0 7b 1c 00 00 7b 1c 00 00 df 8b 01 00 b3 1e e1 13 01 00 00 00 8e 02 76 10 55 03 00 00 00 00 96 00 7e 27 00 00 7e 27 00 00 c8 8c 09 fb 02 01 02 c8 01 00 00 01 00 00 00 00 00 00 00 00 
[1786973458368] b4 15 28 00 4f 6e 65 20 6d 69 6e 75 74 65 20 6f 66 20 73 74 61 6d 69 6e 61 20 68 61 73 20 62 65 65 6e 20 72 65 66 69 6c 6c 65 64 2e 
[1786973459307] 1d 
[1786973459307] a0 7b 1c 00 00 7b 1c 00 00 df 8b 01 00 b3 1e e1 13 01 00 00 00 8e 02 76 10 55 03 00 00 00 00 96 00 7e 27 00 00 7e 27 00 00 c8 8c 09 fb 02 01 02 c8 01 00 00 01 00 00 00 00 00 00 00 00 
[1786973459307] a0 7b 1c 00 00 7b 1c 00 00 df 8b 01 00 b3 1e e1 13 01 00 00 00 8e 02 76 10 55 03 00 00 00 00 96 00 7e 27 00 00 7e 27 00 00 c8 8c 09 fb 02 01 02 c8 01 00 00 01 00 00 00 00 00 00 00 00 
[1786973460309] a0 7b 1c 00 00 7b 1c 00 00 df 8b 01 00 b3 1e e1 13 01 00 00 00 8e 02 76 10 55 03 00 00 00 00 96 00 7e 27 00 00 7e 27 00 00 c8 8c 09 fb 02 00 02 c8 01 00 00 01 00 00 00 00 00 00 00 00 
[1786973460309] a0 7b 1c 00 00 7b 1c 00 00 df 8b 01 00 b3 1e e1 13 01 00 00 00 8e 02 76 10 55 03 00 00 00 00 96 00 7e 27 00 00 7e 27 00 00 c8 8c 09 fb 02 00 02 c8 01 00 00 01 00 00 00 00 00 00 00 00 
[1786973460343] ef 0c 0c 
[1786973461309] a0 7b 1c 00 00 7b 1c 00 00 df 8b 01 00 b3 1e e1 13 01 00 00 00 8e 02 76 10 55 03 00 00 00 00 96 00 7e 27 00 00 7e 27 00 00 c8 8c 09 fb 02 ff 01 c8 01 00 00 01 00 00 00 00 00 00 00 00 
[1786973461309] a0 7b 1c 00 00 7b 1c 00 00 df 8b 01 00 b3 1e e1 13 01 00 00 00 8e 02 76 10 55 03 00 00 00 00 96 00 7e 27 00 00 7e 27 00 00 c8 8c 09 fb 02 ff 01 c8 01 00 00 01 00 00 00 00 00 00 00 00 
[1786973462312] a0 7b 1c 00 00 7b 1c 00 00 df 8b 01 00 b3 1e e1 13 01 00 00 00 8e 02 76 10 55 03 00 00 00 00 96 00 7e 27 00 00 7e 27 00 00 c8 8c 09 fb 02 fe 01 c8 01 00 00 01 00 00 00 00 00 00 00 00 
[1786973462312] a0 7b 1c 00 00 7b 1c 00 00 df 8b 01 00 b3 1e e1 13 01 00 00 00 8e 02 76 10 55 03 00 00 00 00 96 00 7e 27 00 00 7e 27 00 00 c8 8c 09 fb 02 fe 01 c8 01 00 00 01 00 00 00 00 00 00 00 00 
[1786973462378] 1e 
[1786973463313] a0 7b 1c 00 00 7b 1c 00 00 df 8b 01 00 b3 1e e1 13 01 00 00 00 8e 02 76 10 55 03 00 00 00 00 96 00 7e 27 00 00 7e 27 00 00 c8 8c 09 fb 02 fd 01 c8 01 00 00 01 00 00 00 00 00 00 00 00 
[1786973463313] a0 7b 1c 00 00 7b 1c 00 00 df 8b 01 00 b3 1e e1 13 01 00 00 00 8e 02 76 10 55 03 00 00 00 00 96 00 7e 27 00 00 7e 27 00 00 c8 8c 09 fb 02 fd 01 c8 01 00 00 01 00 00 00 00 00 00 00 00 
[1786973464322] 1d 
[1786973464322] a0 7b 1c 00 00 7b 1c 00 00 df 8b 01 00 b3 1e e1 13 01 00 00 00 8e 02 76 10 55 03 00 00 00 00 96 00 7e 27 00 00 7e 27 00 00 c8 8c 09 fb 02 fc 01 c8 01 00 00 01 00 00 00 00 00 00 00 00 
[1786973464322] a0 7b 1c 00 00 7b 1c 00 00 df 8b 01 00 b3 1e e1 13 01 00 00 00 8e 02 76 10 55 03 00 00 00 00 96 00 7e 27 00 00 7e 27 00 00 c8 8c 09 fb 02 fc 01 c8 01 00 00 01 00 00 00 00 00 00 00 00 
[1786973465335] a0 7b 1c 00 00 7b 1c 00 00 df 8b 01 00 b3 1e e1 13 01 00 00 00 8e 02 76 10 55 03 00 00 00 00 96 00 7e 27 00 00 7e 27 00 00 c8 8c 09 fb 02 fb 01 c8 01 00 00 01 00 00 00 00 00 00 00 00 
[1786973465335] a0 7b 1c 00 00 7b 1c 00 00 df 8b 01 00 b3 1e e1 13 01 00 00 00 8e 02 76 10 55 03 00 00 00 00 96 00 7e 27 00 00 7e 27 00 00 c8 8c 09 fb 02 fb 01 c8 01 00 00 01 00 00 00 00 00 00 00 00 
[1786973466335] a0 7b 1c 00 00 7b 1c 00 00 df 8b 01 00 b3 1e e1 13 01 00 00 00 8e 02 76 10 55 03 00 00 00 00 96 00 7e 27 00 00 7e 27 00 00 c8 8c 09 fb 02 fa 01 c8 01 00 00 01 00 00 00 00 00 00 00 00 
[1786973466335] a0 7b 1c 00 00 7b 1c 00 00 df 8b 01 00 b3 1e e1 13 01 00 00 00 8e 02 76 10 55 03 00 00 00 00 96 00 7e 27 00 00 7e 27 00 00 c8 8c 09 fb 02 fa 01 c8 01 00 00 01 00 00 00 00 00 00 00 00 
[1786973467337] a0 7b 1c 00 00 7b 1c 00 00 df 8b 01 00 b3 1e e1 13 01 00 00 00 8e 02 76 10 55 03 00 00 00 00 96 00 7e 27 00 00 7e 27 00 00 c8 8c 09 fb 02 f9 01 c8 01 00 00 01 00 00 00 00 00 00 00 00 
[1786973467337] a0 7b 1c 00 00 7b 1c 00 00 df 8b 01 00 b3 1e e1 13 01 00 00 00 8e 02 76 10 55 03 00 00 00 00 96 00 7e 27 00 00 7e 27 00 00 c8 8c 09 fb 02 f9 01 c8 01 00 00 01 00 00 00 00 00 00 00 00 
[1786973468338] a0 7b 1c 00 00 7b 1c 00 00 df 8b 01 00 b3 1e e1 13 01 00 00 00 8e 02 76 10 55 03 00 00 00 00 96 00 7e 27 00 00 7e 27 00 00 c8 8c 09 fb 02 f8 01 c8 01 00 00 01 00 00 00 00 00 00 00 00 
[1786973468338] a0 7b 1c 00 00 7b 1c 00 00 df 8b 01 00 b3 1e e1 13 01 00 00 00 8e 02 76 10 55 03 00 00 00 00 96 00 7e 27 00 00 7e 27 00 00 c8 8c 09 fb 02 f8 01 c8 01 00 00 01 00 00 00 00 00 00 00 00 
[1786973468390] 1e 
[1786973469338] 1d 
[1786973469338] a0 7b 1c 00 00 7b 1c 00 00 df 8b 01 00 b3 1e e1 13 01 00 00 00 8e 02 76 10 55 03 00 00 00 00 96 00 7e 27 00 00 7e 27 00 00 c8 8c 09 fb 02 f7 01 c8 01 00 00 01 00 00 00 00 00 00 00 00 
[1786973469338] a0 7b 1c 00 00 7b 1c 00 00 df 8b 01 00 b3 1e e1 13 01 00 00 00 8e 02 76 10 55 03 00 00 00 00 96 00 7e 27 00 00 7e 27 00 00 c8 8c 09 fb 02 f7 01 c8 01 00 00 01 00 00 00 00 00 00 00 00 
[1786973470343] ef 0c 10 
[1786973470360] a0 7b 1c 00 00 7b 1c 00 00 df 8b 01 00 b3 1e e1 13 01 00 00 00 8e 02 76 10 55 03 00 00 00 00 96 00 7e 27 00 00 7e 27 00 00 c8 8c 09 fb 02 f6 01 c8 01 00 00 01 00 00 00 00 00 00 00 00 
[1786973470360] a0 7b 1c 00 00 7b 1c 00 00 df 8b 01 00 b3 1e e1 13 01 00 00 00 8e 02 76 10 55 03 00 00 00 00 96 00 7e 27 00 00 7e 27 00 00 c8 8c 09 fb 02 f6 01 c8 01 00 00 01 00 00 00 00 00 00 00 00 
[1786973471360] a0 7b 1c 00 00 7b 1c 00 00 df 8b 01 00 b3 1e e1 13 01 00 00 00 8e 02 76 10 55 03 00 00 00 00 96 00 7e 27 00 00 7e 27 00 00 c8 8c 09 fb 02 f5 01 c8 01 00 00 01 00 00 00 00 00 00 00 00 
[1786973471360] a0 7b 1c 00 00 7b 1c 00 00 df 8b 01 00 b3 1e e1 13 01 00 00 00 8e 02 76 10 55 03 00 00 00 00 96 00 7e 27 00 00 7e 27 00 00 c8 8c 09 fb 02 f5 01 c8 01 00 00 01 00 00 00 00 00 00 00 00 
[1786973472360] a0 7b 1c 00 00 7b 1c 00 00 df 8b 01 00 b3 1e e1 13 01 00 00 00 8e 02 76 10 55 03 00 00 00 00 96 00 7e 27 00 00 7e 27 00 00 c8 8c 09 fb 02 f4 01 c8 01 00 00 01 00 00 00 00 00 00 00 00 
[1786973472360] a0 7b 1c 00 00 7b 1c 00 00 df 8b 01 00 b3 1e e1 13 01 00 00 00 8e 02 76 10 55 03 00 00 00 00 96 00 7e 27 00 00 7e 27 00 00 c8 8c 09 fb 02 f4 01 c8 01 00 00 01 00 00 00 00 00 00 00 00 
[1786973473361] a0 7b 1c 00 00 7b 1c 00 00 df 8b 01 00 b3 1e e1 13 01 00 00 00 8e 02 76 10 55 03 00 00 00 00 96 00 7e 27 00 00 7e 27 00 00 c8 8c 09 fb 02 f3 01 c8 01 00 00 01 00 00 00 00 00 00 00 00 
[1786973473361] a0 7b 1c 00 00 7b 1c 00 00 df 8b 01 00 b3 1e e1 13 01 00 00 00 8e 02 76 10 55 03 00 00 00 00 96 00 7e 27 00 00 7e 27 00 00 c8 8c 09 fb 02 f3 01 c8 01 00 00 01 00 00 00 00 00 00 00 00 
[1786973474361] 1d 
[1786973474361] a0 7b 1c 00 00 7b 1c 00 00 df 8b 01 00 b3 1e e1 13 01 00 00 00 8e 02 76 10 55 03 00 00 00 00 96 00 7e 27 00 00 7e 27 00 00 c8 8c 09 fb 02 f2 01 c8 01 00 00 01 00 00 00 00 00 00 00 00 
[1786973474361] a0 7b 1c 00 00 7b 1c 00 00 df 8b 01 00 b3 1e e1 13 01 00 00 00 8e 02 76 10 55 03 00 00 00 00 96 00 7e 27 00 00 7e 27 00 00 c8 8c 09 fb 02 f2 01 c8 01 00 00 01 00 00 00 00 00 00 00 00 
[1786973474400] 1e 
[1786973475363] a0 7b 1c 00 00 7b 1c 00 00 df 8b 01 00 b3 1e e1 13 01 00 00 00 8e 02 76 10 55 03 00 00 00 00 96 00 7e 27 00 00 7e 27 00 00 c8 8c 09 fb 02 f1 01 c8 01 00 00 01 00 00 00 00 00 00 00 00 
[1786973475363] a0 7b 1c 00 00 7b 1c 00 00 df 8b 01 00 b3 1e e1 13 01 00 00 00 8e 02 76 10 55 03 00 00 00 00 96 00 7e 27 00 00 7e 27 00 00 c8 8c 09 fb 02 f1 01 c8 01 00 00 01 00 00 00 00 00 00 00 00 
[1786973476364] a0 7b 1c 00 00 7b 1c 00 00 df 8b 01 00 b3 1e e1 13 01 00 00 00 8e 02 76 10 55 03 00 00 00 00 96 00 7e 27 00 00 7e 27 00 00 c8 8c 09 fb 02 f0 01 c8 01 00 00 01 00 00 00 00 00 00 00 00 
[1786973476364] a0 7b 1c 00 00 7b 1c 00 00 df 8b 01 00 b3 1e e1 13 01 00 00 00 8e 02 76 10 55 03 00 00 00 00 96 00 7e 27 00 00 7e 27 00 00 c8 8c 09 fb 02 f0 01 c8 01 00 00 01 00 00 00 00 00 00 00 00 
[1786973477365] a0 7b 1c 00 00 7b 1c 00 00 df 8b 01 00 b3 1e e1 13 01 00 00 00 8e 02 76 10 55 03 00 00 00 00 96 00 7e 27 00 00 7e 27 00 00 c8 8c 09 fb 02 ef 01 c8 01 00 00 01 00 00 00 00 00 00 00 00 
[1786973477365] a0 7b 1c 00 00 7b 1c 00 00 df 8b 01 00 b3 1e e1 13 01 00 00 00 8e 02 76 10 55 03 00 00 00 00 96 00 7e 27 00 00 7e 27 00 00 c8 8c 09 fb 02 ef 01 c8 01 00 00 01 00 00 00 00 00 00 00 00 
[1786973478367] a0 7b 1c 00 00 7b 1c 00 00 df 8b 01 00 b3 1e e1 13 01 00 00 00 8e 02 76 10 55 03 00 00 00 00 96 00 7e 27 00 00 7e 27 00 00 c8 8c 09 fb 02 ee 01 c8 01 00 00 01 00 00 00 00 00 00 00 00 
[1786973478367] a0 7b 1c 00 00 7b 1c 00 00 df 8b 01 00 b3 1e e1 13 01 00 00 00 8e 02 76 10 55 03 00 00 00 00 96 00 7e 27 00 00 7e 27 00 00 c8 8c 09 fb 02 ee 01 c8 01 00 00 01 00 00 00 00 00 00 00 00 
[1786973479367] 1d 
[1786973479367] a0 7b 1c 00 00 7b 1c 00 00 df 8b 01 00 b3 1e e1 13 01 00 00 00 8e 02 76 10 55 03 00 00 00 00 96 00 7e 27 00 00 7e 27 00 00 c8 8c 09 fb 02 ed 01 c8 01 00 00 01 00 00 00 00 00 00 00 00 
[1786973479367] a0 7b 1c 00 00 7b 1c 00 00 df 8b 01 00 b3 1e e1 13 01 00 00 00 8e 02 76 10 55 03 00 00 00 00 96 00 7e 27 00 00 7e 27 00 00 c8 8c 09 fb 02 ed 01 c8 01 00 00 01 00 00 00 00 00 00 00 00 
[1786973480343] ef 0c 14 
[1786973480368] a0 7b 1c 00 00 7b 1c 00 00 df 8b 01 00 b3 1e e1 13 01 00 00 00 8e 02 76 10 55 03 00 00 00 00 96 00 7e 27 00 00 7e 27 00 00 c8 8c 09 fb 02 ec 01 c8 01 00 00 01 00 00 00 00 00 00 00 00 
[1786973480368] a0 7b 1c 00 00 7b 1c 00 00 df 8b 01 00 b3 1e e1 13 01 00 00 00 8e 02 76 10 55 03 00 00 00 00 96 00 7e 27 00 00 7e 27 00 00 c8 8c 09 fb 02 ec 01 c8 01 00 00 01 00 00 00 00 00 00 00 00 
[1786973480437] 1e 
[1786973481377] a0 7b 1c 00 00 7b 1c 00 00 df 8b 01 00 b3 1e e1 13 01 00 00 00 8e 02 76 10 55 03 00 00 00 00 96 00 7e 27 00 00 7e 27 00 00 c8 8c 09 fb 02 eb 01 c8 01 00 00 01 00 00 00 00 00 00 00 00 
[1786973481377] a0 7b 1c 00 00 7b 1c 00 00 df 8b 01 00 b3 1e e1 13 01 00 00 00 8e 02 76 10 55 03 00 00 00 00 96 00 7e 27 00 00 7e 27 00 00 c8 8c 09 fb 02 eb 01 c8 01 00 00 01 00 00 00 00 00 00 00 00 
[1786973482378] a0 7b 1c 00 00 7b 1c 00 00 df 8b 01 00 b3 1e e1 13 01 00 00 00 8e 02 76 10 55 03 00 00 00 00 96 00 7e 27 00 00 7e 27 00 00 c8 8c 09 fb 02 ea 01 c8 01 00 00 01 00 00 00 00 00 00 00 00 
[1786973482378] a0 7b 1c 00 00 7b 1c 00 00 df 8b 01 00 b3 1e e1 13 01 00 00 00 8e 02 76 10 55 03 00 00 00 00 96 00 7e 27 00 00 7e 27 00 00 c8 8c 09 fb 02 ea 01 c8 01 00 00 01 00 00 00 00 00 00 00 00 
[1786973483379] a0 7b 1c 00 00 7b 1c 00 00 df 8b 01 00 b3 1e e1 13 01 00 00 00 8e 02 76 10 55 03 00 00 00 00 96 00 7e 27 00 00 7e 27 00 00 c8 8c 09 fb 02 e9 01 c8 01 00 00 01 00 00 00 00 00 00 00 00 
[1786973483379] a0 7b 1c 00 00 7b 1c 00 00 df 8b 01 00 b3 1e e1 13 01 00 00 00 8e 02 76 10 55 03 00 00 00 00 96 00 7e 27 00 00 7e 27 00 00 c8 8c 09 fb 02 e9 01 c8 01 00 00 01 00 00 00 00 00 00 00 00 
[1786973484380] 1d 
[1786973484380] a0 7b 1c 00 00 7b 1c 00 00 df 8b 01 00 b3 1e e1 13 01 00 00 00 8e 02 76 10 55 03 00 00 00 00 96 00 7e 27 00 00 7e 27 00 00 c8 8c 09 fb 02 e8 01 c8 01 00 00 01 00 00 00 00 00 00 00 00 
[1786973484380] a0 7b 1c 00 00 7b 1c 00 00 df 8b 01 00 b3 1e e1 13 01 00 00 00 8e 02 76 10 55 03 00 00 00 00 96 00 7e 27 00 00 7e 27 00 00 c8 8c 09 fb 02 e8 01 c8 01 00 00 01 00 00 00 00 00 00 00 00 
[1786973485394] a0 7b 1c 00 00 7b 1c 00 00 df 8b 01 00 b3 1e e1 13 01 00 00 00 8e 02 76 10 55 03 00 00 00 00 96 00 7e 27 00 00 7e 27 00 00 c8 8c 09 fb 02 e7 01 c8 01 00 00 01 00 00 00 00 00 00 00 00 
[1786973485394] a0 7b 1c 00 00 7b 1c 00 00 df 8b 01 00 b3 1e e1 13 01 00 00 00 8e 02 76 10 55 03 00 00 00 00 96 00 7e 27 00 00 7e 27 00 00 c8 8c 09 fb 02 e7 01 c8 01 00 00 01 00 00 00 00 00 00 00 00 
[1786973486394] a0 7b 1c 00 00 7b 1c 00 00 df 8b 01 00 b3 1e e1 13 01 00 00 00 8e 02 76 10 55 03 00 00 00 00 96 00 7e 27 00 00 7e 27 00 00 c8 8c 09 fb 02 e6 01 c8 01 00 00 01 00 00 00 00 00 00 00 00 
[1786973486394] a0 7b 1c 00 00 7b 1c 00 00 df 8b 01 00 b3 1e e1 13 01 00 00 00 8e 02 76 10 55 03 00 00 00 00 96 00 7e 27 00 00 7e 27 00 00 c8 8c 09 fb 02 e6 01 c8 01 00 00 01 00 00 00 00 00 00 00 00 
[1786973486454] 1e 
[1786973487406] a0 7b 1c 00 00 7b 1c 00 00 df 8b 01 00 b3 1e e1 13 01 00 00 00 8e 02 76 10 55 03 00 00 00 00 96 00 7e 27 00 00 7e 27 00 00 c8 8c 09 fb 02 e5 01 c8 01 00 00 01 00 00 00 00 00 00 00 00 
[1786973487406] a0 7b 1c 00 00 7b 1c 00 00 df 8b 01 00 b3 1e e1 13 01 00 00 00 8e 02 76 10 55 03 00 00 00 00 96 00 7e 27 00 00 7e 27 00 00 c8 8c 09 fb 02 e5 01 c8 01 00 00 01 00 00 00 00 00 00 00 00 
[1786973487728] 6a 59 7e dc 7d 07 01 61 00 00 00 00 00 a5 00 00 10 00 06 00 45 6e 65 6d 6d 79 64 02 82 00 51 72 72 00 01 00 00 05 d5 be 03 00 00 00 00 00 0b 00 ff 00 00 
[1786973487838] 6d 59 7e dc 7d 07 01 59 7e dd 7d 07 
[1786973487941] 6d 59 7e dd 7d 07 01 59 7e de 7d 07 
[1786973488044] 6d 59 7e de 7d 07 01 59 7e df 7d 07 
[1786973488151] 6d 59 7e df 7d 07 01 59 7e e0 7d 07 
[1786973488257] 6d 59 7e e0 7d 07 01 59 7e e1 7d 07 
[1786973488357] 6d 59 7e e1 7d 07 01 5a 7e e1 7d 07 
[1786973488407] a0 7b 1c 00 00 7b 1c 00 00 df 8b 01 00 b3 1e e1 13 01 00 00 00 8e 02 76 10 55 03 00 00 00 00 96 00 7e 27 00 00 7e 27 00 00 c8 8c 09 fb 02 e4 01 c8 01 00 00 01 00 00 00 00 00 00 00 00 
[1786973488407] a0 7b 1c 00 00 7b 1c 00 00 df 8b 01 00 b3 1e e1 13 01 00 00 00 8e 02 76 10 55 03 00 00 00 00 96 00 7e 27 00 00 7e 27 00 00 c8 8c 09 fb 02 e4 01 c8 01 00 00 01 00 00 00 00 00 00 00 00 
[1786973488459] 6d 5a 7e e1 7d 07 01 5b 7e e1 7d 07 
[1786973488569] 6d 5b 7e e1 7d 07 01 5b 7e e2 7d 07 
[1786973488679] 6d 5b 7e e2 7d 07 01 5c 7e e2 7d 07 
[1786973488782] 6d 5c 7e e2 7d 07 01 5c 7e e3 7d 07 
[1786973488898] 6d 5c 7e e3 7d 07 01 5d 7e e3 7d 07 
[1786973489004] 6d 5d 7e e3 7d 07 01 5d 7e e4 7d 07 
[1786973489111] 6d 5d 7e e4 7d 07 01 5e 7e e4 7d 07 
[1786973489267] 6d 5e 7e e4 7d 07 01 5f 7e e4 7d 07 
[1786973489428] 1d 
[1786973489428] a0 7b 1c 00 00 7b 1c 00 00 df 8b 01 00 b3 1e e1 13 01 00 00 00 8e 02 76 10 55 03 00 00 00 00 96 00 7e 27 00 00 7e 27 00 00 c8 8c 09 fb 02 e3 01 c8 01 00 00 01 00 00 00 00 00 00 00 00 
[1786973489428] a0 7b 1c 00 00 7b 1c 00 00 df 8b 01 00 b3 1e e1 13 01 00 00 00 8e 02 76 10 55 03 00 00 00 00 96 00 7e 27 00 00 7e 27 00 00 c8 8c 09 fb 02 e3 01 c8 01 00 00 01 00 00 00 00 00 00 00 00 
[1786973489430] 6d 5f 7e e4 7d 07 01 60 7e e4 7d 07 
[1786973489573] 6d 60 7e e4 7d 07 01 61 7e e4 7d 07 
[1786973489725] 6d 61 7e e4 7d 07 01 62 7e e4 7d 07 
[1786973489911] 6d 62 7e e4 7d 07 01 62 7e e3 7d 07 
[1786973490039] 6d 62 7e e3 7d 07 01 62 7e e2 7d 07 
[1786973490039] 6b 62 7e e2 7d 07 00 a2 27 
[1786973490343] ef 0c 18 
[1786973490428] a0 7b 1c 00 00 7b 1c 00 00 df 8b 01 00 b3 1e e1 13 01 00 00 00 8e 02 76 10 55 03 00 00 00 00 96 00 7e 27 00 00 7e 27 00 00 c8 8c 09 fb 02 e2 01 c8 01 00 00 01 00 00 00 00 00 00 00 00 
[1786973490428] a0 7b 1c 00 00 7b 1c 00 00 df 8b 01 00 b3 1e e1 13 01 00 00 00 8e 02 76 10 55 03 00 00 00 00 96 00 7e 27 00 00 7e 27 00 00 c8 8c 09 fb 02 e2 01 c8 01 00 00 01 00 00 00 00 00 00 00 00 
[1786973490683] 6b 62 7e e2 7d 07 01 63 00 a5 00 00 10 03 00 
[1786973491437] a0 7b 1c 00 00 7b 1c 00 00 df 8b 01 00 b3 1e e1 13 01 00 00 00 8e 02 76 10 55 03 00 00 00 00 96 00 7e 27 00 00 7e 27 00 00 c8 8c 09 fb 02 e1 01 c8 01 00 00 01 00 00 00 00 00 00 00 00 
[1786973491437] a0 7b 1c 00 00 7b 1c 00 00 df 8b 01 00 b3 1e e1 13 01 00 00 00 8e 02 76 10 55 03 00 00 00 00 96 00 7e 27 00 00 7e 27 00 00 c8 8c 09 fb 02 e1 01 c8 01 00 00 01 00 00 00 00 00 00 00 00 
[1786973492445] a0 7b 1c 00 00 7b 1c 00 00 df 8b 01 00 b3 1e e1 13 01 00 00 00 8e 02 76 10 55 03 00 00 00 00 96 00 7e 27 00 00 7e 27 00 00 c8 8c 09 fb 02 e0 01 c8 01 00 00 01 00 00 00 00 00 00 00 00 
[1786973492445] a0 7b 1c 00 00 7b 1c 00 00 df 8b 01 00 b3 1e e1 13 01 00 00 00 8e 02 76 10 55 03 00 00 00 00 96 00 7e 27 00 00 7e 27 00 00 c8 8c 09 fb 02 e0 01 c8 01 00 00 01 00 00 00 00 00 00 00 00 
[1786973492517] 1e 
[1786973492757] aa 2e 67 00 00 06 00 45 6e 65 6d 6d 79 00 ac 02 01 62 7e e2 7d 07 07 00 58 44 44 44 44 44 44 
[1786973493445] a0 7b 1c 00 00 7b 1c 00 00 df 8b 01 00 b3 1e e1 13 01 00 00 00 8e 02 76 10 55 03 00 00 00 00 96 00 7e 27 00 00 7e 27 00 00 c8 8c 09 fb 02 df 01 c8 01 00 00 01 00 00 00 00 00 00 00 00 
[1786973493445] a0 7b 1c 00 00 7b 1c 00 00 df 8b 01 00 b3 1e e1 13 01 00 00 00 8e 02 76 10 55 03 00 00 00 00 96 00 7e 27 00 00 7e 27 00 00 c8 8c 09 fb 02 df 01 c8 01 00 00 01 00 00 00 00 00 00 00 00 
[1786973494445] 1d 
[1786973494445] a0 7b 1c 00 00 7b 1c 00 00 df 8b 01 00 b3 1e e1 13 01 00 00 00 8e 02 76 10 55 03 00 00 00 00 96 00 7e 27 00 00 7e 27 00 00 c8 8c 09 fb 02 de 01 c8 01 00 00 01 00 00 00 00 00 00 00 00 
[1786973494445] a0 7b 1c 00 00 7b 1c 00 00 df 8b 01 00 b3 1e e1 13 01 00 00 00 8e 02 76 10 55 03 00 00 00 00 96 00 7e 27 00 00 7e 27 00 00 c8 8c 09 fb 02 de 01 c8 01 00 00 01 00 00 00 00 00 00 00 00 
[1786973495446] a0 7b 1c 00 00 7b 1c 00 00 df 8b 01 00 b3 1e e1 13 01 00 00 00 8e 02 76 10 55 03 00 00 00 00 96 00 7e 27 00 00 7e 27 00 00 c8 8c 09 fb 02 dd 01 c8 01 00 00 01 00 00 00 00 00 00 00 00 
[1786973495446] a0 7b 1c 00 00 7b 1c 00 00 df 8b 01 00 b3 1e e1 13 01 00 00 00 8e 02 76 10 55 03 00 00 00 00 96 00 7e 27 00 00 7e 27 00 00 c8 8c 09 fb 02 dd 01 c8 01 00 00 01 00 00 00 00 00 00 00 00 
[1786973496447] a0 7b 1c 00 00 7b 1c 00 00 df 8b 01 00 b3 1e e1 13 01 00 00 00 8e 02 76 10 55 03 00 00 00 00 96 00 7e 27 00 00 7e 27 00 00 c8 8c 09 fb 02 dc 01 c9 01 00 00 01 00 00 00 00 00 00 00 00 
[1786973496447] a0 7b 1c 00 00 7b 1c 00 00 df 8b 01 00 b3 1e e1 13 01 00 00 00 8e 02 76 10 55 03 00 00 00 00 96 00 7e 27 00 00 7e 27 00 00 c8 8c 09 fb 02 dc 01 c9 01 00 00 01 00 00 00 00 00 00 00 00 
[1786973496447] a0 7b 1c 00 00 7b 1c 00 00 df 8b 01 00 b3 1e e1 13 01 00 00 00 8e 02 76 10 55 03 00 00 00 00 96 00 7e 27 00 00 7e 27 00 00 c8 8c 09 fb 02 dc 01 c9 01 00 00 01 00 00 00 00 00 00 00 00 
[1786973497455] a0 7b 1c 00 00 7b 1c 00 00 df 8b 01 00 b3 1e e1 13 01 00 00 00 8e 02 76 10 55 03 00 00 00 00 96 00 7e 27 00 00 7e 27 00 00 c8 8c 09 fb 02 db 01 c9 01 00 00 01 00 00 00 00 00 00 00 00 
[1786973497455] a0 7b 1c 00 00 7b 1c 00 00 df 8b 01 00 b3 1e e1 13 01 00 00 00 8e 02 76 10 55 03 00 00 00 00 96 00 7e 27 00 00 7e 27 00 00 c8 8c 09 fb 02 db 01 c9 01 00 00 01 00 00 00 00 00 00 00 00 
[1786973497838] 1e 
[1786973498457] a0 7b 1c 00 00 7b 1c 00 00 df 8b 01 00 b3 1e e1 13 01 00 00 00 8e 02 76 10 55 03 00 00 00 00 96 00 7e 27 00 00 7e 27 00 00 c8 8c 09 fb 02 da 01 c9 01 00 00 01 00 00 00 00 00 00 00 00 
[1786973498457] a0 7b 1c 00 00 7b 1c 00 00 df 8b 01 00 b3 1e e1 13 01 00 00 00 8e 02 76 10 55 03 00 00 00 00 96 00 7e 27 00 00 7e 27 00 00 c8 8c 09 fb 02 da 01 c9 01 00 00 01 00 00 00 00 00 00 00 00 
[1786973499459] 1d 
[1786973499459] a0 7b 1c 00 00 7b 1c 00 00 df 8b 01 00 b3 1e e1 13 01 00 00 00 8e 02 76 10 55 03 00 00 00 00 96 00 7e 27 00 00 7e 27 00 00 c8 8c 09 fb 02 d9 01 c9 01 00 00 01 00 00 00 00 00 00 00 00 
[1786973499459] a0 7b 1c 00 00 7b 1c 00 00 df 8b 01 00 b3 1e e1 13 01 00 00 00 8e 02 76 10 55 03 00 00 00 00 96 00 7e 27 00 00 7e 27 00 00 c8 8c 09 fb 02 d9 01 c9 01 00 00 01 00 00 00 00 00 00 00 00 
[1786973500343] ef 0c 1c 
[1786973500460] a0 7b 1c 00 00 7b 1c 00 00 df 8b 01 00 b3 1e e1 13 01 00 00 00 8e 02 76 10 55 03 00 00 00 00 96 00 7e 27 00 00 7e 27 00 00 c8 8c 09 fb 02 d8 01 c9 01 00 00 01 00 00 00 00 00 00 00 00 
[1786973500460] a0 7b 1c 00 00 7b 1c 00 00 df 8b 01 00 b3 1e e1 13 01 00 00 00 8e 02 76 10 55 03 00 00 00 00 96 00 7e 27 00 00 7e 27 00 00 c8 8c 09 fb 02 d8 01 c9 01 00 00 01 00 00 00 00 00 00 00 00 
[1786973501461] a0 7b 1c 00 00 7b 1c 00 00 df 8b 01 00 b3 1e e1 13 01 00 00 00 8e 02 76 10 55 03 00 00 00 00 96 00 7e 27 00 00 7e 27 00 00 c8 8c 09 fb 02 d7 01 c9 01 00 00 01 00 00 00 00 00 00 00 00 
[1786973501461] a0 7b 1c 00 00 7b 1c 00 00 df 8b 01 00 b3 1e e1 13 01 00 00 00 8e 02 76 10 55 03 00 00 00 00 96 00 7e 27 00 00 7e 27 00 00 c8 8c 09 fb 02 d7 01 c9 01 00 00 01 00 00 00 00 00 00 00 00 
[1786973502461] a0 7b 1c 00 00 7b 1c 00 00 df 8b 01 00 b3 1e e1 13 01 00 00 00 8e 02 76 10 55 03 00 00 00 00 96 00 7e 27 00 00 7e 27 00 00 c8 8c 09 fb 02 d6 01 c9 01 00 00 01 00 00 00 00 00 00 00 00 
[1786973502461] a0 7b 1c 00 00 7b 1c 00 00 df 8b 01 00 b3 1e e1 13 01 00 00 00 8e 02 76 10 55 03 00 00 00 00 96 00 7e 27 00 00 7e 27 00 00 c8 8c 09 fb 02 d6 01 c9 01 00 00 01 00 00 00 00 00 00 00 00 
[1786973503495] a0 7b 1c 00 00 7b 1c 00 00 df 8b 01 00 b3 1e e1 13 01 00 00 00 8e 02 76 10 55 03 00 00 00 00 96 00 7e 27 00 00 7e 27 00 00 c8 8c 09 fb 02 d5 01 c9 01 00 00 01 00 00 00 00 00 00 00 00 
[1786973503495] a0 7b 1c 00 00 7b 1c 00 00 df 8b 01 00 b3 1e e1 13 01 00 00 00 8e 02 76 10 55 03 00 00 00 00 96 00 7e 27 00 00 7e 27 00 00 c8 8c 09 fb 02 d5 01 c9 01 00 00 01 00 00 00 00 00 00 00 00 
[1786973503554] 1e 
[1786973503775] 6b 62 7e e2 7d 07 01 63 00 a5 00 00 10 00 00 
[1786973503884] 6b 60 7e e2 7d 07 01 63 00 a2 00 00 10 01 00 
[1786973504497] 1d 
[1786973504497] a0 7b 1c 00 00 7b 1c 00 00 df 8b 01 00 b3 1e e1 13 01 00 00 00 8e 02 76 10 55 03 00 00 00 00 96 00 7e 27 00 00 7e 27 00 00 c8 8c 09 fb 02 d4 01 c9 01 00 00 01 00 00 00 00 00 00 00 00 
[1786973504497] a0 7b 1c 00 00 7b 1c 00 00 df 8b 01 00 b3 1e e1 13 01 00 00 00 8e 02 76 10 55 03 00 00 00 00 96 00 7e 27 00 00 7e 27 00 00 c8 8c 09 fb 02 d4 01 c9 01 00 00 01 00 00 00 00 00 00 00 00 
[1786973505258] aa 33 67 00 00 08 00 4b 75 6b 75 72 65 6a 61 00 8e 02 01 60 7e e2 7d 07 05 00 58 44 44 44 44 
[1786973505497] a0 7b 1c 00 00 7b 1c 00 00 df 8b 01 00 b3 1e e1 13 01 00 00 00 8e 02 76 10 55 03 00 00 00 00 96 00 7e 27 00 00 7e 27 00 00 c8 8c 09 fb 02 d3 01 c9 01 00 00 01 00 00 00 00 00 00 00 00 
[1786973505497] a0 7b 1c 00 00 7b 1c 00 00 df 8b 01 00 b3 1e e1 13 01 00 00 00 8e 02 76 10 55 03 00 00 00 00 96 00 7e 27 00 00 7e 27 00 00 c8 8c 09 fb 02 d3 01 c9 01 00 00 01 00 00 00 00 00 00 00 00 
[1786973506499] a0 7b 1c 00 00 7b 1c 00 00 df 8b 01 00 b3 1e e1 13 01 00 00 00 8e 02 76 10 55 03 00 00 00 00 96 00 7e 27 00 00 7e 27 00 00 c8 8c 09 fb 02 d2 01 c9 01 00 00 01 00 00 00 00 00 00 00 00 
[1786973506499] a0 7b 1c 00 00 7b 1c 00 00 df 8b 01 00 b3 1e e1 13 01 00 00 00 8e 02 76 10 55 03 00 00 00 00 96 00 7e 27 00 00 7e 27 00 00 c8 8c 09 fb 02 d2 01 c9 01 00 00 01 00 00 00 00 00 00 00 00 
[1786973507499] a0 7b 1c 00 00 7b 1c 00 00 df 8b 01 00 b3 1e e1 13 01 00 00 00 8e 02 76 10 55 03 00 00 00 00 96 00 7e 27 00 00 7e 27 00 00 c8 8c 09 fb 02 d1 01 c9 01 00 00 01 00 00 00 00 00 00 00 00 
[1786973507499] a0 7b 1c 00 00 7b 1c 00 00 df 8b 01 00 b3 1e e1 13 01 00 00 00 8e 02 76 10 55 03 00 00 00 00 96 00 7e 27 00 00 7e 27 00 00 c8 8c 09 fb 02 d1 01 c9 01 00 00 01 00 00 00 00 00 00 00 00 
[1786973508499] a0 7b 1c 00 00 7b 1c 00 00 df 8b 01 00 b3 1e e1 13 01 00 00 00 8e 02 76 10 55 03 00 00 00 00 96 00 7e 27 00 00 7e 27 00 00 c8 8c 09 fb 02 d0 01 c9 01 00 00 01 00 00 00 00 00 00 00 00 
[1786973508499] a0 7b 1c 00 00 7b 1c 00 00 df 8b 01 00 b3 1e e1 13 01 00 00 00 8e 02 76 10 55 03 00 00 00 00 96 00 7e 27 00 00 7e 27 00 00 c8 8c 09 fb 02 d0 01 c9 01 00 00 01 00 00 00 00 00 00 00 00 
[1786973508834] 1e 
[1786973509022] 6b 60 7e e2 7d 07 01 63 00 a2 00 00 10 00 00 
[1786973509501] 1d 
[1786973509501] a0 7b 1c 00 00 7b 1c 00 00 df 8b 01 00 b3 1e e1 13 01 00 00 00 8e 02 76 10 55 03 00 00 00 00 96 00 7e 27 00 00 7e 27 00 00 c8 8c 09 fb 02 cf 01 c9 01 00 00 01 00 00 00 00 00 00 00 00 
[1786973509501] a0 7b 1c 00 00 7b 1c 00 00 df 8b 01 00 b3 1e e1 13 01 00 00 00 8e 02 76 10 55 03 00 00 00 00 96 00 7e 27 00 00 7e 27 00 00 c8 8c 09 fb 02 cf 01 c9 01 00 00 01 00 00 00 00 00 00 00 00 
[1786973510343] ef 0c 20 
[1786973510501] a0 7b 1c 00 00 7b 1c 00 00 df 8b 01 00 b3 1e e1 13 01 00 00 00 8e 02 76 10 55 03 00 00 00 00 96 00 7e 27 00 00 7e 27 00 00 c8 8c 09 fb 02 ce 01 c9 01 00 00 01 00 00 00 00 00 00 00 00 
[1786973510501] a0 7b 1c 00 00 7b 1c 00 00 df 8b 01 00 b3 1e e1 13 01 00 00 00 8e 02 76 10 55 03 00 00 00 00 96 00 7e 27 00 00 7e 27 00 00 c8 8c 09 fb 02 ce 01 c9 01 00 00 01 00 00 00 00 00 00 00 00 
[1786973511504] a0 7b 1c 00 00 7b 1c 00 00 df 8b 01 00 b3 1e e1 13 01 00 00 00 8e 02 76 10 55 03 00 00 00 00 96 00 7e 27 00 00 7e 27 00 00 c8 8c 09 fb 02 cd 01 c9 01 00 00 01 00 00 00 00 00 00 00 00 
[1786973511504] a0 7b 1c 00 00 7b 1c 00 00 df 8b 01 00 b3 1e e1 13 01 00 00 00 8e 02 76 10 55 03 00 00 00 00 96 00 7e 27 00 00 7e 27 00 00 c8 8c 09 fb 02 cd 01 c9 01 00 00 01 00 00 00 00 00 00 00 00 
[1786973512504] a0 7b 1c 00 00 7b 1c 00 00 df 8b 01 00 b3 1e e1 13 01 00 00 00 8e 02 76 10 55 03 00 00 00 00 96 00 7e 27 00 00 7e 27 00 00 c8 8c 09 fb 02 cc 01 c9 01 00 00 01 00 00 00 00 00 00 00 00 
[1786973512504] a0 7b 1c 00 00 7b 1c 00 00 df 8b 01 00 b3 1e e1 13 01 00 00 00 8e 02 76 10 55 03 00 00 00 00 96 00 7e 27 00 00 7e 27 00 00 c8 8c 09 fb 02 cc 01 c9 01 00 00 01 00 00 00 00 00 00 00 00 
[1786973512891] aa 36 67 00 00 06 00 45 6e 65 6d 6d 79 00 ac 02 01 62 7e e2 7d 07 07 00 6f 20 6b 75 72 77 61 
[1786973513504] a0 7b 1c 00 00 7b 1c 00 00 df 8b 01 00 b3 1e e1 13 01 00 00 00 8e 02 76 10 55 03 00 00 00 00 96 00 7e 27 00 00 7e 27 00 00 c8 8c 09 fb 02 cb 01 c9 01 00 00 01 00 00 00 00 00 00 00 00 
[1786973513504] a0 7b 1c 00 00 7b 1c 00 00 df 8b 01 00 b3 1e e1 13 01 00 00 00 8e 02 76 10 55 03 00 00 00 00 96 00 7e 27 00 00 7e 27 00 00 c8 8c 09 fb 02 cb 01 c9 01 00 00 01 00 00 00 00 00 00 00 00 
[1786973514086] 1e 
[1786973514504] 1d 
[1786973514504] a0 7b 1c 00 00 7b 1c 00 00 df 8b 01 00 b3 1e e1 13 01 00 00 00 8e 02 76 10 55 03 00 00 00 00 96 00 7e 27 00 00 7e 27 00 00 c8 8c 09 fb 02 ca 01 c9 01 00 00 01 00 00 00 00 00 00 00 00 
[1786973514504] a0 7b 1c 00 00 7b 1c 00 00 df 8b 01 00 b3 1e e1 13 01 00 00 00 8e 02 76 10 55 03 00 00 00 00 96 00 7e 27 00 00 7e 27 00 00 c8 8c 09 fb 02 ca 01 c9 01 00 00 01 00 00 00 00 00 00 00 00 
[1786973515037] aa 38 67 00 00 06 00 45 6e 65 6d 6d 79 00 ac 02 01 62 7e e2 7d 07 18 00 74 79 20 6d 6e 69 65 20 6a 75 74 72 6f 20 70 72 7a 65 67 6f 6e 69 73 7a 
[1786973515507] a0 7b 1c 00 00 7b 1c 00 00 df 8b 01 00 b3 1e e1 13 01 00 00 00 8e 02 76 10 55 03 00 00 00 00 96 00 7e 27 00 00 7e 27 00 00 c8 8c 09 fb 02 c9 01 c9 01 00 00 01 00 00 00 00 00 00 00 00 
[1786973515507] a0 7b 1c 00 00 7b 1c 00 00 df 8b 01 00 b3 1e e1 13 01 00 00 00 8e 02 76 10 55 03 00 00 00 00 96 00 7e 27 00 00 7e 27 00 00 c8 8c 09 fb 02 c9 01 c9 01 00 00 01 00 00 00 00 00 00 00 00 
[1786973516507] a0 7b 1c 00 00 7b 1c 00 00 df 8b 01 00 b3 1e e1 13 01 00 00 00 8e 02 76 10 55 03 00 00 00 00 96 00 7e 27 00 00 7e 27 00 00 c8 8c 09 fb 02 c8 01 c9 01 00 00 01 00 00 00 00 00 00 00 00 
[1786973516507] a0 7b 1c 00 00 7b 1c 00 00 df 8b 01 00 b3 1e e1 13 01 00 00 00 8e 02 76 10 55 03 00 00 00 00 96 00 7e 27 00 00 7e 27 00 00 c8 8c 09 fb 02 c8 01 c9 01 00 00 01 00 00 00 00 00 00 00 00 
[1786973517509] a0 7b 1c 00 00 7b 1c 00 00 df 8b 01 00 b3 1e e1 13 01 00 00 00 8e 02 76 10 55 03 00 00 00 00 96 00 7e 27 00 00 7e 27 00 00 c8 8c 09 fb 02 c7 01 c9 01 00 00 01 00 00 00 00 00 00 00 00 
[1786973517509] a0 7b 1c 00 00 7b 1c 00 00 df 8b 01 00 b3 1e e1 13 01 00 00 00 8e 02 76 10 55 03 00 00 00 00 96 00 7e 27 00 00 7e 27 00 00 c8 8c 09 fb 02 c7 01 c9 01 00 00 01 00 00 00 00 00 00 00 00 
[1786973518510] a0 7b 1c 00 00 7b 1c 00 00 df 8b 01 00 b3 1e e1 13 01 00 00 00 8e 02 76 10 55 03 00 00 00 00 96 00 7e 27 00 00 7e 27 00 00 c8 8c 09 fb 02 c6 01 c9 01 00 00 01 00 00 00 00 00 00 00 00 
[1786973518510] a0 7b 1c 00 00 7b 1c 00 00 df 8b 01 00 b3 1e e1 13 01 00 00 00 8e 02 76 10 55 03 00 00 00 00 96 00 7e 27 00 00 7e 27 00 00 c8 8c 09 fb 02 c6 01 c9 01 00 00 01 00 00 00 00 00 00 00 00 
[1786973519461] aa 3b 67 00 00 06 00 45 6e 65 6d 6d 79 00 ac 02 24 62 7e e2 7d 07 06 00 4d 75 6e 63 68 2e 
[1786973519461] 83 62 7e e2 7d 07 06 02 f3 0a 00 
[1786973519518] 1d 
[1786973519518] a0 7b 1c 00 00 7b 1c 00 00 df 8b 01 00 b3 1e e1 13 01 00 00 00 8e 02 76 10 55 03 00 00 00 00 96 00 7e 27 00 00 7e 27 00 00 c8 8c 09 fb 02 c5 01 c9 01 00 00 01 00 00 00 00 00 00 00 00 
[1786973519518] a0 7b 1c 00 00 7b 1c 00 00 df 8b 01 00 b3 1e e1 13 01 00 00 00 8e 02 76 10 55 03 00 00 00 00 96 00 7e 27 00 00 7e 27 00 00 c8 8c 09 fb 02 c5 01 c9 01 00 00 01 00 00 00 00 00 00 00 00 
[1786973519580] 1e 
[1786973520344] ef 0c 24 
[1786973520518] a0 7b 1c 00 00 7b 1c 00 00 df 8b 01 00 b3 1e e1 13 01 00 00 00 8e 02 76 10 55 03 00 00 00 00 96 00 7e 27 00 00 7e 27 00 00 c8 8c 09 fb 02 c4 01 c9 01 00 00 01 00 00 00 00 00 00 00 00 
[1786973520518] a0 7b 1c 00 00 7b 1c 00 00 df 8b 01 00 b3 1e e1 13 01 00 00 00 8e 02 76 10 55 03 00 00 00 00 96 00 7e 27 00 00 7e 27 00 00 c8 8c 09 fb 02 c4 01 c9 01 00 00 01 00 00 00 00 00 00 00 00 
[1786973521519] a0 7b 1c 00 00 7b 1c 00 00 df 8b 01 00 b3 1e e1 13 01 00 00 00 8e 02 76 10 55 03 00 00 00 00 96 00 7e 27 00 00 7e 27 00 00 c8 8c 09 fb 02 c3 01 c9 01 00 00 01 00 00 00 00 00 00 00 00 
[1786973521519] a0 7b 1c 00 00 7b 1c 00 00 df 8b 01 00 b3 1e e1 13 01 00 00 00 8e 02 76 10 55 03 00 00 00 00 96 00 7e 27 00 00 7e 27 00 00 c8 8c 09 fb 02 c3 01 c9 01 00 00 01 00 00 00 00 00 00 00 00 
[1786973522533] a0 7b 1c 00 00 7b 1c 00 00 df 8b 01 00 b3 1e e1 13 01 00 00 00 8e 02 76 10 55 03 00 00 00 00 96 00 7e 27 00 00 7e 27 00 00 c8 8c 09 fb 02 c2 01 c9 01 00 00 01 00 00 00 00 00 00 00 00 
[1786973522533] a0 7b 1c 00 00 7b 1c 00 00 df 8b 01 00 b3 1e e1 13 01 00 00 00 8e 02 76 10 55 03 00 00 00 00 96 00 7e 27 00 00 7e 27 00 00 c8 8c 09 fb 02 c2 01 c9 01 00 00 01 00 00 00 00 00 00 00 00 
[1786973523534] a0 7b 1c 00 00 7b 1c 00 00 df 8b 01 00 b3 1e e1 13 01 00 00 00 8e 02 76 10 55 03 00 00 00 00 96 00 7e 27 00 00 7e 27 00 00 c8 8c 09 fb 02 c1 01 c9 01 00 00 01 00 00 00 00 00 00 00 00 
[1786973523534] a0 7b 1c 00 00 7b 1c 00 00 df 8b 01 00 b3 1e e1 13 01 00 00 00 8e 02 76 10 55 03 00 00 00 00 96 00 7e 27 00 00 7e 27 00 00 c8 8c 09 fb 02 c1 01 c9 01 00 00 01 00 00 00 00 00 00 00 00 
[1786973523777] d3 54 00 00 00 03 
[1786973524534] 1d 
[1786973524534] a0 7b 1c 00 00 7b 1c 00 00 df 8b 01 00 b3 1e e1 13 01 00 00 00 8e 02 76 10 55 03 00 00 00 00 96 00 7e 27 00 00 7e 27 00 00 c8 8c 09 fb 02 c0 01 c9 01 00 00 01 00 00 00 00 00 00 00 00 
[1786973524534] a0 7b 1c 00 00 7b 1c 00 00 df 8b 01 00 b3 1e e1 13 01 00 00 00 8e 02 76 10 55 03 00 00 00 00 96 00 7e 27 00 00 7e 27 00 00 c8 8c 09 fb 02 c0 01 c9 01 00 00 01 00 00 00 00 00 00 00 00 
[1786973524925] b1 00 01 08 00 53 79 6c 76 61 72 69 61 08 00 53 79 6c 76 61 72 69 61 00 00 07 ff ff ff ff 05 00 28 61 6c 6c 29 00 00 00 00 04 00 4e 6f 6e 65 01 00 00 00 08 00 53 6f 72 63 65 72 65 72 02 00 00 00 05 00 44 72 75 69 64 03 00 00 00 07 00 50 61 6c 61 64 69 6e 04 00 00 00 06 00 4b 6e 69 67 68 74 05 00 00 00 04 00 4d 6f 6e 6b ff ff ff ff 0d 0f 14 00 42 6f 75 6e 74 79 20 50 6f 69 6e 74 73 20 65 61 72 6e 65 64 0e 0b 00 42 6f 73 73 20 50 6f 69 6e 74 73 00 11 00 45 78 70 65 72 69 65 6e 63 65 20 50 6f 69 6e 74 73 01 0d 00 46 69 73 74 20 46 69 67 68 74 69 6e 67 02 0d 00 43 6c 75 62 20 46 69 67 68 74 69 6e 67 03 0e 00 53 77 6f 72 64 20 46 69 67 68 74 69 6e 67 04 0c 00 41 78 65 20 46 69 67 68 74 69 6e 67 05 11 00 44 69 73 74 61 6e 63 65 20 46 69 67 68 74 69 6e 67 06 09 00 53 68 69 65 6c 64 69 6e 67 07 07 00 46 69 73 68 69 6e 67 08 0b 00 4d 61 67 69 63 20 4c 65 76 65 6c 09 0e 00 4c 6f 79 61 6c 74 79 20 50 6f 69 6e 74 73 10 16 00 57 65 65 6b 6c 79 20 54 61 73 6b 73 20 63 6f 6d 70 6c 65 74 65 64 00 01 00 04 00 14 01 00 00 00 06 00 4d 61 79 6b 61 68 00 00 0b 08 00 53 79 6c 76 61 72 69 61 07 03 00 3f 94 88 cc 01 00 00 00 02 00 00 00 09 00 52 6f 64 69 6d 75 73 65 6b 00 00 0c 08 00 53 79 6c 76 61 72 69 61 d6 02 00 e8 c1 3d 79 01 00 00 00 03 00 00 00 06 00 45 6e 65 6d 6d 79 00 00 0b 08 00 53 79 6c 76 61 72 69 61 ac 02 00 53 6e 37 3b 01 00 00 00 04 00 00 00 08 00 4b 75 6b 75 72 65 6a 61 00 00 0c 08 00 53 79 6c 76 61 72 69 61 87 02 01 57 7f 4a 0b 01 00 00 00 05 00 00 00 06 00 42 69 6d 62 69 6d 00 00 0c 08 00 53 79 6c 76 61 72 69 61 6a 02 00 fd 7c c0 e8 00 00 00 00 06 00 00 00 05 00 41 6c 72 61 69 00 00 0d 08 00 53 79 6c 76 61 72 69 61 61 02 00 dc b7 d4 de 00 00 00 00 07 00 00 00 06 00 4b 6f 7a 69 6f 6c 00 00 0c 08 00 53 79 6c 76 61 72 69 61 5d 02 00 fd 99 9f da 00 00 00 00 08 00 00 00 03 00 5a 61 63 00 00 0c 08 00 53 79 6c 76 61 72 69 61 21 02 00 27 b6 5a 9f 00 00 00 00 09 00 00 00 0c 00 58 78 78 68 65 6c 70 69 6e 78 78 78 00 00 0c 08 00 53 79 6c 76 61 72 69 61 11 02 00 1f d6 c5 91 00 00 00 00 0a 00 00 00 06 00 54 69 73 6b 6f 76 00 00 0b 08 00 53 79 6c 76 61 72 69 61 e9 01 00 65 3f 01 73 00 00 00 00 0b 00 00 00 08 00 4d 61 6c 75 74 6b 79 79 00 00 0e 08 00 53 79 6c 76 61 72 69 61 e6 01 00 e1 67 48 71 00 00 00 00 0c 00 00 00 0b 00 4a 61 6e 70 61 77 65 6c 73 6f 6e 00 00 0d 08 00 53 79 6c 76 61 72 69 61 ac 01 00 1d fd 4b 4d 00 00 00 00 0d 00 00 00 09 00 4d 61 73 74 65 72 69 6b 73 00 00 0b 08 00 53 79 6c 76 61 72 69 61 a4 01 00 94 64 a8 48 00 00 00 00 0e 00 00 00 0c 00 57 69 73 6c 61 20 53 68 61 72 6b 73 00 00 0f 08 00 53 79 6c 76 61 72 69 61 7b 01 00 ca 04 54 35 00 00 00 00 0f 00 00 00 05 00 42 69 73 6f 6e 00 00 0e 08 00 53 79 6c 76 61 72 69 61 7b 01 00 b0 8e 3d 35 00 00 00 00 10 00 00 00 05 00 4d 61 67 68 61 00 00 0b 08 00 53 79 6c 76 61 72 69 61 3e 01 00 b5 0a 5f 1f 00 00 00 00 11 00 00 00 06 00 52 6f 6e 6f 72 73 00 00 0d 08 00 53 79 6c 76 61 72 69 61 3c 01 00 68 59 03 1f 00 00 00 00 12 00 00 00 09 00 53 6f 6c 69 64 20 53 6f 6e 00 00 0f 08 00 53 79 6c 76 61 72 69 61 2f 01 00 2a 80 59 1b 00 00 00 00 13 00 00 00 08 00 57 65 73 74 20 49 63 65 00 00 0e 08 00 53 79 6c 76 61 72 69 61 1b 01 00 e1 2f 3d 16 00 00 00 00 14 00 00 00 07 00 53 7a 6f 6e 6f 6c 6f 00 00 0e 08 00 53 79 6c 76 61 72 69 61 04 01 00 4f 20 25 11 00 00 00 00 ff 00 01 54 0d 83 6a 
[1786973525437] 1e 
[1786973525535] a0 7b 1c 00 00 7b 1c 00 00 df 8b 01 00 b3 1e e1 13 01 00 00 00 8e 02 76 10 55 03 00 00 00 00 96 00 7e 27 00 00 7e 27 00 00 c8 8c 09 fb 02 bf 01 c9 01 00 00 01 00 00 00 00 00 00 00 00 
[1786973525535] a0 7b 1c 00 00 7b 1c 00 00 df 8b 01 00 b3 1e e1 13 01 00 00 00 8e 02 76 10 55 03 00 00 00 00 96 00 7e 27 00 00 7e 27 00 00 c8 8c 09 fb 02 bf 01 c9 01 00 00 01 00 00 00 00 00 00 00 00 
[1786973526536] a0 7b 1c 00 00 7b 1c 00 00 df 8b 01 00 b3 1e e1 13 01 00 00 00 8e 02 76 10 55 03 00 00 00 00 96 00 7e 27 00 00 7e 27 00 00 c8 8c 09 fb 02 be 01 c9 01 00 00 01 00 00 00 00 00 00 00 00 
[1786973526536] a0 7b 1c 00 00 7b 1c 00 00 df 8b 01 00 b3 1e e1 13 01 00 00 00 8e 02 76 10 55 03 00 00 00 00 96 00 7e 27 00 00 7e 27 00 00 c8 8c 09 fb 02 be 01 c9 01 00 00 01 00 00 00 00 00 00 00 00 
[1786973527537] a0 7b 1c 00 00 7b 1c 00 00 df 8b 01 00 b3 1e e1 13 01 00 00 00 8e 02 76 10 55 03 00 00 00 00 96 00 7e 27 00 00 7e 27 00 00 c8 8c 09 fb 02 bd 01 c9 01 00 00 01 00 00 00 00 00 00 00 00 
[1786973527537] a0 7b 1c 00 00 7b 1c 00 00 df 8b 01 00 b3 1e e1 13 01 00 00 00 8e 02 76 10 55 03 00 00 00 00 96 00 7e 27 00 00 7e 27 00 00 c8 8c 09 fb 02 bd 01 c9 01 00 00 01 00 00 00 00 00 00 00 00 
[1786973528537] a0 7b 1c 00 00 7b 1c 00 00 df 8b 01 00 b3 1e e1 13 01 00 00 00 8e 02 76 10 55 03 00 00 00 00 96 00 7e 27 00 00 7e 27 00 00 c8 8c 09 fb 02 bc 01 c9 01 00 00 01 00 00 00 00 00 00 00 00 
[1786973528537] a0 7b 1c 00 00 7b 1c 00 00 df 8b 01 00 b3 1e e1 13 01 00 00 00 8e 02 76 10 55 03 00 00 00 00 96 00 7e 27 00 00 7e 27 00 00 c8 8c 09 fb 02 bc 01 c9 01 00 00 01 00 00 00 00 00 00 00 00 
[1786973529539] 1d 
[1786973529539] a0 7b 1c 00 00 7b 1c 00 00 df 8b 01 00 b3 1e e1 13 01 00 00 00 8e 02 76 10 55 03 00 00 00 00 96 00 7e 27 00 00 7e 27 00 00 c8 8c 09 fb 02 bb 01 c9 01 00 00 01 00 00 00 00 00 00 00 00 
[1786973529539] a0 7b 1c 00 00 7b 1c 00 00 df 8b 01 00 b3 1e e1 13 01 00 00 00 8e 02 76 10 55 03 00 00 00 00 96 00 7e 27 00 00 7e 27 00 00 c8 8c 09 fb 02 bb 01 c9 01 00 00 01 00 00 00 00 00 00 00 00 
[1786973530344] ef 0c 28 
[1786973530539] a0 7b 1c 00 00 7b 1c 00 00 df 8b 01 00 b3 1e e1 13 01 00 00 00 8e 02 76 10 55 03 00 00 00 00 96 00 7e 27 00 00 7e 27 00 00 c8 8c 09 fb 02 ba 01 c9 01 00 00 01 00 00 00 00 00 00 00 00 
[1786973530539] a0 7b 1c 00 00 7b 1c 00 00 df 8b 01 00 b3 1e e1 13 01 00 00 00 8e 02 76 10 55 03 00 00 00 00 96 00 7e 27 00 00 7e 27 00 00 c8 8c 09 fb 02 ba 01 c9 01 00 00 01 00 00 00 00 00 00 00 00 
[1786973530592] 1e 
[1786973531561] a0 7b 1c 00 00 7b 1c 00 00 df 8b 01 00 b3 1e e1 13 01 00 00 00 8e 02 76 10 55 03 00 00 00 00 96 00 7e 27 00 00 7e 27 00 00 c8 8c 09 fb 02 b9 01 c9 01 00 00 01 00 00 00 00 00 00 00 00 
[1786973531561] a0 7b 1c 00 00 7b 1c 00 00 df 8b 01 00 b3 1e e1 13 01 00 00 00 8e 02 76 10 55 03 00 00 00 00 96 00 7e 27 00 00 7e 27 00 00 c8 8c 09 fb 02 b9 01 c9 01 00 00 01 00 00 00 00 00 00 00 00 
[1786973532562] a0 7b 1c 00 00 7b 1c 00 00 df 8b 01 00 b3 1e e1 13 01 00 00 00 8e 02 76 10 55 03 00 00 00 00 96 00 7e 27 00 00 7e 27 00 00 c8 8c 09 fb 02 b8 01 c9 01 00 00 01 00 00 00 00 00 00 00 00 
[1786973532562] a0 7b 1c 00 00 7b 1c 00 00 df 8b 01 00 b3 1e e1 13 01 00 00 00 8e 02 76 10 55 03 00 00 00 00 96 00 7e 27 00 00 7e 27 00 00 c8 8c 09 fb 02 b8 01 c9 01 00 00 01 00 00 00 00 00 00 00 00 
[1786973533562] a0 7b 1c 00 00 7b 1c 00 00 df 8b 01 00 b3 1e e1 13 01 00 00 00 8e 02 76 10 55 03 00 00 00 00 96 00 7e 27 00 00 7e 27 00 00 c8 8c 09 fb 02 b7 01 c9 01 00 00 01 00 00 00 00 00 00 00 00 
[1786973533562] a0 7b 1c 00 00 7b 1c 00 00 df 8b 01 00 b3 1e e1 13 01 00 00 00 8e 02 76 10 55 03 00 00 00 00 96 00 7e 27 00 00 7e 27 00 00 c8 8c 09 fb 02 b7 01 c9 01 00 00 01 00 00 00 00 00 00 00 00 
[1786973534564] 1d 
[1786973534564] a0 7b 1c 00 00 7b 1c 00 00 df 8b 01 00 b3 1e e1 13 01 00 00 00 8e 02 76 10 55 03 00 00 00 00 96 00 7e 27 00 00 7e 27 00 00 c8 8c 09 fb 02 b6 01 c9 01 00 00 01 00 00 00 00 00 00 00 00 
[1786973534564] a0 7b 1c 00 00 7b 1c 00 00 df 8b 01 00 b3 1e e1 13 01 00 00 00 8e 02 76 10 55 03 00 00 00 00 96 00 7e 27 00 00 7e 27 00 00 c8 8c 09 fb 02 b6 01 c9 01 00 00 01 00 00 00 00 00 00 00 00 
[1786973535565] a0 7b 1c 00 00 7b 1c 00 00 df 8b 01 00 b3 1e e1 13 01 00 00 00 8e 02 76 10 55 03 00 00 00 00 96 00 7e 27 00 00 7e 27 00 00 c8 8c 09 fb 02 b5 01 c9 01 00 00 01 00 00 00 00 00 00 00 00 
[1786973535565] a0 7b 1c 00 00 7b 1c 00 00 df 8b 01 00 b3 1e e1 13 01 00 00 00 8e 02 76 10 55 03 00 00 00 00 96 00 7e 27 00 00 7e 27 00 00 c8 8c 09 fb 02 b5 01 c9 01 00 00 01 00 00 00 00 00 00 00 00 
[1786973536566] a0 7b 1c 00 00 7b 1c 00 00 df 8b 01 00 b3 1e e1 13 01 00 00 00 8e 02 76 10 55 03 00 00 00 00 96 00 7e 27 00 00 7e 27 00 00 c8 8c 09 fb 02 b4 01 c9 01 00 00 01 00 00 00 00 00 00 00 00 
[1786973536566] a0 7b 1c 00 00 7b 1c 00 00 df 8b 01 00 b3 1e e1 13 01 00 00 00 8e 02 76 10 55 03 00 00 00 00 96 00 7e 27 00 00 7e 27 00 00 c8 8c 09 fb 02 b4 01 c9 01 00 00 01 00 00 00 00 00 00 00 00 
[1786973536632] 1e 
[1786973537581] a0 7b 1c 00 00 7b 1c 00 00 df 8b 01 00 b3 1e e1 13 01 00 00 00 8e 02 76 10 55 03 00 00 00 00 96 00 7e 27 00 00 7e 27 00 00 c8 8c 09 fb 02 b3 01 c9 01 00 00 01 00 00 00 00 00 00 00 00 
[1786973537581] a0 7b 1c 00 00 7b 1c 00 00 df 8b 01 00 b3 1e e1 13 01 00 00 00 8e 02 76 10 55 03 00 00 00 00 96 00 7e 27 00 00 7e 27 00 00 c8 8c 09 fb 02 b3 01 c9 01 00 00 01 00 00 00 00 00 00 00 00 
[1786973538581] a0 7b 1c 00 00 7b 1c 00 00 df 8b 01 00 b3 1e e1 13 01 00 00 00 8e 02 76 10 55 03 00 00 00 00 96 00 7e 27 00 00 7e 27 00 00 c8 8c 09 fb 02 b2 01 c9 01 00 00 01 00 00 00 00 00 00 00 00 
[1786973538581] a0 7b 1c 00 00 7b 1c 00 00 df 8b 01 00 b3 1e e1 13 01 00 00 00 8e 02 76 10 55 03 00 00 00 00 96 00 7e 27 00 00 7e 27 00 00 c8 8c 09 fb 02 b2 01 c9 01 00 00 01 00 00 00 00 00 00 00 00 
[1786973539582] 1d 
[1786973539582] a0 7b 1c 00 00 7b 1c 00 00 df 8b 01 00 b3 1e e1 13 01 00 00 00 8e 02 76 10 55 03 00 00 00 00 96 00 7e 27 00 00 7e 27 00 00 c8 8c 09 fb 02 b1 01 c9 01 00 00 01 00 00 00 00 00 00 00 00 
[1786973539582] a0 7b 1c 00 00 7b 1c 00 00 df 8b 01 00 b3 1e e1 13 01 00 00 00 8e 02 76 10 55 03 00 00 00 00 96 00 7e 27 00 00 7e 27 00 00 c8 8c 09 fb 02 b1 01 c9 01 00 00 01 00 00 00 00 00 00 00 00 
[1786973540344] ef 0c 2c 
[1786973540593] a0 7b 1c 00 00 7b 1c 00 00 df 8b 01 00 b3 1e e1 13 01 00 00 00 8e 02 76 10 55 03 00 00 00 00 96 00 7e 27 00 00 7e 27 00 00 c8 8c 09 fb 02 b0 01 c9 01 00 00 01 00 00 00 00 00 00 00 00 
[1786973540593] a0 7b 1c 00 00 7b 1c 00 00 df 8b 01 00 b3 1e e1 13 01 00 00 00 8e 02 76 10 55 03 00 00 00 00 96 00 7e 27 00 00 7e 27 00 00 c8 8c 09 fb 02 b0 01 c9 01 00 00 01 00 00 00 00 00 00 00 00 
[1786973541596] a0 7b 1c 00 00 7b 1c 00 00 df 8b 01 00 b3 1e e1 13 01 00 00 00 8e 02 76 10 55 03 00 00 00 00 96 00 7e 27 00 00 7e 27 00 00 c8 8c 09 fb 02 af 01 c9 01 00 00 01 00 00 00 00 00 00 00 00 
[1786973541596] a0 7b 1c 00 00 7b 1c 00 00 df 8b 01 00 b3 1e e1 13 01 00 00 00 8e 02 76 10 55 03 00 00 00 00 96 00 7e 27 00 00 7e 27 00 00 c8 8c 09 fb 02 af 01 c9 01 00 00 01 00 00 00 00 00 00 00 00 
[1786973542598] a0 7b 1c 00 00 7b 1c 00 00 df 8b 01 00 b3 1e e1 13 01 00 00 00 8e 02 76 10 55 03 00 00 00 00 96 00 7e 27 00 00 7e 27 00 00 c8 8c 09 fb 02 ae 01 c9 01 00 00 01 00 00 00 00 00 00 00 00 
[1786973542598] a0 7b 1c 00 00 7b 1c 00 00 df 8b 01 00 b3 1e e1 13 01 00 00 00 8e 02 76 10 55 03 00 00 00 00 96 00 7e 27 00 00 7e 27 00 00 c8 8c 09 fb 02 ae 01 c9 01 00 00 01 00 00 00 00 00 00 00 00 
[1786973542644] 1e 
[1786973543598] a0 7b 1c 00 00 7b 1c 00 00 df 8b 01 00 b3 1e e1 13 01 00 00 00 8e 02 76 10 55 03 00 00 00 00 96 00 7e 27 00 00 7e 27 00 00 c8 8c 09 fb 02 ad 01 c9 01 00 00 01 00 00 00 00 00 00 00 00 
[1786973543598] a0 7b 1c 00 00 7b 1c 00 00 df 8b 01 00 b3 1e e1 13 01 00 00 00 8e 02 76 10 55 03 00 00 00 00 96 00 7e 27 00 00 7e 27 00 00 c8 8c 09 fb 02 ad 01 c9 01 00 00 01 00 00 00 00 00 00 00 00 
[1786973544626] 1d 
[1786973544626] a0 7b 1c 00 00 7b 1c 00 00 df 8b 01 00 b3 1e e1 13 01 00 00 00 8e 02 76 10 55 03 00 00 00 00 96 00 7e 27 00 00 7e 27 00 00 c8 8c 09 fb 02 ac 01 c9 01 00 00 01 00 00 00 00 00 00 00 00 
[1786973544626] a0 7b 1c 00 00 7b 1c 00 00 df 8b 01 00 b3 1e e1 13 01 00 00 00 8e 02 76 10 55 03 00 00 00 00 96 00 7e 27 00 00 7e 27 00 00 c8 8c 09 fb 02 ac 01 c9 01 00 00 01 00 00 00 00 00 00 00 00 
[1786973545627] a0 7b 1c 00 00 7b 1c 00 00 df 8b 01 00 b3 1e e1 13 01 00 00 00 8e 02 76 10 55 03 00 00 00 00 96 00 7e 27 00 00 7e 27 00 00 c8 8c 09 fb 02 ab 01 c9 01 00 00 01 00 00 00 00 00 00 00 00 
[1786973545627] a0 7b 1c 00 00 7b 1c 00 00 df 8b 01 00 b3 1e e1 13 01 00 00 00 8e 02 76 10 55 03 00 00 00 00 96 00 7e 27 00 00 7e 27 00 00 c8 8c 09 fb 02 ab 01 c9 01 00 00 01 00 00 00 00 00 00 00 00 
[1786973546639] a0 7b 1c 00 00 7b 1c 00 00 df 8b 01 00 b3 1e e1 13 01 00 00 00 8e 02 76 10 55 03 00 00 00 00 96 00 7e 27 00 00 7e 27 00 00 c8 8c 09 fb 02 aa 01 c9 01 00 00 01 00 00 00 00 00 00 00 00 
[1786973546639] a0 7b 1c 00 00 7b 1c 00 00 df 8b 01 00 b3 1e e1 13 01 00 00 00 8e 02 76 10 55 03 00 00 00 00 96 00 7e 27 00 00 7e 27 00 00 c8 8c 09 fb 02 aa 01 c9 01 00 00 01 00 00 00 00 00 00 00 00 
[1786973547672] a0 7b 1c 00 00 7b 1c 00 00 df 8b 01 00 b3 1e e1 13 01 00 00 00 8e 02 76 10 55 03 00 00 00 00 96 00 7e 27 00 00 7e 27 00 00 c8 8c 09 fb 02 a9 01 c9 01 00 00 01 00 00 00 00 00 00 00 00 
[1786973547672] a0 7b 1c 00 00 7b 1c 00 00 df 8b 01 00 b3 1e e1 13 01 00 00 00 8e 02 76 10 55 03 00 00 00 00 96 00 7e 27 00 00 7e 27 00 00 c8 8c 09 fb 02 a9 01 c9 01 00 00 01 00 00 00 00 00 00 00 00 
[1786973548680] 1e 
[1786973548706] 6b 62 7e e2 7d 07 01 63 00 a5 00 00 10 02 00 
[1786973548706] a0 7b 1c 00 00 7b 1c 00 00 df 8b 01 00 b3 1e e1 13 01 00 00 00 8e 02 76 10 55 03 00 00 00 00 96 00 7e 27 00 00 7e 27 00 00 c8 8c 09 fb 02 a8 01 c9 01 00 00 01 00 00 00 00 00 00 00 00 
[1786973548706] a0 7b 1c 00 00 7b 1c 00 00 df 8b 01 00 b3 1e e1 13 01 00 00 00 8e 02 76 10 55 03 00 00 00 00 96 00 7e 27 00 00 7e 27 00 00 c8 8c 09 fb 02 a8 01 c9 01 00 00 01 00 00 00 00 00 00 00 00 
[1786973549706] 1d 
[1786973549706] a0 7b 1c 00 00 7b 1c 00 00 df 8b 01 00 b3 1e e1 13 01 00 00 00 8e 02 76 10 55 03 00 00 00 00 96 00 7e 27 00 00 7e 27 00 00 c8 8c 09 fb 02 a7 01 c9 01 00 00 01 00 00 00 00 00 00 00 00 
[1786973549706] a0 7b 1c 00 00 7b 1c 00 00 df 8b 01 00 b3 1e e1 13 01 00 00 00 8e 02 76 10 55 03 00 00 00 00 96 00 7e 27 00 00 7e 27 00 00 c8 8c 09 fb 02 a7 01 c9 01 00 00 01 00 00 00 00 00 00 00 00 
[1786973550344] ef 0c 30 
[1786973550707] a0 7b 1c 00 00 7b 1c 00 00 df 8b 01 00 b3 1e e1 13 01 00 00 00 8e 02 76 10 55 03 00 00 00 00 96 00 7e 27 00 00 7e 27 00 00 c8 8c 09 fb 02 a6 01 c9 01 00 00 01 00 00 00 00 00 00 00 00 
[1786973550707] a0 7b 1c 00 00 7b 1c 00 00 df 8b 01 00 b3 1e e1 13 01 00 00 00 8e 02 76 10 55 03 00 00 00 00 96 00 7e 27 00 00 7e 27 00 00 c8 8c 09 fb 02 a6 01 c9 01 00 00 01 00 00 00 00 00 00 00 00 
[1786973551708] a0 7b 1c 00 00 7b 1c 00 00 df 8b 01 00 b3 1e e1 13 01 00 00 00 8e 02 76 10 55 03 00 00 00 00 96 00 7e 27 00 00 7e 27 00 00 c8 8c 09 fb 02 a5 01 c9 01 00 00 01 00 00 00 00 00 00 00 00 
[1786973551708] a0 7b 1c 00 00 7b 1c 00 00 df 8b 01 00 b3 1e e1 13 01 00 00 00 8e 02 76 10 55 03 00 00 00 00 96 00 7e 27 00 00 7e 27 00 00 c8 8c 09 fb 02 a5 01 c9 01 00 00 01 00 00 00 00 00 00 00 00 
[1786973552717] a0 7b 1c 00 00 7b 1c 00 00 df 8b 01 00 b3 1e e1 13 01 00 00 00 8e 02 76 10 55 03 00 00 00 00 96 00 7e 27 00 00 7e 27 00 00 c8 8c 09 fb 02 a4 01 c9 01 00 00 01 00 00 00 00 00 00 00 00 
[1786973552717] a0 7b 1c 00 00 7b 1c 00 00 df 8b 01 00 b3 1e e1 13 01 00 00 00 8e 02 76 10 55 03 00 00 00 00 96 00 7e 27 00 00 7e 27 00 00 c8 8c 09 fb 02 a4 01 c9 01 00 00 01 00 00 00 00 00 00 00 00 
[1786973553743] a0 7b 1c 00 00 7b 1c 00 00 df 8b 01 00 b3 1e e1 13 01 00 00 00 8e 02 76 10 55 03 00 00 00 00 96 00 7e 27 00 00 7e 27 00 00 c8 8c 09 fb 02 a3 01 c9 01 00 00 01 00 00 00 00 00 00 00 00 
[1786973553743] a0 7b 1c 00 00 7b 1c 00 00 df 8b 01 00 b3 1e e1 13 01 00 00 00 8e 02 76 10 55 03 00 00 00 00 96 00 7e 27 00 00 7e 27 00 00 c8 8c 09 fb 02 a3 01 c9 01 00 00 01 00 00 00 00 00 00 00 00 
[1786973553794] 1e 
[1786973554744] 1d 
[1786973554744] a0 7b 1c 00 00 7b 1c 00 00 df 8b 01 00 b3 1e e1 13 01 00 00 00 8e 02 76 10 55 03 00 00 00 00 96 00 7e 27 00 00 7e 27 00 00 c8 8c 09 fb 02 a2 01 c9 01 00 00 01 00 00 00 00 00 00 00 00 
[1786973554744] a0 7b 1c 00 00 7b 1c 00 00 df 8b 01 00 b3 1e e1 13 01 00 00 00 8e 02 76 10 55 03 00 00 00 00 96 00 7e 27 00 00 7e 27 00 00 c8 8c 09 fb 02 a2 01 c9 01 00 00 01 00 00 00 00 00 00 00 00 
[1786973555745] a0 7b 1c 00 00 7b 1c 00 00 df 8b 01 00 b3 1e e1 13 01 00 00 00 8e 02 76 10 55 03 00 00 00 00 96 00 7e 27 00 00 7e 27 00 00 c8 8c 09 fb 02 a1 01 c9 01 00 00 01 00 00 00 00 00 00 00 00 
[1786973555745] a0 7b 1c 00 00 7b 1c 00 00 df 8b 01 00 b3 1e e1 13 01 00 00 00 8e 02 76 10 55 03 00 00 00 00 96 00 7e 27 00 00 7e 27 00 00 c8 8c 09 fb 02 a1 01 c9 01 00 00 01 00 00 00 00 00 00 00 00 
[1786973556381] 8f a5 00 00 10 19 03 b4 03 
[1786973556381] 8e a5 00 00 10 73 07 51 72 72 00 03 00 00 
[1786973556745] 6b 62 7e e2 7d 07 01 63 00 a5 00 00 10 00 00 
[1786973556746] a0 7b 1c 00 00 7b 1c 00 00 df 8b 01 00 b3 1e e1 13 01 00 00 00 8e 02 76 10 55 03 00 00 00 00 96 00 7e 27 00 00 7e 27 00 00 c8 8c 09 fb 02 a0 01 ca 01 00 00 01 00 00 00 00 00 00 00 00 
[1786973556746] a0 7b 1c 00 00 7b 1c 00 00 df 8b 01 00 b3 1e e1 13 01 00 00 00 8e 02 76 10 55 03 00 00 00 00 96 00 7e 27 00 00 7e 27 00 00 c8 8c 09 fb 02 a0 01 ca 01 00 00 01 00 00 00 00 00 00 00 00 
[1786973556746] a0 7b 1c 00 00 7b 1c 00 00 df 8b 01 00 b3 1e e1 13 01 00 00 00 8e 02 76 10 55 03 00 00 00 00 96 00 7e 27 00 00 7e 27 00 00 c8 8c 09 fb 02 a0 01 ca 01 00 00 01 00 00 00 00 00 00 00 00 
[1786973556901] 6b 62 7e e2 7d 07 01 63 00 a5 00 00 10 01 00 
[1786973557091] 6b 62 7e e2 7d 07 01 63 00 a5 00 00 10 02 00 
[1786973557225] 6b 62 7e e2 7d 07 01 63 00 a5 00 00 10 03 00 
[1786973557419] 6b 62 7e e2 7d 07 01 63 00 a5 00 00 10 00 00 
[1786973557746] a0 7b 1c 00 00 7b 1c 00 00 df 8b 01 00 b3 1e e1 13 01 00 00 00 8e 02 76 10 55 03 00 00 00 00 96 00 7e 27 00 00 7e 27 00 00 c8 8c 09 fb 02 9f 01 ca 01 00 00 01 00 00 00 00 00 00 00 00 
[1786973557746] a0 7b 1c 00 00 7b 1c 00 00 df 8b 01 00 b3 1e e1 13 01 00 00 00 8e 02 76 10 55 03 00 00 00 00 96 00 7e 27 00 00 7e 27 00 00 c8 8c 09 fb 02 9f 01 ca 01 00 00 01 00 00 00 00 00 00 00 00 
[1786973557903] 6b 62 7e e2 7d 07 01 63 00 a5 00 00 10 02 00 
[1786973557961] 6b 62 7e e2 7d 07 01 63 00 a5 00 00 10 01 00 
[1786973558035] 6b 62 7e e2 7d 07 01 63 00 a5 00 00 10 02 00 
[1786973558277] 6b 62 7e e2 7d 07 01 63 00 a5 00 00 10 03 00 
[1786973558421] 6b 62 7e e2 7d 07 01 63 00 a5 00 00 10 00 00 
[1786973558755] a0 7b 1c 00 00 7b 1c 00 00 df 8b 01 00 b3 1e e1 13 01 00 00 00 8e 02 76 10 55 03 00 00 00 00 96 00 7e 27 00 00 7e 27 00 00 c8 8c 09 fb 02 9e 01 ca 01 00 00 01 00 00 00 00 00 00 00 00 
[1786973558755] a0 7b 1c 00 00 7b 1c 00 00 df 8b 01 00 b3 1e e1 13 01 00 00 00 8e 02 76 10 55 03 00 00 00 00 96 00 7e 27 00 00 7e 27 00 00 c8 8c 09 fb 02 9e 01 ca 01 00 00 01 00 00 00 00 00 00 00 00 
[1786973559757] 1d 
[1786973559757] a0 7b 1c 00 00 7b 1c 00 00 df 8b 01 00 b3 1e e1 13 01 00 00 00 8e 02 76 10 55 03 00 00 00 00 96 00 7e 27 00 00 7e 27 00 00 c8 8c 09 fb 02 9d 01 ca 01 00 00 01 00 00 00 00 00 00 00 00 
[1786973559757] a0 7b 1c 00 00 7b 1c 00 00 df 8b 01 00 b3 1e e1 13 01 00 00 00 8e 02 76 10 55 03 00 00 00 00 96 00 7e 27 00 00 7e 27 00 00 c8 8c 09 fb 02 9d 01 ca 01 00 00 01 00 00 00 00 00 00 00 00 
[1786973559839] 1e 
[1786973560344] ef 0c 34 
[1786973560758] a0 7b 1c 00 00 7b 1c 00 00 df 8b 01 00 b3 1e e1 13 01 00 00 00 8e 02 76 10 55 03 00 00 00 00 96 00 7e 27 00 00 7e 27 00 00 c8 8c 09 fb 02 9c 01 ca 01 00 00 01 00 00 00 00 00 00 00 00 
[1786973560758] a0 7b 1c 00 00 7b 1c 00 00 df 8b 01 00 b3 1e e1 13 01 00 00 00 8e 02 76 10 55 03 00 00 00 00 96 00 7e 27 00 00 7e 27 00 00 c8 8c 09 fb 02 9c 01 ca 01 00 00 01 00 00 00 00 00 00 00 00 
[1786973561759] a0 7b 1c 00 00 7b 1c 00 00 df 8b 01 00 b3 1e e1 13 01 00 00 00 8e 02 76 10 55 03 00 00 00 00 96 00 7e 27 00 00 7e 27 00 00 c8 8c 09 fb 02 9b 01 ca 01 00 00 01 00 00 00 00 00 00 00 00 
[1786973561759] a0 7b 1c 00 00 7b 1c 00 00 df 8b 01 00 b3 1e e1 13 01 00 00 00 8e 02 76 10 55 03 00 00 00 00 96 00 7e 27 00 00 7e 27 00 00 c8 8c 09 fb 02 9b 01 ca 01 00 00 01 00 00 00 00 00 00 00 00 
[1786973562760] a0 7b 1c 00 00 7b 1c 00 00 df 8b 01 00 b3 1e e1 13 01 00 00 00 8e 02 76 10 55 03 00 00 00 00 96 00 7e 27 00 00 7e 27 00 00 c8 8c 09 fb 02 9a 01 ca 01 00 00 01 00 00 00 00 00 00 00 00 
[1786973562760] a0 7b 1c 00 00 7b 1c 00 00 df 8b 01 00 b3 1e e1 13 01 00 00 00 8e 02 76 10 55 03 00 00 00 00 96 00 7e 27 00 00 7e 27 00 00 c8 8c 09 fb 02 9a 01 ca 01 00 00 01 00 00 00 00 00 00 00 00 
[1786973563760] a0 7b 1c 00 00 7b 1c 00 00 df 8b 01 00 b3 1e e1 13 01 00 00 00 8e 02 76 10 55 03 00 00 00 00 96 00 7e 27 00 00 7e 27 00 00 c8 8c 09 fb 02 99 01 ca 01 00 00 01 00 00 00 00 00 00 00 00 
[1786973563760] a0 7b 1c 00 00 7b 1c 00 00 df 8b 01 00 b3 1e e1 13 01 00 00 00 8e 02 76 10 55 03 00 00 00 00 96 00 7e 27 00 00 7e 27 00 00 c8 8c 09 fb 02 99 01 ca 01 00 00 01 00 00 00 00 00 00 00 00 
[1786973564795] 1d 
[1786973564795] a0 7b 1c 00 00 7b 1c 00 00 df 8b 01 00 b3 1e e1 13 01 00 00 00 8e 02 76 10 55 03 00 00 00 00 96 00 7e 27 00 00 7e 27 00 00 c8 8c 09 fb 02 98 01 ca 01 00 00 01 00 00 00 00 00 00 00 00 
[1786973564795] a0 7b 1c 00 00 7b 1c 00 00 df 8b 01 00 b3 1e e1 13 01 00 00 00 8e 02 76 10 55 03 00 00 00 00 96 00 7e 27 00 00 7e 27 00 00 c8 8c 09 fb 02 98 01 ca 01 00 00 01 00 00 00 00 00 00 00 00 
[1786973564905] aa 4b 67 00 00 08 00 4b 75 6b 75 72 65 6a 61 00 8e 02 01 60 7e e2 7d 07 05 00 6b 75 72 77 61 
[1786973565435] 1e 
[1786973565795] a0 7b 1c 00 00 7b 1c 00 00 df 8b 01 00 b3 1e e1 13 01 00 00 00 8e 02 76 10 55 03 00 00 00 00 96 00 7e 27 00 00 7e 27 00 00 c8 8c 09 fb 02 97 01 ca 01 00 00 01 00 00 00 00 00 00 00 00 
[1786973565795] a0 7b 1c 00 00 7b 1c 00 00 df 8b 01 00 b3 1e e1 13 01 00 00 00 8e 02 76 10 55 03 00 00 00 00 96 00 7e 27 00 00 7e 27 00 00 c8 8c 09 fb 02 97 01 ca 01 00 00 01 00 00 00 00 00 00 00 00 
[1786973566732] aa 4d 67 00 00 08 00 4b 75 6b 75 72 65 6a 61 00 8e 02 01 60 7e e2 7d 07 07 00 34 20 77 6f 72 6b 69 
[1786973566797] a0 7b 1c 00 00 7b 1c 00 00 df 8b 01 00 b3 1e e1 13 01 00 00 00 8e 02 76 10 55 03 00 00 00 00 96 00 7e 27 00 00 7e 27 00 00 c8 8c 09 fb 02 96 01 ca 01 00 00 01 00 00 00 00 00 00 00 00 
[1786973566797] a0 7b 1c 00 00 7b 1c 00 00 df 8b 01 00 b3 1e e1 13 01 00 00 00 8e 02 76 10 55 03 00 00 00 00 96 00 7e 27 00 00 7e 27 00 00 c8 8c 09 fb 02 96 01 ca 01 00 00 01 00 00 00 00 00 00 00 00 
[1786973567797] a0 7b 1c 00 00 7b 1c 00 00 df 8b 01 00 b3 1e e1 13 01 00 00 00 8e 02 76 10 55 03 00 00 00 00 96 00 7e 27 00 00 7e 27 00 00 c8 8c 09 fb 02 95 01 ca 01 00 00 01 00 00 00 00 00 00 00 00 
[1786973567797] a0 7b 1c 00 00 7b 1c 00 00 df 8b 01 00 b3 1e e1 13 01 00 00 00 8e 02 76 10 55 03 00 00 00 00 96 00 7e 27 00 00 7e 27 00 00 c8 8c 09 fb 02 95 01 ca 01 00 00 01 00 00 00 00 00 00 00 00 
[1786973568798] a0 7b 1c 00 00 7b 1c 00 00 df 8b 01 00 b3 1e e1 13 01 00 00 00 8e 02 76 10 55 03 00 00 00 00 96 00 7e 27 00 00 7e 27 00 00 c8 8c 09 fb 02 94 01 ca 01 00 00 01 00 00 00 00 00 00 00 00 
[1786973568798] a0 7b 1c 00 00 7b 1c 00 00 df 8b 01 00 b3 1e e1 13 01 00 00 00 8e 02 76 10 55 03 00 00 00 00 96 00 7e 27 00 00 7e 27 00 00 c8 8c 09 fb 02 94 01 ca 01 00 00 01 00 00 00 00 00 00 00 00 
[1786973569798] 1d 
[1786973569798] a0 7b 1c 00 00 7b 1c 00 00 df 8b 01 00 b3 1e e1 13 01 00 00 00 8e 02 76 10 55 03 00 00 00 00 96 00 7e 27 00 00 7e 27 00 00 c8 8c 09 fb 02 93 01 ca 01 00 00 01 00 00 00 00 00 00 00 00 
[1786973569798] a0 7b 1c 00 00 7b 1c 00 00 df 8b 01 00 b3 1e e1 13 01 00 00 00 8e 02 76 10 55 03 00 00 00 00 96 00 7e 27 00 00 7e 27 00 00 c8 8c 09 fb 02 93 01 ca 01 00 00 01 00 00 00 00 00 00 00 00 
[1786973570025] aa 51 67 00 00 06 00 45 6e 65 6d 6d 79 00 ac 02 01 62 7e e2 7d 07 06 00 77 65 65 6b 6c 79 
[1786973570180] aa 53 67 00 00 08 00 4b 75 6b 75 72 65 6a 61 00 8e 02 01 60 7e e2 7d 07 12 00 7a 67 61 64 6e 69 6a 20 69 6c 65 20 72 69 6e 67 6f 77 
[1786973570344] ef 0c 38 
[1786973570799] a0 7b 1c 00 00 7b 1c 00 00 df 8b 01 00 b3 1e e1 13 01 00 00 00 8e 02 76 10 55 03 00 00 00 00 96 00 7e 27 00 00 7e 27 00 00 c8 8c 09 fb 02 92 01 ca 01 00 00 01 00 00 00 00 00 00 00 00 
[1786973570799] a0 7b 1c 00 00 7b 1c 00 00 df 8b 01 00 b3 1e e1 13 01 00 00 00 8e 02 76 10 55 03 00 00 00 00 96 00 7e 27 00 00 7e 27 00 00 c8 8c 09 fb 02 92 01 ca 01 00 00 01 00 00 00 00 00 00 00 00 
[1786973570882] 1e 
[1786973571746] aa 56 67 00 00 06 00 45 6e 65 6d 6d 79 00 ac 02 01 62 7e e2 7d 07 0b 00 6d 69 61 6c 6f 20 64 61 77 61 63 
[1786973571800] a0 7b 1c 00 00 7b 1c 00 00 df 8b 01 00 b3 1e e1 13 01 00 00 00 8e 02 76 10 55 03 00 00 00 00 96 00 7e 27 00 00 7e 27 00 00 c8 8c 09 fb 02 91 01 ca 01 00 00 01 00 00 00 00 00 00 00 00 
[1786973571800] a0 7b 1c 00 00 7b 1c 00 00 df 8b 01 00 b3 1e e1 13 01 00 00 00 8e 02 76 10 55 03 00 00 00 00 96 00 7e 27 00 00 7e 27 00 00 c8 8c 09 fb 02 91 01 ca 01 00 00 01 00 00 00 00 00 00 00 00 
[1786973572800] a0 7b 1c 00 00 7b 1c 00 00 df 8b 01 00 b3 1e e1 13 01 00 00 00 8e 02 76 10 55 03 00 00 00 00 96 00 7e 27 00 00 7e 27 00 00 c8 8c 09 fb 02 90 01 ca 01 00 00 01 00 00 00 00 00 00 00 00 
[1786973572800] a0 7b 1c 00 00 7b 1c 00 00 df 8b 01 00 b3 1e e1 13 01 00 00 00 8e 02 76 10 55 03 00 00 00 00 96 00 7e 27 00 00 7e 27 00 00 c8 8c 09 fb 02 90 01 ca 01 00 00 01 00 00 00 00 00 00 00 00 
[1786973573800] a0 7b 1c 00 00 7b 1c 00 00 df 8b 01 00 b3 1e e1 13 01 00 00 00 8e 02 76 10 55 03 00 00 00 00 96 00 7e 27 00 00 7e 27 00 00 c8 8c 09 fb 02 8f 01 ca 01 00 00 01 00 00 00 00 00 00 00 00 
[1786973573800] a0 7b 1c 00 00 7b 1c 00 00 df 8b 01 00 b3 1e e1 13 01 00 00 00 8e 02 76 10 55 03 00 00 00 00 96 00 7e 27 00 00 7e 27 00 00 c8 8c 09 fb 02 8f 01 ca 01 00 00 01 00 00 00 00 00 00 00 00 
[1786973574385] aa 59 67 00 00 06 00 45 6e 65 6d 6d 79 00 ac 02 01 62 7e e2 7d 07 0b 00 31 6c 76 6c 20 7a 61 77 73 7a 65 
[1786973574801] 1d 
[1786973574801] a0 7b 1c 00 00 7b 1c 00 00 df 8b 01 00 b3 1e e1 13 01 00 00 00 8e 02 76 10 55 03 00 00 00 00 96 00 7e 27 00 00 7e 27 00 00 c8 8c 09 fb 02 8e 01 ca 01 00 00 01 00 00 00 00 00 00 00 00 
[1786973574801] a0 7b 1c 00 00 7b 1c 00 00 df 8b 01 00 b3 1e e1 13 01 00 00 00 8e 02 76 10 55 03 00 00 00 00 96 00 7e 27 00 00 7e 27 00 00 c8 8c 09 fb 02 8e 01 ca 01 00 00 01 00 00 00 00 00 00 00 00 
[1786973575828] a0 7b 1c 00 00 7b 1c 00 00 df 8b 01 00 b3 1e e1 13 01 00 00 00 8e 02 76 10 55 03 00 00 00 00 96 00 7e 27 00 00 7e 27 00 00 c8 8c 09 fb 02 8d 01 ca 01 00 00 01 00 00 00 00 00 00 00 00 
[1786973575828] a0 7b 1c 00 00 7b 1c 00 00 df 8b 01 00 b3 1e e1 13 01 00 00 00 8e 02 76 10 55 03 00 00 00 00 96 00 7e 27 00 00 7e 27 00 00 c8 8c 09 fb 02 8d 01 ca 01 00 00 01 00 00 00 00 00 00 00 00 
[1786973576053] aa 5c 67 00 00 06 00 45 6e 65 6d 6d 79 00 ac 02 01 62 7e e2 7d 07 01 00 33 
[1786973576829] a0 7b 1c 00 00 7b 1c 00 00 df 8b 01 00 b3 1e e1 13 01 00 00 00 8e 02 76 10 55 03 00 00 00 00 96 00 7e 27 00 00 7e 27 00 00 c8 8c 09 fb 02 8c 01 ca 01 00 00 01 00 00 00 00 00 00 00 00 
[1786973576829] a0 7b 1c 00 00 7b 1c 00 00 df 8b 01 00 b3 1e e1 13 01 00 00 00 8e 02 76 10 55 03 00 00 00 00 96 00 7e 27 00 00 7e 27 00 00 c8 8c 09 fb 02 8c 01 ca 01 00 00 01 00 00 00 00 00 00 00 00 
[1786973576832] 1e 
[1786973577830] a0 7b 1c 00 00 7b 1c 00 00 df 8b 01 00 b3 1e e1 13 01 00 00 00 8e 02 76 10 55 03 00 00 00 00 96 00 7e 27 00 00 7e 27 00 00 c8 8c 09 fb 02 8b 01 ca 01 00 00 01 00 00 00 00 00 00 00 00 
[1786973577830] a0 7b 1c 00 00 7b 1c 00 00 df 8b 01 00 b3 1e e1 13 01 00 00 00 8e 02 76 10 55 03 00 00 00 00 96 00 7e 27 00 00 7e 27 00 00 c8 8c 09 fb 02 8b 01 ca 01 00 00 01 00 00 00 00 00 00 00 00 
[1786973578694] aa 5f 67 00 00 08 00 4b 75 6b 75 72 65 6a 61 00 8e 02 01 60 7e e2 7d 07 01 00 31 
[1786973578831] a0 7b 1c 00 00 7b 1c 00 00 df 8b 01 00 b3 1e e1 13 01 00 00 00 8e 02 76 10 55 03 00 00 00 00 96 00 7e 27 00 00 7e 27 00 00 c8 8c 09 fb 02 8a 01 ca 01 00 00 01 00 00 00 00 00 00 00 00 
[1786973578831] a0 7b 1c 00 00 7b 1c 00 00 df 8b 01 00 b3 1e e1 13 01 00 00 00 8e 02 76 10 55 03 00 00 00 00 96 00 7e 27 00 00 7e 27 00 00 c8 8c 09 fb 02 8a 01 ca 01 00 00 01 00 00 00 00 00 00 00 00 
[1786973579833] 1d 
[1786973579833] a0 7b 1c 00 00 7b 1c 00 00 df 8b 01 00 b3 1e e1 13 01 00 00 00 8e 02 76 10 55 03 00 00 00 00 96 00 7e 27 00 00 7e 27 00 00 c8 8c 09 fb 02 89 01 ca 01 00 00 01 00 00 00 00 00 00 00 00 
[1786973579833] a0 7b 1c 00 00 7b 1c 00 00 df 8b 01 00 b3 1e e1 13 01 00 00 00 8e 02 76 10 55 03 00 00 00 00 96 00 7e 27 00 00 7e 27 00 00 c8 8c 09 fb 02 89 01 ca 01 00 00 01 00 00 00 00 00 00 00 00 
[1786973580270] aa 61 67 00 00 08 00 4b 75 6b 75 72 65 6a 61 00 8e 02 01 60 7e e2 7d 07 07 00 64 6c 61 20 65 64 61 
[1786973580344] ef 0d 00 
[1786973580835] a0 7b 1c 00 00 7b 1c 00 00 df 8b 01 00 b3 1e e1 13 01 00 00 00 8e 02 76 10 55 03 00 00 00 00 96 00 7e 27 00 00 7e 27 00 00 c8 8c 09 fb 02 88 01 ca 01 00 00 01 00 00 00 00 00 00 00 00 
[1786973580835] a0 7b 1c 00 00 7b 1c 00 00 df 8b 01 00 b3 1e e1 13 01 00 00 00 8e 02 76 10 55 03 00 00 00 00 96 00 7e 27 00 00 7e 27 00 00 c8 8c 09 fb 02 88 01 ca 01 00 00 01 00 00 00 00 00 00 00 00 
[1786973581515] aa 63 67 00 00 06 00 45 6e 65 6d 6d 79 00 ac 02 24 62 7e e2 7d 07 06 00 4d 75 6e 63 68 2e 
[1786973581515] 83 62 7e e2 7d 07 06 02 f3 0a 00 
[1786973581835] a0 7b 1c 00 00 7b 1c 00 00 df 8b 01 00 b3 1e e1 13 01 00 00 00 8e 02 76 10 55 03 00 00 00 00 96 00 7e 27 00 00 7e 27 00 00 c8 8c 09 fb 02 87 01 ca 01 00 00 01 00 00 00 00 00 00 00 00 
[1786973581835] a0 7b 1c 00 00 7b 1c 00 00 df 8b 01 00 b3 1e e1 13 01 00 00 00 8e 02 76 10 55 03 00 00 00 00 96 00 7e 27 00 00 7e 27 00 00 c8 8c 09 fb 02 87 01 ca 01 00 00 01 00 00 00 00 00 00 00 00 
[1786973582835] a0 7b 1c 00 00 7b 1c 00 00 df 8b 01 00 b3 1e e1 13 01 00 00 00 8e 02 76 10 55 03 00 00 00 00 96 00 7e 27 00 00 7e 27 00 00 c8 8c 09 fb 02 86 01 ca 01 00 00 01 00 00 00 00 00 00 00 00 
[1786973582835] a0 7b 1c 00 00 7b 1c 00 00 df 8b 01 00 b3 1e e1 13 01 00 00 00 8e 02 76 10 55 03 00 00 00 00 96 00 7e 27 00 00 7e 27 00 00 c8 8c 09 fb 02 86 01 ca 01 00 00 01 00 00 00 00 00 00 00 00 
[1786973582879] 1e 
[1786973583836] a0 7b 1c 00 00 7b 1c 00 00 df 8b 01 00 b3 1e e1 13 01 00 00 00 8e 02 76 10 55 03 00 00 00 00 96 00 7e 27 00 00 7e 27 00 00 c8 8c 09 fb 02 85 01 ca 01 00 00 01 00 00 00 00 00 00 00 00 
[1786973583836] a0 7b 1c 00 00 7b 1c 00 00 df 8b 01 00 b3 1e e1 13 01 00 00 00 8e 02 76 10 55 03 00 00 00 00 96 00 7e 27 00 00 7e 27 00 00 c8 8c 09 fb 02 85 01 ca 01 00 00 01 00 00 00 00 00 00 00 00 
[1786973584838] 1d 
[1786973584838] a0 7b 1c 00 00 7b 1c 00 00 df 8b 01 00 b3 1e e1 13 01 00 00 00 8e 02 76 10 55 03 00 00 00 00 96 00 7e 27 00 00 7e 27 00 00 c8 8c 09 fb 02 84 01 ca 01 00 00 01 00 00 00 00 00 00 00 00 
[1786973584838] a0 7b 1c 00 00 7b 1c 00 00 df 8b 01 00 b3 1e e1 13 01 00 00 00 8e 02 76 10 55 03 00 00 00 00 96 00 7e 27 00 00 7e 27 00 00 c8 8c 09 fb 02 84 01 ca 01 00 00 01 00 00 00 00 00 00 00 00 
[1786973585839] a0 7b 1c 00 00 7b 1c 00 00 df 8b 01 00 b3 1e e1 13 01 00 00 00 8e 02 76 10 55 03 00 00 00 00 96 00 7e 27 00 00 7e 27 00 00 c8 8c 09 fb 02 83 01 ca 01 00 00 01 00 00 00 00 00 00 00 00 
[1786973585839] a0 7b 1c 00 00 7b 1c 00 00 df 8b 01 00 b3 1e e1 13 01 00 00 00 8e 02 76 10 55 03 00 00 00 00 96 00 7e 27 00 00 7e 27 00 00 c8 8c 09 fb 02 83 01 ca 01 00 00 01 00 00 00 00 00 00 00 00 
[1786973586604] 72 03 16 00 b1 52 00 
[1786973586604] f5 54 00 01 00 00 01 02 00 00 01 03 00 00 01 04 00 00 01 05 00 00 01 06 00 00 01 07 00 00 01 08 00 00 01 09 00 00 01 0a 00 00 01 0b 00 00 01 1a 01 00 0f 3a 03 00 1e 26 0b 00 01 33 0b 00 01 34 0b 00 01 35 0b 00 01 36 0b 00 01 37 0b 00 01 99 0b 00 01 bb 0b 00 01 c2 0b 00 09 d2 0b 00 18 d3 0b 00 1d dc 0b 00 0f dd 0b 00 16 de 0b 00 0d df 0b 00 0e e8 0b 00 32 eb 0b 00 01 ff 0b 00 15 09 0c 00 14 1a 0c 00 01 d0 0c 00 0c 04 0d 00 09 0e 0d 00 18 81 0d 00 01 9d 13 00 19 a9 16 00 01 db 1c 00 0e 13 1d 00 14 56 24 00 0e f2 3e 00 01 f7 3e 00 17 f9 3e 00 11 fe 3e 00 14 ff 3e 00 14 95 3f 00 01 b1 52 00 22 a3 53 00 0a 0b 56 00 01 f4 57 00 06 4e 5b 00 42 86 66 5b 00 01 e5 5b 00 01 e9 5b 00 0b f6 5b 00 09 a9 5c 00 01 77 65 00 01 78 65 00 01 79 65 00 01 7f 6f 00 01 2e 70 00 01 f5 72 00 01 b9 76 00 01 5b 7b 00 01 81 7b 00 01 74 7f 00 01 28 85 00 01 d8 89 00 01 bd 8a 00 01 3d 8c 00 4c b3 3e 8c 00 40 8f ed 98 00 01 ee 98 00 01 d1 99 00 40 da d2 99 00 40 6a d3 99 00 40 8b d6 99 00 40 8d d7 99 00 40 a2 e0 99 00 40 76 e1 99 00 40 68 57 ab 00 01 0a cb 00 01 
[1786973586604] a0 7b 1c 00 00 7b 1c 00 00 bb 91 01 00 b3 1e e1 13 01 00 00 00 8e 02 76 10 55 03 00 00 00 00 96 00 7e 27 00 00 7e 27 00 00 c8 8c 09 fb 02 82 01 ca 01 00 00 01 00 00 00 00 00 00 00 00 
[1786973586604] 5b 01 b8 0b b8 0b 08 26 01 22 01 1f 00 c6 06 24 01 00 00 28 08 ce 00 00 00 07 02 ce 00 37 00 ec 09 05 01 00 00 83 03 1b 01 00 00 87 06 09 01 00 00 be 03 2c 01 00 00 09 00 e0 99 00 00 1b 00 00 00 1b 00 00 00 01 01 a5 8f 00 00 68 00 00 00 00 00 00 00 00 02 e0 2c 00 00 b5 00 00 00 00 00 00 00 00 03 14 c9 00 00 2c 00 00 00 00 00 00 00 00 04 e1 c8 00 00 11 00 00 00 00 00 00 00 00 05 c1 45 00 00 4b 00 00 00 00 00 00 00 00 06 f1 99 00 00 2d 00 00 00 00 00 00 00 00 07 db 1c 00 00 4b 00 00 00 34 00 00 00 00 08 f0 49 00 00 27 00 00 00 00 00 00 00 00 02 61 8a 14 01 61 8a 14 01 01 01 00 03 34 6c 8b 6a 01 af 00 00 00 02 00 00 00 
[1786973586604] 72 03 1a 00 d0 0c 00 
[1786973586604] f5 54 00 01 00 00 01 02 00 00 01 03 00 00 01 04 00 00 01 05 00 00 01 06 00 00 01 07 00 00 01 08 00 00 01 09 00 00 01 0a 00 00 01 0b 00 00 01 1a 01 00 0f 3a 03 00 1e 26 0b 00 01 33 0b 00 01 34 0b 00 01 35 0b 00 01 36 0b 00 01 37 0b 00 01 99 0b 00 01 bb 0b 00 01 c2 0b 00 09 d2 0b 00 18 d3 0b 00 1d dc 0b 00 0f dd 0b 00 16 de 0b 00 0d df 0b 00 0e e8 0b 00 32 eb 0b 00 01 ff 0b 00 15 09 0c 00 14 1a 0c 00 01 d0 0c 00 0c 04 0d 00 09 0e 0d 00 18 81 0d 00 01 9d 13 00 19 a9 16 00 01 db 1c 00 0d 13 1d 00 14 56 24 00 0e f2 3e 00 01 f7 3e 00 17 f9 3e 00 11 fe 3e 00 14 ff 3e 00 14 95 3f 00 01 b1 52 00 22 a3 53 00 0a 0b 56 00 01 f4 57 00 06 4e 5b 00 42 86 66 5b 00 01 e5 5b 00 01 e9 5b 00 0b f6 5b 00 09 a9 5c 00 01 77 65 00 01 78 65 00 01 79 65 00 01 7f 6f 00 01 2e 70 00 01 f5 72 00 01 b9 76 00 01 5b 7b 00 01 81 7b 00 01 74 7f 00 01 28 85 00 01 d8 89 00 01 bd 8a 00 01 3d 8c 00 4c b3 3e 8c 00 40 8f ed 98 00 01 ee 98 00 01 d1 99 00 40 da d2 99 00 40 6a d3 99 00 40 8b d6 99 00 40 8d d7 99 00 40 a2 e0 99 00 40 76 e1 99 00 40 68 57 ab 00 01 0a cb 00 01 
[1786973586604] a0 7b 1c 00 00 7b 1c 00 00 97 97 01 00 b3 1e e1 13 01 00 00 00 8e 02 76 10 55 03 00 00 00 00 96 00 7e 27 00 00 7e 27 00 00 c8 8c 09 fb 02 82 01 ca 01 00 00 01 00 00 00 00 00 00 00 00 
[1786973586604] 72 03 1d 00 0e 0d 00 
[1786973586604] f5 54 00 01 00 00 01 02 00 00 01 03 00 00 01 04 00 00 01 05 00 00 01 06 00 00 01 07 00 00 01 08 00 00 01 09 00 00 01 0a 00 00 01 0b 00 00 01 1a 01 00 0f 3a 03 00 1e 26 0b 00 01 33 0b 00 01 34 0b 00 01 35 0b 00 01 36 0b 00 01 37 0b 00 01 99 0b 00 01 bb 0b 00 01 c2 0b 00 09 d2 0b 00 18 d3 0b 00 1d dc 0b 00 0f dd 0b 00 16 de 0b 00 0d df 0b 00 0e e8 0b 00 32 eb 0b 00 01 ff 0b 00 15 09 0c 00 14 1a 0c 00 01 d0 0c 00 0c 04 0d 00 09 0e 0d 00 18 81 0d 00 01 9d 13 00 19 a9 16 00 01 db 1c 00 0c 13 1d 00 14 56 24 00 0e f2 3e 00 01 f7 3e 00 17 f9 3e 00 11 fe 3e 00 14 ff 3e 00 14 95 3f 00 01 b1 52 00 22 a3 53 00 0a 0b 56 00 01 f4 57 00 06 4e 5b 00 42 86 66 5b 00 01 e5 5b 00 01 e9 5b 00 0b f6 5b 00 09 a9 5c 00 01 77 65 00 01 78 65 00 01 79 65 00 01 7f 6f 00 01 2e 70 00 01 f5 72 00 01 b9 76 00 01 5b 7b 00 01 81 7b 00 01 74 7f 00 01 28 85 00 01 d8 89 00 01 bd 8a 00 01 3d 8c 00 4c b3 3e 8c 00 40 8f ed 98 00 01 ee 98 00 01 d1 99 00 40 da d2 99 00 40 6a d3 99 00 40 8b d6 99 00 40 8d d7 99 00 40 a2 e0 99 00 40 76 e1 99 00 40 68 57 ab 00 01 0a cb 00 01 
[1786973586604] a0 7b 1c 00 00 7b 1c 00 00 73 9d 01 00 b3 1e e1 13 01 00 00 00 8e 02 76 10 55 03 00 00 00 00 96 00 7e 27 00 00 7e 27 00 00 c8 8c 09 fb 02 82 01 ca 01 00 00 01 00 00 00 00 00 00 00 00 
[1786973586604] 72 03 31 00 0e 0d 00 
[1786973586604] f5 54 00 01 00 00 01 02 00 00 01 03 00 00 01 04 00 00 01 05 00 00 01 06 00 00 01 07 00 00 01 08 00 00 01 09 00 00 01 0a 00 00 01 0b 00 00 01 1a 01 00 0f 3a 03 00 1e 26 0b 00 01 33 0b 00 01 34 0b 00 01 35 0b 00 01 36 0b 00 01 37 0b 00 01 99 0b 00 01 bb 0b 00 01 c2 0b 00 09 d2 0b 00 18 d3 0b 00 1d dc 0b 00 0f dd 0b 00 16 de 0b 00 0d df 0b 00 0e e8 0b 00 32 eb 0b 00 01 ff 0b 00 15 09 0c 00 14 1a 0c 00 01 d0 0c 00 0c 04 0d 00 09 0e 0d 00 18 81 0d 00 01 9d 13 00 19 a9 16 00 01 db 1c 00 0b 13 1d 00 14 56 24 00 0e f2 3e 00 01 f7 3e 00 17 f9 3e 00 11 fe 3e 00 14 ff 3e 00 14 95 3f 00 01 b1 52 00 22 a3 53 00 0a 0b 56 00 01 f4 57 00 06 4e 5b 00 42 86 66 5b 00 01 e5 5b 00 01 e9 5b 00 0b f6 5b 00 09 a9 5c 00 01 77 65 00 01 78 65 00 01 79 65 00 01 7f 6f 00 01 2e 70 00 01 f5 72 00 01 b9 76 00 01 5b 7b 00 01 81 7b 00 01 74 7f 00 01 28 85 00 01 d8 89 00 01 bd 8a 00 01 3d 8c 00 4c b3 3e 8c 00 40 8f ed 98 00 01 ee 98 00 01 d1 99 00 40 da d2 99 00 40 6a d3 99 00 40 8b d6 99 00 40 8d d7 99 00 40 a2 e0 99 00 40 76 e1 99 00 40 68 57 ab 00 01 0a cb 00 01 
[1786973586604] a0 7b 1c 00 00 7b 1c 00 00 4f a3 01 00 b3 1e e1 13 01 00 00 00 8e 02 76 10 55 03 00 00 00 00 96 00 7e 27 00 00 7e 27 00 00 c8 8c 09 fb 02 82 01 ca 01 00 00 01 00 00 00 00 00 00 00 00 
[1786973586604] 72 03 34 00 0e 0d 00 
[1786973586604] f5 54 00 01 00 00 01 02 00 00 01 03 00 00 01 04 00 00 01 05 00 00 01 06 00 00 01 07 00 00 01 08 00 00 01 09 00 00 01 0a 00 00 01 0b 00 00 01 1a 01 00 0f 3a 03 00 1e 26 0b 00 01 33 0b 00 01 34 0b 00 01 35 0b 00 01 36 0b 00 01 37 0b 00 01 99 0b 00 01 bb 0b 00 01 c2 0b 00 09 d2 0b 00 18 d3 0b 00 1d dc 0b 00 0f dd 0b 00 16 de 0b 00 0d df 0b 00 0e e8 0b 00 32 eb 0b 00 01 ff 0b 00 15 09 0c 00 14 1a 0c 00 01 d0 0c 00 0c 04 0d 00 09 0e 0d 00 18 81 0d 00 01 9d 13 00 19 a9 16 00 01 db 1c 00 0a 13 1d 00 14 56 24 00 0e f2 3e 00 01 f7 3e 00 17 f9 3e 00 11 fe 3e 00 14 ff 3e 00 14 95 3f 00 01 b1 52 00 22 a3 53 00 0a 0b 56 00 01 f4 57 00 06 4e 5b 00 42 86 66 5b 00 01 e5 5b 00 01 e9 5b 00 0b f6 5b 00 09 a9 5c 00 01 77 65 00 01 78 65 00 01 79 65 00 01 7f 6f 00 01 2e 70 00 01 f5 72 00 01 b9 76 00 01 5b 7b 00 01 81 7b 00 01 74 7f 00 01 28 85 00 01 d8 89 00 01 bd 8a 00 01 3d 8c 00 4c b3 3e 8c 00 40 8f ed 98 00 01 ee 98 00 01 d1 99 00 40 da d2 99 00 40 6a d3 99 00 40 8b d6 99 00 40 8d d7 99 00 40 a2 e0 99 00 40 76 e1 99 00 40 68 57 ab 00 01 0a cb 00 01 
[1786973586604] a0 7b 1c 00 00 7b 1c 00 00 2b a9 01 00 b3 1e e1 13 01 00 00 00 8e 02 76 10 55 03 00 00 00 00 96 00 7e 27 00 00 7e 27 00 00 c8 8c 09 fb 02 82 01 ca 01 00 00 01 00 00 00 00 00 00 00 00 
[1786973586604] 72 03 47 00 0e 0d 00 
[1786973586604] f5 54 00 01 00 00 01 02 00 00 01 03 00 00 01 04 00 00 01 05 00 00 01 06 00 00 01 07 00 00 01 08 00 00 01 09 00 00 01 0a 00 00 01 0b 00 00 01 1a 01 00 0f 3a 03 00 1e 26 0b 00 01 33 0b 00 01 34 0b 00 01 35 0b 00 01 36 0b 00 01 37 0b 00 01 99 0b 00 01 bb 0b 00 01 c2 0b 00 09 d2 0b 00 18 d3 0b 00 1d dc 0b 00 0f dd 0b 00 16 de 0b 00 0d df 0b 00 0e e8 0b 00 32 eb 0b 00 01 ff 0b 00 15 09 0c 00 14 1a 0c 00 01 d0 0c 00 0c 04 0d 00 09 0e 0d 00 18 81 0d 00 01 9d 13 00 19 a9 16 00 01 db 1c 00 09 13 1d 00 14 56 24 00 0e f2 3e 00 01 f7 3e 00 17 f9 3e 00 11 fe 3e 00 14 ff 3e 00 14 95 3f 00 01 b1 52 00 22 a3 53 00 0a 0b 56 00 01 f4 57 00 06 4e 5b 00 42 86 66 5b 00 01 e5 5b 00 01 e9 5b 00 0b f6 5b 00 09 a9 5c 00 01 77 65 00 01 78 65 00 01 79 65 00 01 7f 6f 00 01 2e 70 00 01 f5 72 00 01 b9 76 00 01 5b 7b 00 01 81 7b 00 01 74 7f 00 01 28 85 00 01 d8 89 00 01 bd 8a 00 01 3d 8c 00 4c b3 3e 8c 00 40 8f ed 98 00 01 ee 98 00 01 d1 99 00 40 da d2 99 00 40 6a d3 99 00 40 8b d6 99 00 40 8d d7 99 00 40 a2 e0 99 00 40 76 e1 99 00 40 68 57 ab 00 01 0a cb 00 01 
[1786973586604] a0 7b 1c 00 00 7b 1c 00 00 07 af 01 00 b3 1e e1 13 01 00 00 00 8e 02 76 10 55 03 00 00 00 00 96 00 7e 27 00 00 7e 27 00 00 c8 8c 09 fb 02 82 01 ca 01 00 00 01 00 00 00 00 00 00 00 00 
[1786973586604] 72 03 49 00 0e 0d 00 
[1786973586604] f5 54 00 01 00 00 01 02 00 00 01 03 00 00 01 04 00 00 01 05 00 00 01 06 00 00 01 07 00 00 01 08 00 00 01 09 00 00 01 0a 00 00 01 0b 00 00 01 1a 01 00 0f 3a 03 00 1e 26 0b 00 01 33 0b 00 01 34 0b 00 01 35 0b 00 01 36 0b 00 01 37 0b 00 01 99 0b 00 01 bb 0b 00 01 c2 0b 00 09 d2 0b 00 18 d3 0b 00 1d dc 0b 00 0f dd 0b 00 16 de 0b 00 0d df 0b 00 0e e8 0b 00 32 eb 0b 00 01 ff 0b 00 15 09 0c 00 14 1a 0c 00 01 d0 0c 00 0c 04 0d 00 09 0e 0d 00 18 81 0d 00 01 9d 13 00 19 a9 16 00 01 db 1c 00 08 13 1d 00 14 56 24 00 0e f2 3e 00 01 f7 3e 00 17 f9 3e 00 11 fe 3e 00 14 ff 3e 00 14 95 3f 00 01 b1 52 00 22 a3 53 00 0a 0b 56 00 01 f4 57 00 06 4e 5b 00 42 86 66 5b 00 01 e5 5b 00 01 e9 5b 00 0b f6 5b 00 09 a9 5c 00 01 77 65 00 01 78 65 00 01 79 65 00 01 7f 6f 00 01 2e 70 00 01 f5 72 00 01 b9 76 00 01 5b 7b 00 01 81 7b 00 01 74 7f 00 01 28 85 00 01 d8 89 00 01 bd 8a 00 01 3d 8c 00 4c b3 3e 8c 00 40 8f ed 98 00 01 ee 98 00 01 d1 99 00 40 da d2 99 00 40 6a d3 99 00 40 8b d6 99 00 40 8d d7 99 00 40 a2 e0 99 00 40 76 e1 99 00 40 68 57 ab 00 01 0a cb 00 01 
[1786973586604] a0 7b 1c 00 00 7b 1c 00 00 e3 b4 01 00 b3 1e e1 13 01 00 00 00 8e 02 76 10 55 03 00 00 00 00 96 00 7e 27 00 00 7e 27 00 00 c8 8c 09 fb 02 82 01 ca 01 00 00 01 00 00 00 00 00 00 00 00 
[1786973586604] 72 03 4a 00 0e 0d 00 
[1786973586604] f5 54 00 01 00 00 01 02 00 00 01 03 00 00 01 04 00 00 01 05 00 00 01 06 00 00 01 07 00 00 01 08 00 00 01 09 00 00 01 0a 00 00 01 0b 00 00 01 1a 01 00 0f 3a 03 00 1e 26 0b 00 01 33 0b 00 01 34 0b 00 01 35 0b 00 01 36 0b 00 01 37 0b 00 01 99 0b 00 01 bb 0b 00 01 c2 0b 00 09 d2 0b 00 18 d3 0b 00 1d dc 0b 00 0f dd 0b 00 16 de 0b 00 0d df 0b 00 0e e8 0b 00 32 eb 0b 00 01 ff 0b 00 15 09 0c 00 14 1a 0c 00 01 d0 0c 00 0c 04 0d 00 09 0e 0d 00 18 81 0d 00 01 9d 13 00 19 a9 16 00 01 db 1c 00 07 13 1d 00 14 56 24 00 0e f2 3e 00 01 f7 3e 00 17 f9 3e 00 11 fe 3e 00 14 ff 3e 00 14 95 3f 00 01 b1 52 00 22 a3 53 00 0a 0b 56 00 01 f4 57 00 06 4e 5b 00 42 86 66 5b 00 01 e5 5b 00 01 e9 5b 00 0b f6 5b 00 09 a9 5c 00 01 77 65 00 01 78 65 00 01 79 65 00 01 7f 6f 00 01 2e 70 00 01 f5 72 00 01 b9 76 00 01 5b 7b 00 01 81 7b 00 01 74 7f 00 01 28 85 00 01 d8 89 00 01 bd 8a 00 01 3d 8c 00 4c b3 3e 8c 00 40 8f ed 98 00 01 ee 98 00 01 d1 99 00 40 da d2 99 00 40 6a d3 99 00 40 8b d6 99 00 40 8d d7 99 00 40 a2 e0 99 00 40 76 e1 99 00 40 68 57 ab 00 01 0a cb 00 01 
[1786973586604] a0 7b 1c 00 00 7b 1c 00 00 bf ba 01 00 b3 1e e1 13 01 00 00 00 8e 02 76 10 55 03 00 00 00 00 96 00 7e 27 00 00 7e 27 00 00 c8 8c 09 fb 02 82 01 ca 01 00 00 01 00 00 00 00 00 00 00 00 
[1786973586604] 72 03 55 00 0e 0d 00 
[1786973586604] f5 54 00 01 00 00 01 02 00 00 01 03 00 00 01 04 00 00 01 05 00 00 01 06 00 00 01 07 00 00 01 08 00 00 01 09 00 00 01 0a 00 00 01 0b 00 00 01 1a 01 00 0f 3a 03 00 1e 26 0b 00 01 33 0b 00 01 34 0b 00 01 35 0b 00 01 36 0b 00 01 37 0b 00 01 99 0b 00 01 bb 0b 00 01 c2 0b 00 09 d2 0b 00 18 d3 0b 00 1d dc 0b 00 0f dd 0b 00 16 de 0b 00 0d df 0b 00 0e e8 0b 00 32 eb 0b 00 01 ff 0b 00 15 09 0c 00 14 1a 0c 00 01 d0 0c 00 0c 04 0d 00 09 0e 0d 00 18 81 0d 00 01 9d 13 00 19 a9 16 00 01 db 1c 00 06 13 1d 00 14 56 24 00 0e f2 3e 00 01 f7 3e 00 17 f9 3e 00 11 fe 3e 00 14 ff 3e 00 14 95 3f 00 01 b1 52 00 22 a3 53 00 0a 0b 56 00 01 f4 57 00 06 4e 5b 00 42 86 66 5b 00 01 e5 5b 00 01 e9 5b 00 0b f6 5b 00 09 a9 5c 00 01 77 65 00 01 78 65 00 01 79 65 00 01 7f 6f 00 01 2e 70 00 01 f5 72 00 01 b9 76 00 01 5b 7b 00 01 81 7b 00 01 74 7f 00 01 28 85 00 01 d8 89 00 01 bd 8a 00 01 3d 8c 00 4c b3 3e 8c 00 40 8f ed 98 00 01 ee 98 00 01 d1 99 00 40 da d2 99 00 40 6a d3 99 00 40 8b d6 99 00 40 8d d7 99 00 40 a2 e0 99 00 40 76 e1 99 00 40 68 57 ab 00 01 0a cb 00 01 
[1786973586604] a0 7b 1c 00 00 7b 1c 00 00 9b c0 01 00 b3 1e e1 13 01 00 00 00 8e 02 76 10 55 03 00 00 00 00 96 00 7e 27 00 00 7e 27 00 00 c8 8c 09 fb 02 82 01 ca 01 00 00 01 00 00 00 00 00 00 00 00 
[1786973586604] 72 03 61 00 0e 0d 00 
[1786973586604] f5 54 00 01 00 00 01 02 00 00 01 03 00 00 01 04 00 00 01 05 00 00 01 06 00 00 01 07 00 00 01 08 00 00 01 09 00 00 01 0a 00 00 01 0b 00 00 01 1a 01 00 0f 3a 03 00 1e 26 0b 00 01 33 0b 00 01 34 0b 00 01 35 0b 00 01 36 0b 00 01 37 0b 00 01 99 0b 00 01 bb 0b 00 01 c2 0b 00 09 d2 0b 00 18 d3 0b 00 1d dc 0b 00 0f dd 0b 00 16 de 0b 00 0d df 0b 00 0e e8 0b 00 32 eb 0b 00 01 ff 0b 00 15 09 0c 00 14 1a 0c 00 01 d0 0c 00 0c 04 0d 00 09 0e 0d 00 18 81 0d 00 01 9d 13 00 19 a9 16 00 01 db 1c 00 05 13 1d 00 14 56 24 00 0e f2 3e 00 01 f7 3e 00 17 f9 3e 00 11 fe 3e 00 14 ff 3e 00 14 95 3f 00 01 b1 52 00 22 a3 53 00 0a 0b 56 00 01 f4 57 00 06 4e 5b 00 42 86 66 5b 00 01 e5 5b 00 01 e9 5b 00 0b f6 5b 00 09 a9 5c 00 01 77 65 00 01 78 65 00 01 79 65 00 01 7f 6f 00 01 2e 70 00 01 f5 72 00 01 b9 76 00 01 5b 7b 00 01 81 7b 00 01 74 7f 00 01 28 85 00 01 d8 89 00 01 bd 8a 00 01 3d 8c 00 4c b3 3e 8c 00 40 8f ed 98 00 01 ee 98 00 01 d1 99 00 40 da d2 99 00 40 6a d3 99 00 40 8b d6 99 00 40 8d d7 99 00 40 a2 e0 99 00 40 76 e1 99 00 40 68 57 ab 00 01 0a cb 00 01 
[1786973586604] a0 7b 1c 00 00 7b 1c 00 00 77 c6 01 00 b3 1e e1 13 01 00 00 00 8e 02 76 10 55 03 00 00 00 00 96 00 7e 27 00 00 7e 27 00 00 c8 8c 09 fb 02 82 01 ca 01 00 00 01 00 00 00 00 00 00 00 00 
[1786973586604] 72 03 68 00 0e 0d 00 
[1786973586604] f5 54 00 01 00 00 01 02 00 00 01 03 00 00 01 04 00 00 01 05 00 00 01 06 00 00 01 07 00 00 01 08 00 00 01 09 00 00 01 0a 00 00 01 0b 00 00 01 1a 01 00 0f 3a 03 00 1e 26 0b 00 01 33 0b 00 01 34 0b 00 01 35 0b 00 01 36 0b 00 01 37 0b 00 01 99 0b 00 01 bb 0b 00 01 c2 0b 00 09 d2 0b 00 18 d3 0b 00 1d dc 0b 00 0f dd 0b 00 16 de 0b 00 0d df 0b 00 0e e8 0b 00 32 eb 0b 00 01 ff 0b 00 15 09 0c 00 14 1a 0c 00 01 d0 0c 00 0c 04 0d 00 09 0e 0d 00 18 81 0d 00 01 9d 13 00 19 a9 16 00 01 db 1c 00 04 13 1d 00 14 56 24 00 0e f2 3e 00 01 f7 3e 00 17 f9 3e 00 11 fe 3e 00 14 ff 3e 00 14 95 3f 00 01 b1 52 00 22 a3 53 00 0a 0b 56 00 01 f4 57 00 06 4e 5b 00 42 86 66 5b 00 01 e5 5b 00 01 e9 5b 00 0b f6 5b 00 09 a9 5c 00 01 77 65 00 01 78 65 00 01 79 65 00 01 7f 6f 00 01 2e 70 00 01 f5 72 00 01 b9 76 00 01 5b 7b 00 01 81 7b 00 01 74 7f 00 01 28 85 00 01 d8 89 00 01 bd 8a 00 01 3d 8c 00 4c b3 3e 8c 00 40 8f ed 98 00 01 ee 98 00 01 d1 99 00 40 da d2 99 00 40 6a d3 99 00 40 8b d6 99 00 40 8d d7 99 00 40 a2 e0 99 00 40 76 e1 99 00 40 68 57 ab 00 01 0a cb 00 01 
[1786973586604] a0 7b 1c 00 00 7b 1c 00 00 53 cc 01 00 b3 1e e1 13 01 00 00 00 8e 02 76 10 55 03 00 00 00 00 96 00 7e 27 00 00 7e 27 00 00 c8 8c 09 fb 02 82 01 ca 01 00 00 01 00 00 00 00 00 00 00 00 
[1786973586604] 72 03 7f 00 0e 0d 00 
[1786973586604] f5 54 00 01 00 00 01 02 00 00 01 03 00 00 01 04 00 00 01 05 00 00 01 06 00 00 01 07 00 00 01 08 00 00 01 09 00 00 01 0a 00 00 01 0b 00 00 01 1a 01 00 0f 3a 03 00 1e 26 0b 00 01 33 0b 00 01 34 0b 00 01 35 0b 00 01 36 0b 00 01 37 0b 00 01 99 0b 00 01 bb 0b 00 01 c2 0b 00 09 d2 0b 00 18 d3 0b 00 1d dc 0b 00 0f dd 0b 00 16 de 0b 00 0d df 0b 00 0e e8 0b 00 32 eb 0b 00 01 ff 0b 00 15 09 0c 00 14 1a 0c 00 01 d0 0c 00 0c 04 0d 00 09 0e 0d 00 18 81 0d 00 01 9d 13 00 19 a9 16 00 01 db 1c 00 03 13 1d 00 14 56 24 00 0e f2 3e 00 01 f7 3e 00 17 f9 3e 00 11 fe 3e 00 14 ff 3e 00 14 95 3f 00 01 b1 52 00 22 a3 53 00 0a 0b 56 00 01 f4 57 00 06 4e 5b 00 42 86 66 5b 00 01 e5 5b 00 01 e9 5b 00 0b f6 5b 00 09 a9 5c 00 01 77 65 00 01 78 65 00 01 79 65 00 01 7f 6f 00 01 2e 70 00 01 f5 72 00 01 b9 76 00 01 5b 7b 00 01 81 7b 00 01 74 7f 00 01 28 85 00 01 d8 89 00 01 bd 8a 00 01 3d 8c 00 4c b3 3e 8c 00 40 8f ed 98 00 01 ee 98 00 01 d1 99 00 40 da d2 99 00 40 6a d3 99 00 40 8b d6 99 00 40 8d d7 99 00 40 a2 e0 99 00 40 76 e1 99 00 40 68 57 ab 00 01 0a cb 00 01 
[1786973586604] a0 7b 1c 00 00 7b 1c 00 00 2f d2 01 00 b3 1e e1 13 01 00 00 00 8e 02 76 10 55 03 00 00 00 00 96 00 7e 27 00 00 7e 27 00 00 c8 8c 09 fb 02 82 01 ca 01 00 00 01 00 00 00 00 00 00 00 00 
[1786973586604] 72 03 81 00 0e 0d 00 
[1786973586604] f5 54 00 01 00 00 01 02 00 00 01 03 00 00 01 04 00 00 01 05 00 00 01 06 00 00 01 07 00 00 01 08 00 00 01 09 00 00 01 0a 00 00 01 0b 00 00 01 1a 01 00 0f 3a 03 00 1e 26 0b 00 01 33 0b 00 01 34 0b 00 01 35 0b 00 01 36 0b 00 01 37 0b 00 01 99 0b 00 01 bb 0b 00 01 c2 0b 00 09 d2 0b 00 18 d3 0b 00 1d dc 0b 00 0f dd 0b 00 16 de 0b 00 0d df 0b 00 0e e8 0b 00 32 eb 0b 00 01 ff 0b 00 15 09 0c 00 14 1a 0c 00 01 d0 0c 00 0c 04 0d 00 09 0e 0d 00 18 81 0d 00 01 9d 13 00 19 a9 16 00 01 db 1c 00 02 13 1d 00 14 56 24 00 0e f2 3e 00 01 f7 3e 00 17 f9 3e 00 11 fe 3e 00 14 ff 3e 00 14 95 3f 00 01 b1 52 00 22 a3 53 00 0a 0b 56 00 01 f4 57 00 06 4e 5b 00 42 86 66 5b 00 01 e5 5b 00 01 e9 5b 00 0b f6 5b 00 09 a9 5c 00 01 77 65 00 01 78 65 00 01 79 65 00 01 7f 6f 00 01 2e 70 00 01 f5 72 00 01 b9 76 00 01 5b 7b 00 01 81 7b 00 01 74 7f 00 01 28 85 00 01 d8 89 00 01 bd 8a 00 01 3d 8c 00 4c b3 3e 8c 00 40 8f ed 98 00 01 ee 98 00 01 d1 99 00 40 da d2 99 00 40 6a d3 99 00 40 8b d6 99 00 40 8d d7 99 00 40 a2 e0 99 00 40 76 e1 99 00 40 68 57 ab 00 01 0a cb 00 01 
[1786973586604] a0 7b 1c 00 00 7b 1c 00 00 0b d8 01 00 b3 1e e1 13 01 00 00 00 8e 02 76 10 55 03 00 00 00 00 96 00 7e 27 00 00 7e 27 00 00 c8 8c 09 fb 02 82 01 ca 01 00 00 01 00 00 00 00 00 00 00 00 
[1786973586604] 72 03 87 00 0e 0d 00 
[1786973586604] f5 54 00 01 00 00 01 02 00 00 01 03 00 00 01 04 00 00 01 05 00 00 01 06 00 00 01 07 00 00 01 08 00 00 01 09 00 00 01 0a 00 00 01 0b 00 00 01 1a 01 00 0f 3a 03 00 1e 26 0b 00 01 33 0b 00 01 34 0b 00 01 35 0b 00 01 36 0b 00 01 37 0b 00 01 99 0b 00 01 bb 0b 00 01 c2 0b 00 09 d2 0b 00 18 d3 0b 00 1d dc 0b 00 0f dd 0b 00 16 de 0b 00 0d df 0b 00 0e e8 0b 00 32 eb 0b 00 01 ff 0b 00 15 09 0c 00 14 1a 0c 00 01 d0 0c 00 0c 04 0d 00 09 0e 0d 00 18 81 0d 00 01 9d 13 00 19 a9 16 00 01 db 1c 00 01 13 1d 00 14 56 24 00 0e f2 3e 00 01 f7 3e 00 17 f9 3e 00 11 fe 3e 00 14 ff 3e 00 14 95 3f 00 01 b1 52 00 22 a3 53 00 0a 0b 56 00 01 f4 57 00 06 4e 5b 00 42 86 66 5b 00 01 e5 5b 00 01 e9 5b 00 0b f6 5b 00 09 a9 5c 00 01 77 65 00 01 78 65 00 01 79 65 00 01 7f 6f 00 01 2e 70 00 01 f5 72 00 01 b9 76 00 01 5b 7b 00 01 81 7b 00 01 74 7f 00 01 28 85 00 01 d8 89 00 01 bd 8a 00 01 3d 8c 00 4c b3 3e 8c 00 40 8f ed 98 00 01 ee 98 00 01 d1 99 00 40 da d2 99 00 40 6a d3 99 00 40 8b d6 99 00 40 8d d7 99 00 40 a2 e0 99 00 40 76 e1 99 00 40 68 57 ab 00 01 0a cb 00 01 
[1786973586604] a0 7b 1c 00 00 7b 1c 00 00 e7 dd 01 00 b3 1e e1 13 01 00 00 00 8e 02 76 10 55 03 00 00 00 00 96 00 7e 27 00 00 7e 27 00 00 c8 8c 09 fb 02 82 01 ca 01 00 00 01 00 00 00 00 00 00 00 00 
[1786973586604] 72 03 9d 00 0e 0d 00 
[1786973586604] f5 53 00 01 00 00 01 02 00 00 01 03 00 00 01 04 00 00 01 05 00 00 01 06 00 00 01 07 00 00 01 08 00 00 01 09 00 00 01 0a 00 00 01 0b 00 00 01 1a 01 00 0f 3a 03 00 1e 26 0b 00 01 33 0b 00 01 34 0b 00 01 35 0b 00 01 36 0b 00 01 37 0b 00 01 99 0b 00 01 bb 0b 00 01 c2 0b 00 09 d2 0b 00 18 d3 0b 00 1d dc 0b 00 0f dd 0b 00 16 de 0b 00 0d df 0b 00 0e e8 0b 00 32 eb 0b 00 01 ff 0b 00 15 09 0c 00 14 1a 0c 00 01 d0 0c 00 0c 04 0d 00 09 0e 0d 00 18 81 0d 00 01 9d 13 00 19 a9 16 00 01 13 1d 00 14 56 24 00 0e f2 3e 00 01 f7 3e 00 17 f9 3e 00 11 fe 3e 00 14 ff 3e 00 14 95 3f 00 01 b1 52 00 22 a3 53 00 0a 0b 56 00 01 f4 57 00 06 4e 5b 00 42 86 66 5b 00 01 e5 5b 00 01 e9 5b 00 0b f6 5b 00 09 a9 5c 00 01 77 65 00 01 78 65 00 01 79 65 00 01 7f 6f 00 01 2e 70 00 01 f5 72 00 01 b9 76 00 01 5b 7b 00 01 81 7b 00 01 74 7f 00 01 28 85 00 01 d8 89 00 01 bd 8a 00 01 3d 8c 00 4c b3 3e 8c 00 40 8f ed 98 00 01 ee 98 00 01 d1 99 00 40 da d2 99 00 40 6a d3 99 00 40 8b d6 99 00 40 8d d7 99 00 40 a2 e0 99 00 40 76 e1 99 00 40 68 57 ab 00 01 0a cb 00 01 
[1786973586604] a0 7b 1c 00 00 7b 1c 00 00 c3 e3 01 00 b3 1e e1 13 01 00 00 00 8e 02 76 10 55 03 00 00 00 00 96 00 7e 27 00 00 7e 27 00 00 c8 8c 09 fb 02 82 01 ca 01 00 00 01 00 00 00 00 00 00 00 00 
[1786973586604] b4 1e 12 00 53 74 6f 77 65 64 20 31 35 20 6f 62 6a 65 63 74 73 2e 
[1786973586840] a0 7b 1c 00 00 7b 1c 00 00 c3 e3 01 00 b3 1e e1 13 01 00 00 00 8e 02 76 10 55 03 00 00 00 00 96 00 7e 27 00 00 7e 27 00 00 c8 8c 09 fb 02 82 01 ca 01 00 00 01 00 00 00 00 00 00 00 00 
[1786973586840] a0 7b 1c 00 00 7b 1c 00 00 c3 e3 01 00 b3 1e e1 13 01 00 00 00 8e 02 76 10 55 03 00 00 00 00 96 00 7e 27 00 00 7e 27 00 00 c8 8c 09 fb 02 82 01 ca 01 00 00 01 00 00 00 00 00 00 00 00 
[1786973587840] a0 7b 1c 00 00 7b 1c 00 00 c3 e3 01 00 b3 1e e1 13 01 00 00 00 8e 02 76 10 55 03 00 00 00 00 96 00 7e 27 00 00 7e 27 00 00 c8 8c 09 fb 02 81 01 ca 01 00 00 01 00 00 00 00 00 00 00 00 
[1786973587840] a0 7b 1c 00 00 7b 1c 00 00 c3 e3 01 00 b3 1e e1 13 01 00 00 00 8e 02 76 10 55 03 00 00 00 00 96 00 7e 27 00 00 7e 27 00 00 c8 8c 09 fb 02 81 01 ca 01 00 00 01 00 00 00 00 00 00 00 00 
[1786973588486] 5b 01 b8 0b b8 0b 08 26 01 22 01 1f 00 c6 06 24 01 00 00 28 08 ce 00 00 00 07 02 ce 00 37 00 ec 09 05 01 00 00 83 03 1b 01 00 00 87 06 09 01 00 00 be 03 2c 01 00 00 09 00 e0 99 00 00 1b 00 00 00 1b 00 00 00 01 01 a5 8f 00 00 68 00 00 00 00 00 00 00 00 02 e0 2c 00 00 b5 00 00 00 00 00 00 00 00 03 14 c9 00 00 2c 00 00 00 00 00 00 00 00 04 e1 c8 00 00 11 00 00 00 00 00 00 00 00 05 c1 45 00 00 4b 00 00 00 00 00 00 00 00 06 f1 99 00 00 2d 00 00 00 00 00 00 00 00 07 db 1c 00 00 4b 00 00 00 35 00 00 00 00 08 f0 49 00 00 27 00 00 00 00 00 00 00 00 02 61 8a 14 01 61 8a 14 01 01 01 00 03 34 6c 8b 6a 01 af 00 00 00 02 00 00 00 
[1786973588843] a0 7b 1c 00 00 7b 1c 00 00 c3 e3 01 00 b3 1e e1 13 01 00 00 00 8e 02 76 10 55 03 00 00 00 00 96 00 7e 27 00 00 7e 27 00 00 c8 8c 09 fb 02 80 01 ca 01 00 00 01 00 00 00 00 00 00 00 00 
[1786973588843] a0 7b 1c 00 00 7b 1c 00 00 c3 e3 01 00 b3 1e e1 13 01 00 00 00 8e 02 76 10 55 03 00 00 00 00 96 00 7e 27 00 00 7e 27 00 00 c8 8c 09 fb 02 80 01 ca 01 00 00 01 00 00 00 00 00 00 00 00 
[1786973588892] 1e 
[1786973589843] 1d 
[1786973589843] a0 7b 1c 00 00 7b 1c 00 00 c3 e3 01 00 b3 1e e1 13 01 00 00 00 8e 02 76 10 55 03 00 00 00 00 96 00 7e 27 00 00 7e 27 00 00 c8 8c 09 fb 02 7f 01 ca 01 00 00 01 00 00 00 00 00 00 00 00 
[1786973589843] a0 7b 1c 00 00 7b 1c 00 00 c3 e3 01 00 b3 1e e1 13 01 00 00 00 8e 02 76 10 55 03 00 00 00 00 96 00 7e 27 00 00 7e 27 00 00 c8 8c 09 fb 02 7f 01 ca 01 00 00 01 00 00 00 00 00 00 00 00 
[1786973590344] ef 0d 04 
[1786973590853] a0 7b 1c 00 00 7b 1c 00 00 c3 e3 01 00 b3 1e e1 13 01 00 00 00 8e 02 76 10 55 03 00 00 00 00 96 00 7e 27 00 00 7e 27 00 00 c8 8c 09 fb 02 7e 01 ca 01 00 00 01 00 00 00 00 00 00 00 00 
[1786973590853] a0 7b 1c 00 00 7b 1c 00 00 c3 e3 01 00 b3 1e e1 13 01 00 00 00 8e 02 76 10 55 03 00 00 00 00 96 00 7e 27 00 00 7e 27 00 00 c8 8c 09 fb 02 7e 01 ca 01 00 00 01 00 00 00 00 00 00 00 00 
[1786973591854] a0 7b 1c 00 00 7b 1c 00 00 c3 e3 01 00 b3 1e e1 13 01 00 00 00 8e 02 76 10 55 03 00 00 00 00 96 00 7e 27 00 00 7e 27 00 00 c8 8c 09 fb 02 7d 01 ca 01 00 00 01 00 00 00 00 00 00 00 00 
[1786973591854] a0 7b 1c 00 00 7b 1c 00 00 c3 e3 01 00 b3 1e e1 13 01 00 00 00 8e 02 76 10 55 03 00 00 00 00 96 00 7e 27 00 00 7e 27 00 00 c8 8c 09 fb 02 7d 01 ca 01 00 00 01 00 00 00 00 00 00 00 00 
[1786973592854] a0 7b 1c 00 00 7b 1c 00 00 c3 e3 01 00 b3 1e e1 13 01 00 00 00 8e 02 76 10 55 03 00 00 00 00 96 00 7e 27 00 00 7e 27 00 00 c8 8c 09 fb 02 7c 01 ca 01 00 00 01 00 00 00 00 00 00 00 00 
[1786973592854] a0 7b 1c 00 00 7b 1c 00 00 c3 e3 01 00 b3 1e e1 13 01 00 00 00 8e 02 76 10 55 03 00 00 00 00 96 00 7e 27 00 00 7e 27 00 00 c8 8c 09 fb 02 7c 01 ca 01 00 00 01 00 00 00 00 00 00 00 00 
[1786973593863] a0 7b 1c 00 00 7b 1c 00 00 c3 e3 01 00 b3 1e e1 13 01 00 00 00 8e 02 76 10 55 03 00 00 00 00 96 00 7e 27 00 00 7e 27 00 00 c8 8c 09 fb 02 7b 01 ca 01 00 00 01 00 00 00 00 00 00 00 00 
[1786973593863] a0 7b 1c 00 00 7b 1c 00 00 c3 e3 01 00 b3 1e e1 13 01 00 00 00 8e 02 76 10 55 03 00 00 00 00 96 00 7e 27 00 00 7e 27 00 00 c8 8c 09 fb 02 7b 01 ca 01 00 00 01 00 00 00 00 00 00 00 00 
[1786973594864] 1d 
[1786973594864] a0 7b 1c 00 00 7b 1c 00 00 c3 e3 01 00 b3 1e e1 13 01 00 00 00 8e 02 76 10 55 03 00 00 00 00 96 00 7e 27 00 00 7e 27 00 00 c8 8c 09 fb 02 7a 01 ca 01 00 00 01 00 00 00 00 00 00 00 00 
[1786973594864] a0 7b 1c 00 00 7b 1c 00 00 c3 e3 01 00 b3 1e e1 13 01 00 00 00 8e 02 76 10 55 03 00 00 00 00 96 00 7e 27 00 00 7e 27 00 00 c8 8c 09 fb 02 7a 01 ca 01 00 00 01 00 00 00 00 00 00 00 00 
[1786973594940] 1e 
[1786973595866] a0 7b 1c 00 00 7b 1c 00 00 c3 e3 01 00 b3 1e e1 13 01 00 00 00 8e 02 76 10 55 03 00 00 00 00 96 00 7e 27 00 00 7e 27 00 00 c8 8c 09 fb 02 79 01 ca 01 00 00 01 00 00 00 00 00 00 00 00 
[1786973595866] a0 7b 1c 00 00 7b 1c 00 00 c3 e3 01 00 b3 1e e1 13 01 00 00 00 8e 02 76 10 55 03 00 00 00 00 96 00 7e 27 00 00 7e 27 00 00 c8 8c 09 fb 02 79 01 ca 01 00 00 01 00 00 00 00 00 00 00 00 
[1786973596867] a0 7b 1c 00 00 7b 1c 00 00 c3 e3 01 00 b3 1e e1 13 01 00 00 00 8e 02 76 10 55 03 00 00 00 00 96 00 7e 27 00 00 7e 27 00 00 c8 8c 09 fb 02 78 01 ca 01 00 00 01 00 00 00 00 00 00 00 00 
[1786973596867] a0 7b 1c 00 00 7b 1c 00 00 c3 e3 01 00 b3 1e e1 13 01 00 00 00 8e 02 76 10 55 03 00 00 00 00 96 00 7e 27 00 00 7e 27 00 00 c8 8c 09 fb 02 78 01 ca 01 00 00 01 00 00 00 00 00 00 00 00 
[1786973597867] a0 7b 1c 00 00 7b 1c 00 00 c3 e3 01 00 b3 1e e1 13 01 00 00 00 8e 02 76 10 55 03 00 00 00 00 96 00 7e 27 00 00 7e 27 00 00 c8 8c 09 fb 02 77 01 ca 01 00 00 01 00 00 00 00 00 00 00 00 
[1786973597867] a0 7b 1c 00 00 7b 1c 00 00 c3 e3 01 00 b3 1e e1 13 01 00 00 00 8e 02 76 10 55 03 00 00 00 00 96 00 7e 27 00 00 7e 27 00 00 c8 8c 09 fb 02 77 01 ca 01 00 00 01 00 00 00 00 00 00 00 00 
[1786973598868] a0 7b 1c 00 00 7b 1c 00 00 c3 e3 01 00 b3 1e e1 13 01 00 00 00 8e 02 76 10 55 03 00 00 00 00 96 00 7e 27 00 00 7e 27 00 00 c8 8c 09 fb 02 76 01 ca 01 00 00 01 00 00 00 00 00 00 00 00 
[1786973598868] a0 7b 1c 00 00 7b 1c 00 00 c3 e3 01 00 b3 1e e1 13 01 00 00 00 8e 02 76 10 55 03 00 00 00 00 96 00 7e 27 00 00 7e 27 00 00 c8 8c 09 fb 02 76 01 ca 01 00 00 01 00 00 00 00 00 00 00 00 
[1786973599881] 1d 
[1786973599881] a0 7b 1c 00 00 7b 1c 00 00 c3 e3 01 00 b3 1e e1 13 01 00 00 00 8e 02 76 10 55 03 00 00 00 00 96 00 7e 27 00 00 7e 27 00 00 c8 8c 09 fb 02 75 01 ca 01 00 00 01 00 00 00 00 00 00 00 00 
[1786973599881] a0 7b 1c 00 00 7b 1c 00 00 c3 e3 01 00 b3 1e e1 13 01 00 00 00 8e 02 76 10 55 03 00 00 00 00 96 00 7e 27 00 00 7e 27 00 00 c8 8c 09 fb 02 75 01 ca 01 00 00 01 00 00 00 00 00 00 00 00 
[1786973600344] ef 0d 08 
[1786973600882] a0 7b 1c 00 00 7b 1c 00 00 c3 e3 01 00 b3 1e e1 13 01 00 00 00 8e 02 76 10 55 03 00 00 00 00 96 00 7e 27 00 00 7e 27 00 00 c8 8c 09 fb 02 74 01 ca 01 00 00 01 00 00 00 00 00 00 00 00 
[1786973600882] a0 7b 1c 00 00 7b 1c 00 00 c3 e3 01 00 b3 1e e1 13 01 00 00 00 8e 02 76 10 55 03 00 00 00 00 96 00 7e 27 00 00 7e 27 00 00 c8 8c 09 fb 02 74 01 ca 01 00 00 01 00 00 00 00 00 00 00 00 
[1786973600939] 1e 
[1786973601882] a0 7b 1c 00 00 7b 1c 00 00 c3 e3 01 00 b3 1e e1 13 01 00 00 00 8e 02 76 10 55 03 00 00 00 00 96 00 7e 27 00 00 7e 27 00 00 c8 8c 09 fb 02 73 01 ca 01 00 00 01 00 00 00 00 00 00 00 00 
[1786973601882] a0 7b 1c 00 00 7b 1c 00 00 c3 e3 01 00 b3 1e e1 13 01 00 00 00 8e 02 76 10 55 03 00 00 00 00 96 00 7e 27 00 00 7e 27 00 00 c8 8c 09 fb 02 73 01 ca 01 00 00 01 00 00 00 00 00 00 00 00 
[1786973602882] a0 7b 1c 00 00 7b 1c 00 00 c3 e3 01 00 b3 1e e1 13 01 00 00 00 8e 02 76 10 55 03 00 00 00 00 96 00 7e 27 00 00 7e 27 00 00 c8 8c 09 fb 02 72 01 ca 01 00 00 01 00 00 00 00 00 00 00 00 
[1786973602882] a0 7b 1c 00 00 7b 1c 00 00 c3 e3 01 00 b3 1e e1 13 01 00 00 00 8e 02 76 10 55 03 00 00 00 00 96 00 7e 27 00 00 7e 27 00 00 c8 8c 09 fb 02 72 01 ca 01 00 00 01 00 00 00 00 00 00 00 00 
[1786973603907] a0 7b 1c 00 00 7b 1c 00 00 c3 e3 01 00 b3 1e e1 13 01 00 00 00 8e 02 76 10 55 03 00 00 00 00 96 00 7e 27 00 00 7e 27 00 00 c8 8c 09 fb 02 71 01 ca 01 00 00 01 00 00 00 00 00 00 00 00 
[1786973603907] a0 7b 1c 00 00 7b 1c 00 00 c3 e3 01 00 b3 1e e1 13 01 00 00 00 8e 02 76 10 55 03 00 00 00 00 96 00 7e 27 00 00 7e 27 00 00 c8 8c 09 fb 02 71 01 ca 01 00 00 01 00 00 00 00 00 00 00 00 
[1786973604908] 1d 
[1786973604908] a0 7b 1c 00 00 7b 1c 00 00 c3 e3 01 00 b3 1e e1 13 01 00 00 00 8e 02 76 10 55 03 00 00 00 00 96 00 7e 27 00 00 7e 27 00 00 c8 8c 09 fb 02 70 01 ca 01 00 00 01 00 00 00 00 00 00 00 00 
[1786973604908] a0 7b 1c 00 00 7b 1c 00 00 c3 e3 01 00 b3 1e e1 13 01 00 00 00 8e 02 76 10 55 03 00 00 00 00 96 00 7e 27 00 00 7e 27 00 00 c8 8c 09 fb 02 70 01 ca 01 00 00 01 00 00 00 00 00 00 00 00 
[1786973605909] a0 7b 1c 00 00 7b 1c 00 00 c3 e3 01 00 b3 1e e1 13 01 00 00 00 8e 02 76 10 55 03 00 00 00 00 96 00 7e 27 00 00 7e 27 00 00 c8 8c 09 fb 02 6f 01 ca 01 00 00 01 00 00 00 00 00 00 00 00 
[1786973605909] a0 7b 1c 00 00 7b 1c 00 00 c3 e3 01 00 b3 1e e1 13 01 00 00 00 8e 02 76 10 55 03 00 00 00 00 96 00 7e 27 00 00 7e 27 00 00 c8 8c 09 fb 02 6f 01 ca 01 00 00 01 00 00 00 00 00 00 00 00 
[1786973606909] a0 7b 1c 00 00 7b 1c 00 00 c3 e3 01 00 b3 1e e1 13 01 00 00 00 8e 02 76 10 55 03 00 00 00 00 96 00 7e 27 00 00 7e 27 00 00 c8 8c 09 fb 02 6e 01 ca 01 00 00 01 00 00 00 00 00 00 00 00 
[1786973606909] a0 7b 1c 00 00 7b 1c 00 00 c3 e3 01 00 b3 1e e1 13 01 00 00 00 8e 02 76 10 55 03 00 00 00 00 96 00 7e 27 00 00 7e 27 00 00 c8 8c 09 fb 02 6e 01 ca 01 00 00 01 00 00 00 00 00 00 00 00 
[1786973606950] 1e 
[1786973607909] a0 7b 1c 00 00 7b 1c 00 00 c3 e3 01 00 b3 1e e1 13 01 00 00 00 8e 02 76 10 55 03 00 00 00 00 96 00 7e 27 00 00 7e 27 00 00 c8 8c 09 fb 02 6d 01 ca 01 00 00 01 00 00 00 00 00 00 00 00 
[1786973607909] a0 7b 1c 00 00 7b 1c 00 00 c3 e3 01 00 b3 1e e1 13 01 00 00 00 8e 02 76 10 55 03 00 00 00 00 96 00 7e 27 00 00 7e 27 00 00 c8 8c 09 fb 02 6d 01 ca 01 00 00 01 00 00 00 00 00 00 00 00 
[1786973608910] a0 7b 1c 00 00 7b 1c 00 00 c3 e3 01 00 b3 1e e1 13 01 00 00 00 8e 02 76 10 55 03 00 00 00 00 96 00 7e 27 00 00 7e 27 00 00 c8 8c 09 fb 02 6c 01 ca 01 00 00 01 00 00 00 00 00 00 00 00 
[1786973608910] a0 7b 1c 00 00 7b 1c 00 00 c3 e3 01 00 b3 1e e1 13 01 00 00 00 8e 02 76 10 55 03 00 00 00 00 96 00 7e 27 00 00 7e 27 00 00 c8 8c 09 fb 02 6c 01 ca 01 00 00 01 00 00 00 00 00 00 00 00 
[1786973609266] a0 7b 1c 00 00 7b 1c 00 00 c3 e3 01 00 b3 1e e1 13 01 00 00 00 8e 02 76 10 55 03 00 00 00 00 96 00 7e 27 00 00 7e 27 00 00 c8 96 09 fb 02 6b 01 ca 01 00 00 01 00 00 00 00 00 00 00 00 
[1786973609266] b4 15 28 00 31 30 20 6d 69 6e 75 74 65 73 20 6f 66 20 73 74 61 6d 69 6e 61 20 68 61 73 20 62 65 65 6e 20 72 65 66 69 6c 6c 65 64 2e 
[1786973609911] 1d 
[1786973609911] a0 7b 1c 00 00 7b 1c 00 00 c3 e3 01 00 b3 1e e1 13 01 00 00 00 8e 02 76 10 55 03 00 00 00 00 96 00 7e 27 00 00 7e 27 00 00 c8 96 09 fb 02 6b 01 ca 01 00 00 01 00 00 00 00 00 00 00 00 
[1786973609911] a0 7b 1c 00 00 7b 1c 00 00 c3 e3 01 00 b3 1e e1 13 01 00 00 00 8e 02 76 10 55 03 00 00 00 00 96 00 7e 27 00 00 7e 27 00 00 c8 96 09 fb 02 6b 01 ca 01 00 00 01 00 00 00 00 00 00 00 00 
[1786973610344] ef 0d 0c 
[1786973610927] a0 7b 1c 00 00 7b 1c 00 00 c3 e3 01 00 b3 1e e1 13 01 00 00 00 8e 02 76 10 55 03 00 00 00 00 96 00 7e 27 00 00 7e 27 00 00 c8 96 09 fb 02 6a 01 ca 01 00 00 01 00 00 00 00 00 00 00 00 
[1786973610927] a0 7b 1c 00 00 7b 1c 00 00 c3 e3 01 00 b3 1e e1 13 01 00 00 00 8e 02 76 10 55 03 00 00 00 00 96 00 7e 27 00 00 7e 27 00 00 c8 96 09 fb 02 6a 01 ca 01 00 00 01 00 00 00 00 00 00 00 00 
[1786973611074] aa 6f 67 00 00 06 00 45 6e 65 6d 6d 79 00 ac 02 01 62 7e e2 7d 07 09 00 70 6f 6e 64 72 6f 20 58 44 
[1786973611927] a0 7b 1c 00 00 7b 1c 00 00 c3 e3 01 00 b3 1e e1 13 01 00 00 00 8e 02 76 10 55 03 00 00 00 00 96 00 7e 27 00 00 7e 27 00 00 c8 96 09 fb 02 69 01 ca 01 00 00 01 00 00 00 00 00 00 00 00 
[1786973611927] a0 7b 1c 00 00 7b 1c 00 00 c3 e3 01 00 b3 1e e1 13 01 00 00 00 8e 02 76 10 55 03 00 00 00 00 96 00 7e 27 00 00 7e 27 00 00 c8 96 09 fb 02 69 01 ca 01 00 00 01 00 00 00 00 00 00 00 00 
[1786973612748] aa 72 67 00 00 06 00 45 6e 65 6d 6d 79 00 ac 02 01 62 7e e2 7d 07 0d 00 72 6e 67 20 72 75 63 68 61 20 6e 61 73 
[1786973612927] a0 7b 1c 00 00 7b 1c 00 00 c3 e3 01 00 b3 1e e1 13 01 00 00 00 8e 02 76 10 55 03 00 00 00 00 96 00 7e 27 00 00 7e 27 00 00 c8 96 09 fb 02 68 01 ca 01 00 00 01 00 00 00 00 00 00 00 00 
[1786973612927] a0 7b 1c 00 00 7b 1c 00 00 c3 e3 01 00 b3 1e e1 13 01 00 00 00 8e 02 76 10 55 03 00 00 00 00 96 00 7e 27 00 00 7e 27 00 00 c8 96 09 fb 02 68 01 ca 01 00 00 01 00 00 00 00 00 00 00 00 
[1786973612983] 1e 
[1786973613162] 6e 03 a9 5c 09 00 00 00 80 00 00 00 00 0a 00 6c 6f 6f 74 20 70 6f 75 63 68 20 01 00 01 01 ac 00 20 00 20 0e 0d 00 0e 0d 00 ff 0b 00 56 24 05 00 00 00 01 3a 03 00 d0 0c 00 56 24 05 00 00 00 01 3a 03 00 0e 0d 00 04 0d 00 b1 52 00 d0 0c 00 0e 0d 00 d3 99 27 04 0d 00 0e 0d 00 56 24 05 00 00 00 01 b1 52 00 d0 0c 00 d6 99 29 3a 03 00 d0 0c 00 3a 03 00 d0 0c 00 3a 03 00 b1 52 00 ff 0b 00 04 0d 00 b1 52 00 b1 52 00 0e 0d 00 3a 03 00 00 00 00 01 
[1786973613889] aa 74 67 00 00 06 00 45 6e 65 6d 6d 79 00 ac 02 01 62 7e e2 7d 07 0a 00 6a 61 6b 20 7a 61 77 73 7a 65 
[1786973613928] a0 7b 1c 00 00 7b 1c 00 00 c3 e3 01 00 b3 1e e1 13 01 00 00 00 8e 02 76 10 55 03 00 00 00 00 96 00 7e 27 00 00 7e 27 00 00 c8 96 09 fb 02 67 01 ca 01 00 00 01 00 00 00 00 00 00 00 00 
[1786973613928] a0 7b 1c 00 00 7b 1c 00 00 c3 e3 01 00 b3 1e e1 13 01 00 00 00 8e 02 76 10 55 03 00 00 00 00 96 00 7e 27 00 00 7e 27 00 00 c8 96 09 fb 02 67 01 ca 01 00 00 01 00 00 00 00 00 00 00 00 
[1786973614938] 1d 
[1786973614938] a0 7b 1c 00 00 7b 1c 00 00 c3 e3 01 00 b3 1e e1 13 01 00 00 00 8e 02 76 10 55 03 00 00 00 00 96 00 7e 27 00 00 7e 27 00 00 c8 96 09 fb 02 66 01 ca 01 00 00 01 00 00 00 00 00 00 00 00 
[1786973614938] a0 7b 1c 00 00 7b 1c 00 00 c3 e3 01 00 b3 1e e1 13 01 00 00 00 8e 02 76 10 55 03 00 00 00 00 96 00 7e 27 00 00 7e 27 00 00 c8 96 09 fb 02 66 01 ca 01 00 00 01 00 00 00 00 00 00 00 00 
[1786973615939] a0 7b 1c 00 00 7b 1c 00 00 c3 e3 01 00 b3 1e e1 13 01 00 00 00 8e 02 76 10 55 03 00 00 00 00 96 00 7e 27 00 00 7e 27 00 00 c8 96 09 fb 02 65 01 ca 01 00 00 01 00 00 00 00 00 00 00 00 
[1786973615939] a0 7b 1c 00 00 7b 1c 00 00 c3 e3 01 00 b3 1e e1 13 01 00 00 00 8e 02 76 10 55 03 00 00 00 00 96 00 7e 27 00 00 7e 27 00 00 c8 96 09 fb 02 65 01 ca 01 00 00 01 00 00 00 00 00 00 00 00 
[1786973616721] aa 76 67 00 00 06 00 45 6e 65 6d 6d 79 00 ac 02 01 62 7e e2 7d 07 14 00 69 64 7a 20 73 70 72 61 77 64 7a 69 63 20 63 68 65 73 74 61 
[1786973616941] a0 7b 1c 00 00 7b 1c 00 00 c3 e3 01 00 b3 1e e1 13 01 00 00 00 8e 02 76 10 55 03 00 00 00 00 96 00 7e 27 00 00 7e 27 00 00 c8 96 09 fb 02 64 01 cb 01 00 00 01 00 00 00 00 00 00 00 00 
[1786973616941] a0 7b 1c 00 00 7b 1c 00 00 c3 e3 01 00 b3 1e e1 13 01 00 00 00 8e 02 76 10 55 03 00 00 00 00 96 00 7e 27 00 00 7e 27 00 00 c8 96 09 fb 02 64 01 cb 01 00 00 01 00 00 00 00 00 00 00 00 
[1786973616941] a0 7b 1c 00 00 7b 1c 00 00 c3 e3 01 00 b3 1e e1 13 01 00 00 00 8e 02 76 10 55 03 00 00 00 00 96 00 7e 27 00 00 7e 27 00 00 c8 96 09 fb 02 64 01 cb 01 00 00 01 00 00 00 00 00 00 00 00 
[1786973617958] a0 7b 1c 00 00 7b 1c 00 00 c3 e3 01 00 b3 1e e1 13 01 00 00 00 8e 02 76 10 55 03 00 00 00 00 96 00 7e 27 00 00 7e 27 00 00 c8 96 09 fb 02 63 01 cb 01 00 00 01 00 00 00 00 00 00 00 00 
[1786973617958] a0 7b 1c 00 00 7b 1c 00 00 c3 e3 01 00 b3 1e e1 13 01 00 00 00 8e 02 76 10 55 03 00 00 00 00 96 00 7e 27 00 00 7e 27 00 00 c8 96 09 fb 02 63 01 cb 01 00 00 01 00 00 00 00 00 00 00 00 
[1786973618236] 1e 
[1786973618958] a0 7b 1c 00 00 7b 1c 00 00 c3 e3 01 00 b3 1e e1 13 01 00 00 00 8e 02 76 10 55 03 00 00 00 00 96 00 7e 27 00 00 7e 27 00 00 c8 96 09 fb 02 62 01 cb 01 00 00 01 00 00 00 00 00 00 00 00 
[1786973618958] a0 7b 1c 00 00 7b 1c 00 00 c3 e3 01 00 b3 1e e1 13 01 00 00 00 8e 02 76 10 55 03 00 00 00 00 96 00 7e 27 00 00 7e 27 00 00 c8 96 09 fb 02 62 01 cb 01 00 00 01 00 00 00 00 00 00 00 00 
[1786973619472] 6e 03 a9 5c 09 00 00 00 80 00 00 00 00 0a 00 6c 6f 6f 74 20 70 6f 75 63 68 20 01 00 01 01 ac 00 40 00 20 0e 0d 00 ff 0b 00 56 24 05 00 00 00 01 3a 03 00 d7 99 3e b1 52 00 56 24 05 00 00 00 01 3a 03 00 ff 0b 00 3a 03 00 0e 0d 00 56 24 05 00 00 00 01 b1 52 00 b1 52 00 04 0d 00 b1 52 00 ff 0b 00 d0 0c 00 ff 0b 00 3a 03 00 b1 52 00 3a 03 00 b1 52 00 0e 0d 00 56 24 05 00 00 00 01 d1 99 64 56 24 05 00 00 00 01 04 0d 00 b1 52 00 04 0d 00 b1 52 00 b1 52 00 00 00 00 01 
[1786973619965] 1d 
[1786973619965] a0 7b 1c 00 00 7b 1c 00 00 c3 e3 01 00 b3 1e e1 13 01 00 00 00 8e 02 76 10 55 03 00 00 00 00 96 00 7e 27 00 00 7e 27 00 00 c8 96 09 fb 02 61 01 cb 01 00 00 01 00 00 00 00 00 00 00 00 
[1786973619965] a0 7b 1c 00 00 7b 1c 00 00 c3 e3 01 00 b3 1e e1 13 01 00 00 00 8e 02 76 10 55 03 00 00 00 00 96 00 7e 27 00 00 7e 27 00 00 c8 96 09 fb 02 61 01 cb 01 00 00 01 00 00 00 00 00 00 00 00 
[1786973620344] ef 0d 10 
[1786973620967] a0 7b 1c 00 00 7b 1c 00 00 c3 e3 01 00 b3 1e e1 13 01 00 00 00 8e 02 76 10 55 03 00 00 00 00 96 00 7e 27 00 00 7e 27 00 00 c8 96 09 fb 02 60 01 cb 01 00 00 01 00 00 00 00 00 00 00 00 
[1786973620967] a0 7b 1c 00 00 7b 1c 00 00 c3 e3 01 00 b3 1e e1 13 01 00 00 00 8e 02 76 10 55 03 00 00 00 00 96 00 7e 27 00 00 7e 27 00 00 c8 96 09 fb 02 60 01 cb 01 00 00 01 00 00 00 00 00 00 00 00 
[1786973621031] aa 78 67 00 00 06 00 45 6e 65 6d 6d 79 00 ac 02 01 62 7e e2 7d 07 1b 00 63 7a 79 20 6e 69 65 20 6d 61 73 7a 20 6c 75 6d 69 6e 6f 75 73 20 6f 72 62 6f 77 
[1786973621515] 6e 03 a9 5c 09 00 00 00 80 00 00 00 00 0a 00 6c 6f 6f 74 20 70 6f 75 63 68 20 01 00 01 01 ac 00 60 00 20 3a 03 00 0e 0d 00 b1 52 00 56 24 05 00 00 00 01 ff 0b 00 3a 03 00 0e 0d 00 56 24 05 00 00 00 01 3a 03 00 ff 0b 00 b1 52 00 04 0d 00 3a 03 00 ff 0b 00 b1 52 00 56 24 05 00 00 00 01 b1 52 00 b1 52 00 b1 52 00 ff 0b 00 0e 0d 00 b1 52 00 b1 52 00 0e 0d 00 3a 03 00 0e 0d 00 3a 03 00 b1 52 00 ff 0b 00 3a 03 00 0e 0d 00 0e 0d 00 00 00 00 01 
[1786973621968] a0 7b 1c 00 00 7b 1c 00 00 c3 e3 01 00 b3 1e e1 13 01 00 00 00 8e 02 76 10 55 03 00 00 00 00 96 00 7e 27 00 00 7e 27 00 00 c8 96 09 fb 02 5f 01 cb 01 00 00 01 00 00 00 00 00 00 00 00 
[1786973621968] a0 7b 1c 00 00 7b 1c 00 00 c3 e3 01 00 b3 1e e1 13 01 00 00 00 8e 02 76 10 55 03 00 00 00 00 96 00 7e 27 00 00 7e 27 00 00 c8 96 09 fb 02 5f 01 cb 01 00 00 01 00 00 00 00 00 00 00 00 
[1786973622968] a0 7b 1c 00 00 7b 1c 00 00 c3 e3 01 00 b3 1e e1 13 01 00 00 00 8e 02 76 10 55 03 00 00 00 00 96 00 7e 27 00 00 7e 27 00 00 c8 96 09 fb 02 5e 01 cb 01 00 00 01 00 00 00 00 00 00 00 00 
[1786973622968] a0 7b 1c 00 00 7b 1c 00 00 c3 e3 01 00 b3 1e e1 13 01 00 00 00 8e 02 76 10 55 03 00 00 00 00 96 00 7e 27 00 00 7e 27 00 00 c8 96 09 fb 02 5e 01 cb 01 00 00 01 00 00 00 00 00 00 00 00 
[1786973623521] 6e 03 a9 5c 09 00 00 00 80 00 00 00 00 0a 00 6c 6f 6f 74 20 70 6f 75 63 68 20 01 00 01 01 ac 00 80 00 20 ff 0b 00 d0 0c 00 3a 03 00 3a 03 00 ff 0b 00 3a 03 00 d0 0c 00 3a 03 00 b1 52 00 ff 3e 14 c2 0b 08 3a 03 00 df 0b 0e 9d 13 19 de 0b 0d b1 52 00 d0 0c 00 b1 52 00 0e 0d 00 d0 0c 00 3a 03 00 f9 3e 11 0e 0d 00 ff 0b 00 b1 52 00 b1 52 00 0e 0d 00 b1 52 00 ff 0b 00 dd 0b 16 d3 0b 1d d7 99 64 00 00 00 01 
[1786973623970] a0 7b 1c 00 00 7b 1c 00 00 c3 e3 01 00 b3 1e e1 13 01 00 00 00 8e 02 76 10 55 03 00 00 00 00 96 00 7e 27 00 00 7e 27 00 00 c8 96 09 fb 02 5d 01 cb 01 00 00 01 00 00 00 00 00 00 00 00 
[1786973623970] a0 7b 1c 00 00 7b 1c 00 00 c3 e3 01 00 b3 1e e1 13 01 00 00 00 8e 02 76 10 55 03 00 00 00 00 96 00 7e 27 00 00 7e 27 00 00 c8 96 09 fb 02 5d 01 cb 01 00 00 01 00 00 00 00 00 00 00 00 
[1786973624029] 1e 
[1786973624971] 1d 
[1786973624971] a0 7b 1c 00 00 7b 1c 00 00 c3 e3 01 00 b3 1e e1 13 01 00 00 00 8e 02 76 10 55 03 00 00 00 00 96 00 7e 27 00 00 7e 27 00 00 c8 96 09 fb 02 5c 01 cb 01 00 00 01 00 00 00 00 00 00 00 00 
[1786973624971] a0 7b 1c 00 00 7b 1c 00 00 c3 e3 01 00 b3 1e e1 13 01 00 00 00 8e 02 76 10 55 03 00 00 00 00 96 00 7e 27 00 00 7e 27 00 00 c8 96 09 fb 02 5c 01 cb 01 00 00 01 00 00 00 00 00 00 00 00 
[1786973625640] 6e 03 a9 5c 09 00 00 00 80 00 00 00 00 0a 00 6c 6f 6f 74 20 70 6f 75 63 68 20 01 00 01 01 ac 00 a0 00 0c d6 99 64 ff 0b 00 f7 3e 17 e0 99 64 dc 0b 0f 1a 01 0f d3 99 64 fe 3e 14 d2 0b 18 d1 99 64 e1 99 64 d2 99 64 00 00 00 01 
[1786973625986] a0 7b 1c 00 00 7b 1c 00 00 c3 e3 01 00 b3 1e e1 13 01 00 00 00 8e 02 76 10 55 03 00 00 00 00 96 00 7e 27 00 00 7e 27 00 00 c8 96 09 fb 02 5b 01 cb 01 00 00 01 00 00 00 00 00 00 00 00 
[1786973625986] a0 7b 1c 00 00 7b 1c 00 00 c3 e3 01 00 b3 1e e1 13 01 00 00 00 8e 02 76 10 55 03 00 00 00 00 96 00 7e 27 00 00 7e 27 00 00 c8 96 09 fb 02 5b 01 cb 01 00 00 01 00 00 00 00 00 00 00 00 
[1786973626986] a0 7b 1c 00 00 7b 1c 00 00 c3 e3 01 00 b3 1e e1 13 01 00 00 00 8e 02 76 10 55 03 00 00 00 00 96 00 7e 27 00 00 7e 27 00 00 c8 96 09 fb 02 5a 01 cb 01 00 00 01 00 00 00 00 00 00 00 00 
[1786973626986] a0 7b 1c 00 00 7b 1c 00 00 c3 e3 01 00 b3 1e e1 13 01 00 00 00 8e 02 76 10 55 03 00 00 00 00 96 00 7e 27 00 00 7e 27 00 00 c8 96 09 fb 02 5a 01 cb 01 00 00 01 00 00 00 00 00 00 00 00 
[1786973627991] a0 7b 1c 00 00 7b 1c 00 00 c3 e3 01 00 b3 1e e1 13 01 00 00 00 8e 02 76 10 55 03 00 00 00 00 96 00 7e 27 00 00 7e 27 00 00 c8 96 09 fb 02 59 01 cb 01 00 00 01 00 00 00 00 00 00 00 00 
[1786973627991] a0 7b 1c 00 00 7b 1c 00 00 c3 e3 01 00 b3 1e e1 13 01 00 00 00 8e 02 76 10 55 03 00 00 00 00 96 00 7e 27 00 00 7e 27 00 00 c8 96 09 fb 02 59 01 cb 01 00 00 01 00 00 00 00 00 00 00 00 
[1786973628991] a0 7b 1c 00 00 7b 1c 00 00 c3 e3 01 00 b3 1e e1 13 01 00 00 00 8e 02 76 10 55 03 00 00 00 00 96 00 7e 27 00 00 7e 27 00 00 c8 96 09 fb 02 58 01 cb 01 00 00 01 00 00 00 00 00 00 00 00 
[1786973628991] a0 7b 1c 00 00 7b 1c 00 00 c3 e3 01 00 b3 1e e1 13 01 00 00 00 8e 02 76 10 55 03 00 00 00 00 96 00 7e 27 00 00 7e 27 00 00 c8 96 09 fb 02 58 01 cb 01 00 00 01 00 00 00 00 00 00 00 00 
[1786973629991] 1d 
[1786973629991] a0 7b 1c 00 00 7b 1c 00 00 c3 e3 01 00 b3 1e e1 13 01 00 00 00 8e 02 76 10 55 03 00 00 00 00 96 00 7e 27 00 00 7e 27 00 00 c8 96 09 fb 02 57 01 cb 01 00 00 01 00 00 00 00 00 00 00 00 
[1786973629991] a0 7b 1c 00 00 7b 1c 00 00 c3 e3 01 00 b3 1e e1 13 01 00 00 00 8e 02 76 10 55 03 00 00 00 00 96 00 7e 27 00 00 7e 27 00 00 c8 96 09 fb 02 57 01 cb 01 00 00 01 00 00 00 00 00 00 00 00 
[1786973630050] 1e 
[1786973630344] ef 0d 14 
[1786973630995] a0 7b 1c 00 00 7b 1c 00 00 c3 e3 01 00 b3 1e e1 13 01 00 00 00 8e 02 76 10 55 03 00 00 00 00 96 00 7e 27 00 00 7e 27 00 00 c8 96 09 fb 02 56 01 cb 01 00 00 01 00 00 00 00 00 00 00 00 
[1786973630995] a0 7b 1c 00 00 7b 1c 00 00 c3 e3 01 00 b3 1e e1 13 01 00 00 00 8e 02 76 10 55 03 00 00 00 00 96 00 7e 27 00 00 7e 27 00 00 c8 96 09 fb 02 56 01 cb 01 00 00 01 00 00 00 00 00 00 00 00 
[1786973631096] aa 7f 67 00 00 08 00 4b 75 6b 75 72 65 6a 61 00 8e 02 01 60 7e e2 7d 07 09 00 70 61 77 79 20 6c 65 63 61 
[1786973631995] a0 7b 1c 00 00 7b 1c 00 00 c3 e3 01 00 b3 1e e1 13 01 00 00 00 8e 02 76 10 55 03 00 00 00 00 96 00 7e 27 00 00 7e 27 00 00 c8 96 09 fb 02 55 01 cb 01 00 00 01 00 00 00 00 00 00 00 00 
[1786973631995] a0 7b 1c 00 00 7b 1c 00 00 c3 e3 01 00 b3 1e e1 13 01 00 00 00 8e 02 76 10 55 03 00 00 00 00 96 00 7e 27 00 00 7e 27 00 00 c8 96 09 fb 02 55 01 cb 01 00 00 01 00 00 00 00 00 00 00 00 
[1786973633012] a0 7b 1c 00 00 7b 1c 00 00 c3 e3 01 00 b3 1e e1 13 01 00 00 00 8e 02 76 10 55 03 00 00 00 00 96 00 7e 27 00 00 7e 27 00 00 c8 96 09 fb 02 54 01 cb 01 00 00 01 00 00 00 00 00 00 00 00 
[1786973633012] a0 7b 1c 00 00 7b 1c 00 00 c3 e3 01 00 b3 1e e1 13 01 00 00 00 8e 02 76 10 55 03 00 00 00 00 96 00 7e 27 00 00 7e 27 00 00 c8 96 09 fb 02 54 01 cb 01 00 00 01 00 00 00 00 00 00 00 00 
[1786973634014] a0 7b 1c 00 00 7b 1c 00 00 c3 e3 01 00 b3 1e e1 13 01 00 00 00 8e 02 76 10 55 03 00 00 00 00 96 00 7e 27 00 00 7e 27 00 00 c8 96 09 fb 02 53 01 cb 01 00 00 01 00 00 00 00 00 00 00 00 
[1786973634014] a0 7b 1c 00 00 7b 1c 00 00 c3 e3 01 00 b3 1e e1 13 01 00 00 00 8e 02 76 10 55 03 00 00 00 00 96 00 7e 27 00 00 7e 27 00 00 c8 96 09 fb 02 53 01 cb 01 00 00 01 00 00 00 00 00 00 00 00 
[1786973635015] 1d 
[1786973635015] a0 7b 1c 00 00 7b 1c 00 00 c3 e3 01 00 b3 1e e1 13 01 00 00 00 8e 02 76 10 55 03 00 00 00 00 96 00 7e 27 00 00 7e 27 00 00 c8 96 09 fb 02 52 01 cb 01 00 00 01 00 00 00 00 00 00 00 00 
[1786973635015] a0 7b 1c 00 00 7b 1c 00 00 c3 e3 01 00 b3 1e e1 13 01 00 00 00 8e 02 76 10 55 03 00 00 00 00 96 00 7e 27 00 00 7e 27 00 00 c8 96 09 fb 02 52 01 cb 01 00 00 01 00 00 00 00 00 00 00 00 
[1786973635435] 1e 
[1786973636016] a0 7b 1c 00 00 7b 1c 00 00 c3 e3 01 00 b3 1e e1 13 01 00 00 00 8e 02 76 10 55 03 00 00 00 00 96 00 7e 27 00 00 7e 27 00 00 c8 96 09 fb 02 51 01 cb 01 00 00 01 00 00 00 00 00 00 00 00 
[1786973636016] a0 7b 1c 00 00 7b 1c 00 00 c3 e3 01 00 b3 1e e1 13 01 00 00 00 8e 02 76 10 55 03 00 00 00 00 96 00 7e 27 00 00 7e 27 00 00 c8 96 09 fb 02 51 01 cb 01 00 00 01 00 00 00 00 00 00 00 00 
[1786973637021] a0 7b 1c 00 00 7b 1c 00 00 c3 e3 01 00 b3 1e e1 13 01 00 00 00 8e 02 76 10 55 03 00 00 00 00 96 00 7e 27 00 00 7e 27 00 00 c8 96 09 fb 02 50 01 cb 01 00 00 01 00 00 00 00 00 00 00 00 
[1786973637021] a0 7b 1c 00 00 7b 1c 00 00 c3 e3 01 00 b3 1e e1 13 01 00 00 00 8e 02 76 10 55 03 00 00 00 00 96 00 7e 27 00 00 7e 27 00 00 c8 96 09 fb 02 50 01 cb 01 00 00 01 00 00 00 00 00 00 00 00 
[1786973637779] aa 84 67 00 00 08 00 4b 75 6b 75 72 65 6a 61 00 8e 02 01 60 7e e2 7d 07 1b 00 7a 20 74 6b 72 72 65 67 6f 73 20 67 6f 6e 61 20 6e 61 20 6b 61 74 61 73 61 63 68 
[1786973638022] a0 7b 1c 00 00 7b 1c 00 00 c3 e3 01 00 b3 1e e1 13 01 00 00 00 8e 02 76 10 55 03 00 00 00 00 96 00 7e 27 00 00 7e 27 00 00 c8 96 09 fb 02 4f 01 cb 01 00 00 01 00 00 00 00 00 00 00 00 
[1786973638022] a0 7b 1c 00 00 7b 1c 00 00 c3 e3 01 00 b3 1e e1 13 01 00 00 00 8e 02 76 10 55 03 00 00 00 00 96 00 7e 27 00 00 7e 27 00 00 c8 96 09 fb 02 4f 01 cb 01 00 00 01 00 00 00 00 00 00 00 00 
[1786973639022] a0 7b 1c 00 00 7b 1c 00 00 c3 e3 01 00 b3 1e e1 13 01 00 00 00 8e 02 76 10 55 03 00 00 00 00 96 00 7e 27 00 00 7e 27 00 00 c8 96 09 fb 02 4e 01 cb 01 00 00 01 00 00 00 00 00 00 00 00 
[1786973639022] a0 7b 1c 00 00 7b 1c 00 00 c3 e3 01 00 b3 1e e1 13 01 00 00 00 8e 02 76 10 55 03 00 00 00 00 96 00 7e 27 00 00 7e 27 00 00 c8 96 09 fb 02 4e 01 cb 01 00 00 01 00 00 00 00 00 00 00 00 
[1786973640022] 1d 
[1786973640022] a0 7b 1c 00 00 7b 1c 00 00 c3 e3 01 00 b3 1e e1 13 01 00 00 00 8e 02 76 10 55 03 00 00 00 00 96 00 7e 27 00 00 7e 27 00 00 c8 96 09 fb 02 4d 01 cb 01 00 00 01 00 00 00 00 00 00 00 00 
[1786973640022] a0 7b 1c 00 00 7b 1c 00 00 c3 e3 01 00 b3 1e e1 13 01 00 00 00 8e 02 76 10 55 03 00 00 00 00 96 00 7e 27 00 00 7e 27 00 00 c8 96 09 fb 02 4d 01 cb 01 00 00 01 00 00 00 00 00 00 00 00 
[1786973640344] ef 0d 18 
[1786973640554] aa 87 67 00 00 08 00 4b 75 6b 75 72 65 6a 61 00 8e 02 01 60 7e e2 7d 07 0c 00 69 74 65 20 74 61 6d 20 64 7a 69 73 
[1786973641026] a0 7b 1c 00 00 7b 1c 00 00 c3 e3 01 00 b3 1e e1 13 01 00 00 00 8e 02 76 10 55 03 00 00 00 00 96 00 7e 27 00 00 7e 27 00 00 c8 96 09 fb 02 4c 01 cb 01 00 00 01 00 00 00 00 00 00 00 00 
[1786973641026] a0 7b 1c 00 00 7b 1c 00 00 c3 e3 01 00 b3 1e e1 13 01 00 00 00 8e 02 76 10 55 03 00 00 00 00 96 00 7e 27 00 00 7e 27 00 00 c8 96 09 fb 02 4c 01 cb 01 00 00 01 00 00 00 00 00 00 00 00 
[1786973641083] 1e 
[1786973642026] a0 7b 1c 00 00 7b 1c 00 00 c3 e3 01 00 b3 1e e1 13 01 00 00 00 8e 02 76 10 55 03 00 00 00 00 96 00 7e 27 00 00 7e 27 00 00 c8 96 09 fb 02 4b 01 cb 01 00 00 01 00 00 00 00 00 00 00 00 
[1786973642026] a0 7b 1c 00 00 7b 1c 00 00 c3 e3 01 00 b3 1e e1 13 01 00 00 00 8e 02 76 10 55 03 00 00 00 00 96 00 7e 27 00 00 7e 27 00 00 c8 96 09 fb 02 4b 01 cb 01 00 00 01 00 00 00 00 00 00 00 00 
[1786973643026] a0 7b 1c 00 00 7b 1c 00 00 c3 e3 01 00 b3 1e e1 13 01 00 00 00 8e 02 76 10 55 03 00 00 00 00 96 00 7e 27 00 00 7e 27 00 00 c8 96 09 fb 02 4a 01 cb 01 00 00 01 00 00 00 00 00 00 00 00 
[1786973643026] a0 7b 1c 00 00 7b 1c 00 00 c3 e3 01 00 b3 1e e1 13 01 00 00 00 8e 02 76 10 55 03 00 00 00 00 96 00 7e 27 00 00 7e 27 00 00 c8 96 09 fb 02 4a 01 cb 01 00 00 01 00 00 00 00 00 00 00 00 
[1786973643233] aa 89 67 00 00 08 00 4b 75 6b 75 72 65 6a 61 00 8e 02 01 60 7e e2 7d 07 0b 00 62 6f 20 73 61 20 64 65 6d 63 65 
[1786973644037] a0 7b 1c 00 00 7b 1c 00 00 c3 e3 01 00 b3 1e e1 13 01 00 00 00 8e 02 76 10 55 03 00 00 00 00 96 00 7e 27 00 00 7e 27 00 00 c8 96 09 fb 02 49 01 cb 01 00 00 01 00 00 00 00 00 00 00 00 
[1786973644037] a0 7b 1c 00 00 7b 1c 00 00 c3 e3 01 00 b3 1e e1 13 01 00 00 00 8e 02 76 10 55 03 00 00 00 00 96 00 7e 27 00 00 7e 27 00 00 c8 96 09 fb 02 49 01 cb 01 00 00 01 00 00 00 00 00 00 00 00 
[1786973645022] aa 8b 67 00 00 08 00 4b 75 6b 75 72 65 6a 61 00 8e 02 01 60 7e e2 7d 07 0c 00 74 6f 20 63 69 20 7a 62 69 6f 72 65 
[1786973645044] 1d 
[1786973645044] a0 7b 1c 00 00 7b 1c 00 00 c3 e3 01 00 b3 1e e1 13 01 00 00 00 8e 02 76 10 55 03 00 00 00 00 96 00 7e 27 00 00 7e 27 00 00 c8 96 09 fb 02 48 01 cb 01 00 00 01 00 00 00 00 00 00 00 00 
[1786973645044] a0 7b 1c 00 00 7b 1c 00 00 c3 e3 01 00 b3 1e e1 13 01 00 00 00 8e 02 76 10 55 03 00 00 00 00 96 00 7e 27 00 00 7e 27 00 00 c8 96 09 fb 02 48 01 cb 01 00 00 01 00 00 00 00 00 00 00 00 
[1786973646057] a0 7b 1c 00 00 7b 1c 00 00 c3 e3 01 00 b3 1e e1 13 01 00 00 00 8e 02 76 10 55 03 00 00 00 00 96 00 7e 27 00 00 7e 27 00 00 c8 96 09 fb 02 47 01 cb 01 00 00 01 00 00 00 00 00 00 00 00 
[1786973646057] a0 7b 1c 00 00 7b 1c 00 00 c3 e3 01 00 b3 1e e1 13 01 00 00 00 8e 02 76 10 55 03 00 00 00 00 96 00 7e 27 00 00 7e 27 00 00 c8 96 09 fb 02 47 01 cb 01 00 00 01 00 00 00 00 00 00 00 00 
[1786973647057] a0 7b 1c 00 00 7b 1c 00 00 c3 e3 01 00 b3 1e e1 13 01 00 00 00 8e 02 76 10 55 03 00 00 00 00 96 00 7e 27 00 00 7e 27 00 00 c8 96 09 fb 02 46 01 cb 01 00 00 01 00 00 00 00 00 00 00 00 
[1786973647057] a0 7b 1c 00 00 7b 1c 00 00 c3 e3 01 00 b3 1e e1 13 01 00 00 00 8e 02 76 10 55 03 00 00 00 00 96 00 7e 27 00 00 7e 27 00 00 c8 96 09 fb 02 46 01 cb 01 00 00 01 00 00 00 00 00 00 00 00 
[1786973647080] 1e 
[1786973648069] a0 7b 1c 00 00 7b 1c 00 00 c3 e3 01 00 b3 1e e1 13 01 00 00 00 8e 02 76 10 55 03 00 00 00 00 96 00 7e 27 00 00 7e 27 00 00 c8 96 09 fb 02 45 01 cb 01 00 00 01 00 00 00 00 00 00 00 00 
[1786973648069] a0 7b 1c 00 00 7b 1c 00 00 c3 e3 01 00 b3 1e e1 13 01 00 00 00 8e 02 76 10 55 03 00 00 00 00 96 00 7e 27 00 00 7e 27 00 00 c8 96 09 fb 02 45 01 cb 01 00 00 01 00 00 00 00 00 00 00 00 
[1786973649069] a0 7b 1c 00 00 7b 1c 00 00 c3 e3 01 00 b3 1e e1 13 01 00 00 00 8e 02 76 10 55 03 00 00 00 00 96 00 7e 27 00 00 7e 27 00 00 c8 96 09 fb 02 44 01 cb 01 00 00 01 00 00 00 00 00 00 00 00 
[1786973649069] a0 7b 1c 00 00 7b 1c 00 00 c3 e3 01 00 b3 1e e1 13 01 00 00 00 8e 02 76 10 55 03 00 00 00 00 96 00 7e 27 00 00 7e 27 00 00 c8 96 09 fb 02 44 01 cb 01 00 00 01 00 00 00 00 00 00 00 00 
[1786973650070] 1d 
[1786973650070] a0 7b 1c 00 00 7b 1c 00 00 c3 e3 01 00 b3 1e e1 13 01 00 00 00 8e 02 76 10 55 03 00 00 00 00 96 00 7e 27 00 00 7e 27 00 00 c8 96 09 fb 02 43 01 cb 01 00 00 01 00 00 00 00 00 00 00 00 
[1786973650070] a0 7b 1c 00 00 7b 1c 00 00 c3 e3 01 00 b3 1e e1 13 01 00 00 00 8e 02 76 10 55 03 00 00 00 00 96 00 7e 27 00 00 7e 27 00 00 c8 96 09 fb 02 43 01 cb 01 00 00 01 00 00 00 00 00 00 00 00 
[1786973650344] ef 0d 1c 
[1786973651070] a0 7b 1c 00 00 7b 1c 00 00 c3 e3 01 00 b3 1e e1 13 01 00 00 00 8e 02 76 10 55 03 00 00 00 00 96 00 7e 27 00 00 7e 27 00 00 c8 96 09 fb 02 42 01 cb 01 00 00 01 00 00 00 00 00 00 00 00 
[1786973651070] a0 7b 1c 00 00 7b 1c 00 00 c3 e3 01 00 b3 1e e1 13 01 00 00 00 8e 02 76 10 55 03 00 00 00 00 96 00 7e 27 00 00 7e 27 00 00 c8 96 09 fb 02 42 01 cb 01 00 00 01 00 00 00 00 00 00 00 00 
[1786973652074] a0 7b 1c 00 00 7b 1c 00 00 c3 e3 01 00 b3 1e e1 13 01 00 00 00 8e 02 76 10 55 03 00 00 00 00 96 00 7e 27 00 00 7e 27 00 00 c8 96 09 fb 02 41 01 cb 01 00 00 01 00 00 00 00 00 00 00 00 
[1786973652074] a0 7b 1c 00 00 7b 1c 00 00 c3 e3 01 00 b3 1e e1 13 01 00 00 00 8e 02 76 10 55 03 00 00 00 00 96 00 7e 27 00 00 7e 27 00 00 c8 96 09 fb 02 41 01 cb 01 00 00 01 00 00 00 00 00 00 00 00 
[1786973653075] a0 7b 1c 00 00 7b 1c 00 00 c3 e3 01 00 b3 1e e1 13 01 00 00 00 8e 02 76 10 55 03 00 00 00 00 96 00 7e 27 00 00 7e 27 00 00 c8 96 09 fb 02 40 01 cb 01 00 00 01 00 00 00 00 00 00 00 00 
[1786973653075] a0 7b 1c 00 00 7b 1c 00 00 c3 e3 01 00 b3 1e e1 13 01 00 00 00 8e 02 76 10 55 03 00 00 00 00 96 00 7e 27 00 00 7e 27 00 00 c8 96 09 fb 02 40 01 cb 01 00 00 01 00 00 00 00 00 00 00 00 
[1786973653179] 1e 
[1786973654076] a0 7b 1c 00 00 7b 1c 00 00 c3 e3 01 00 b3 1e e1 13 01 00 00 00 8e 02 76 10 55 03 00 00 00 00 96 00 7e 27 00 00 7e 27 00 00 c8 96 09 fb 02 3f 01 cb 01 00 00 01 00 00 00 00 00 00 00 00 
[1786973654076] a0 7b 1c 00 00 7b 1c 00 00 c3 e3 01 00 b3 1e e1 13 01 00 00 00 8e 02 76 10 55 03 00 00 00 00 96 00 7e 27 00 00 7e 27 00 00 c8 96 09 fb 02 3f 01 cb 01 00 00 01 00 00 00 00 00 00 00 00 
[1786973655077] 1d 
[1786973655077] a0 7b 1c 00 00 7b 1c 00 00 c3 e3 01 00 b3 1e e1 13 01 00 00 00 8e 02 76 10 55 03 00 00 00 00 96 00 7e 27 00 00 7e 27 00 00 c8 96 09 fb 02 3e 01 cb 01 00 00 01 00 00 00 00 00 00 00 00 
[1786973655077] a0 7b 1c 00 00 7b 1c 00 00 c3 e3 01 00 b3 1e e1 13 01 00 00 00 8e 02 76 10 55 03 00 00 00 00 96 00 7e 27 00 00 7e 27 00 00 c8 96 09 fb 02 3e 01 cb 01 00 00 01 00 00 00 00 00 00 00 00 
[1786973656083] a0 7b 1c 00 00 7b 1c 00 00 c3 e3 01 00 b3 1e e1 13 01 00 00 00 8e 02 76 10 55 03 00 00 00 00 96 00 7e 27 00 00 7e 27 00 00 c8 96 09 fb 02 3d 01 cb 01 00 00 01 00 00 00 00 00 00 00 00 
[1786973656083] a0 7b 1c 00 00 7b 1c 00 00 c3 e3 01 00 b3 1e e1 13 01 00 00 00 8e 02 76 10 55 03 00 00 00 00 96 00 7e 27 00 00 7e 27 00 00 c8 96 09 fb 02 3d 01 cb 01 00 00 01 00 00 00 00 00 00 00 00 
[1786973657083] a0 7b 1c 00 00 7b 1c 00 00 c3 e3 01 00 b3 1e e1 13 01 00 00 00 8e 02 76 10 55 03 00 00 00 00 96 00 7e 27 00 00 7e 27 00 00 c8 96 09 fb 02 3c 01 cb 01 00 00 01 00 00 00 00 00 00 00 00 
[1786973657083] a0 7b 1c 00 00 7b 1c 00 00 c3 e3 01 00 b3 1e e1 13 01 00 00 00 8e 02 76 10 55 03 00 00 00 00 96 00 7e 27 00 00 7e 27 00 00 c8 96 09 fb 02 3c 01 cb 01 00 00 01 00 00 00 00 00 00 00 00 
[1786973658091] a0 7b 1c 00 00 7b 1c 00 00 c3 e3 01 00 b3 1e e1 13 01 00 00 00 8e 02 76 10 55 03 00 00 00 00 96 00 7e 27 00 00 7e 27 00 00 c8 96 09 fb 02 3b 01 cb 01 00 00 01 00 00 00 00 00 00 00 00 
[1786973658091] a0 7b 1c 00 00 7b 1c 00 00 c3 e3 01 00 b3 1e e1 13 01 00 00 00 8e 02 76 10 55 03 00 00 00 00 96 00 7e 27 00 00 7e 27 00 00 c8 96 09 fb 02 3b 01 cb 01 00 00 01 00 00 00 00 00 00 00 00 
[1786973659107] a0 7b 1c 00 00 7b 1c 00 00 c3 e3 01 00 b3 1e e1 13 01 00 00 00 8e 02 76 10 55 03 00 00 00 00 96 00 7e 27 00 00 7e 27 00 00 c8 96 09 fb 02 3a 01 cb 01 00 00 01 00 00 00 00 00 00 00 00 
[1786973659107] a0 7b 1c 00 00 7b 1c 00 00 c3 e3 01 00 b3 1e e1 13 01 00 00 00 8e 02 76 10 55 03 00 00 00 00 96 00 7e 27 00 00 7e 27 00 00 c8 96 09 fb 02 3a 01 cb 01 00 00 01 00 00 00 00 00 00 00 00 
[1786973659182] 1e 
[1786973660107] 1d 
[1786973660107] a0 7b 1c 00 00 7b 1c 00 00 c3 e3 01 00 b3 1e e1 13 01 00 00 00 8e 02 76 10 55 03 00 00 00 00 96 00 7e 27 00 00 7e 27 00 00 c8 96 09 fb 02 39 01 cb 01 00 00 01 00 00 00 00 00 00 00 00 
[1786973660107] a0 7b 1c 00 00 7b 1c 00 00 c3 e3 01 00 b3 1e e1 13 01 00 00 00 8e 02 76 10 55 03 00 00 00 00 96 00 7e 27 00 00 7e 27 00 00 c8 96 09 fb 02 39 01 cb 01 00 00 01 00 00 00 00 00 00 00 00 
[1786973660344] ef 0d 20 
[1786973661107] a0 7b 1c 00 00 7b 1c 00 00 c3 e3 01 00 b3 1e e1 13 01 00 00 00 8e 02 76 10 55 03 00 00 00 00 96 00 7e 27 00 00 7e 27 00 00 c8 96 09 fb 02 38 01 cb 01 00 00 01 00 00 00 00 00 00 00 00 
[1786973661107] a0 7b 1c 00 00 7b 1c 00 00 c3 e3 01 00 b3 1e e1 13 01 00 00 00 8e 02 76 10 55 03 00 00 00 00 96 00 7e 27 00 00 7e 27 00 00 c8 96 09 fb 02 38 01 cb 01 00 00 01 00 00 00 00 00 00 00 00 
[1786973662108] a0 7b 1c 00 00 7b 1c 00 00 c3 e3 01 00 b3 1e e1 13 01 00 00 00 8e 02 76 10 55 03 00 00 00 00 96 00 7e 27 00 00 7e 27 00 00 c8 96 09 fb 02 37 01 cb 01 00 00 01 00 00 00 00 00 00 00 00 
[1786973662108] a0 7b 1c 00 00 7b 1c 00 00 c3 e3 01 00 b3 1e e1 13 01 00 00 00 8e 02 76 10 55 03 00 00 00 00 96 00 7e 27 00 00 7e 27 00 00 c8 96 09 fb 02 37 01 cb 01 00 00 01 00 00 00 00 00 00 00 00 
[1786973663113] a0 7b 1c 00 00 7b 1c 00 00 c3 e3 01 00 b3 1e e1 13 01 00 00 00 8e 02 76 10 55 03 00 00 00 00 96 00 7e 27 00 00 7e 27 00 00 c8 96 09 fb 02 36 01 cb 01 00 00 01 00 00 00 00 00 00 00 00 
[1786973663113] a0 7b 1c 00 00 7b 1c 00 00 c3 e3 01 00 b3 1e e1 13 01 00 00 00 8e 02 76 10 55 03 00 00 00 00 96 00 7e 27 00 00 7e 27 00 00 c8 96 09 fb 02 36 01 cb 01 00 00 01 00 00 00 00 00 00 00 00 
[1786973664115] a0 7b 1c 00 00 7b 1c 00 00 c3 e3 01 00 b3 1e e1 13 01 00 00 00 8e 02 76 10 55 03 00 00 00 00 96 00 7e 27 00 00 7e 27 00 00 c8 96 09 fb 02 35 01 cb 01 00 00 01 00 00 00 00 00 00 00 00 
[1786973664115] a0 7b 1c 00 00 7b 1c 00 00 c3 e3 01 00 b3 1e e1 13 01 00 00 00 8e 02 76 10 55 03 00 00 00 00 96 00 7e 27 00 00 7e 27 00 00 c8 96 09 fb 02 35 01 cb 01 00 00 01 00 00 00 00 00 00 00 00 
[1786973665115] 1d 
[1786973665115] a0 7b 1c 00 00 7b 1c 00 00 c3 e3 01 00 b3 1e e1 13 01 00 00 00 8e 02 76 10 55 03 00 00 00 00 96 00 7e 27 00 00 7e 27 00 00 c8 96 09 fb 02 34 01 cb 01 00 00 01 00 00 00 00 00 00 00 00 
[1786973665115] a0 7b 1c 00 00 7b 1c 00 00 c3 e3 01 00 b3 1e e1 13 01 00 00 00 8e 02 76 10 55 03 00 00 00 00 96 00 7e 27 00 00 7e 27 00 00 c8 96 09 fb 02 34 01 cb 01 00 00 01 00 00 00 00 00 00 00 00 
[1786973665216] 1e 
[1786973665649] aa 96 67 00 00 06 00 45 6e 65 6d 6d 79 00 ac 02 01 62 7e e2 7d 07 10 00 32 31 32 20 73 68 6f 63 6b 20 68 65 61 64 6f 77 
[1786973666116] a0 7b 1c 00 00 7b 1c 00 00 c3 e3 01 00 b3 1e e1 13 01 00 00 00 8e 02 76 10 55 03 00 00 00 00 96 00 7e 27 00 00 7e 27 00 00 c8 96 09 fb 02 33 01 cb 01 00 00 01 00 00 00 00 00 00 00 00 
[1786973666116] a0 7b 1c 00 00 7b 1c 00 00 c3 e3 01 00 b3 1e e1 13 01 00 00 00 8e 02 76 10 55 03 00 00 00 00 96 00 7e 27 00 00 7e 27 00 00 c8 96 09 fb 02 33 01 cb 01 00 00 01 00 00 00 00 00 00 00 00 
[1786973666211] aa 98 67 00 00 06 00 45 6e 65 6d 6d 79 00 ac 02 01 62 7e e2 7d 07 05 00 6b 75 72 77 61 
[1786973667121] a0 7b 1c 00 00 7b 1c 00 00 c3 e3 01 00 b3 1e e1 13 01 00 00 00 8e 02 76 10 55 03 00 00 00 00 96 00 7e 27 00 00 7e 27 00 00 c8 96 09 fb 02 32 01 cb 01 00 00 01 00 00 00 00 00 00 00 00 
[1786973667121] a0 7b 1c 00 00 7b 1c 00 00 c3 e3 01 00 b3 1e e1 13 01 00 00 00 8e 02 76 10 55 03 00 00 00 00 96 00 7e 27 00 00 7e 27 00 00 c8 96 09 fb 02 32 01 cb 01 00 00 01 00 00 00 00 00 00 00 00 
[1786973668125] a0 7b 1c 00 00 7b 1c 00 00 c3 e3 01 00 b3 1e e1 13 01 00 00 00 8e 02 76 10 55 03 00 00 00 00 96 00 7e 27 00 00 7e 27 00 00 c8 96 09 fb 02 31 01 cb 01 00 00 01 00 00 00 00 00 00 00 00 
[1786973668125] a0 7b 1c 00 00 7b 1c 00 00 c3 e3 01 00 b3 1e e1 13 01 00 00 00 8e 02 76 10 55 03 00 00 00 00 96 00 7e 27 00 00 7e 27 00 00 c8 96 09 fb 02 31 01 cb 01 00 00 01 00 00 00 00 00 00 00 00 
[1786973669134] a0 7b 1c 00 00 7b 1c 00 00 c3 e3 01 00 b3 1e e1 13 01 00 00 00 8e 02 76 10 55 03 00 00 00 00 96 00 7e 27 00 00 7e 27 00 00 c8 96 09 fb 02 30 01 cb 01 00 00 01 00 00 00 00 00 00 00 00 
[1786973669134] a0 7b 1c 00 00 7b 1c 00 00 c3 e3 01 00 b3 1e e1 13 01 00 00 00 8e 02 76 10 55 03 00 00 00 00 96 00 7e 27 00 00 7e 27 00 00 c8 96 09 fb 02 30 01 cb 01 00 00 01 00 00 00 00 00 00 00 00 
[1786973670151] 1d 
[1786973670151] a0 7b 1c 00 00 7b 1c 00 00 c3 e3 01 00 b3 1e e1 13 01 00 00 00 8e 02 76 10 55 03 00 00 00 00 96 00 7e 27 00 00 7e 27 00 00 c8 96 09 fb 02 2f 01 cb 01 00 00 01 00 00 00 00 00 00 00 00 
[1786973670151] a0 7b 1c 00 00 7b 1c 00 00 c3 e3 01 00 b3 1e e1 13 01 00 00 00 8e 02 76 10 55 03 00 00 00 00 96 00 7e 27 00 00 7e 27 00 00 c8 96 09 fb 02 2f 01 cb 01 00 00 01 00 00 00 00 00 00 00 00 
[1786973670344] ef 0d 24 
[1786973670733] 1e 
[1786973671152] a0 7b 1c 00 00 7b 1c 00 00 c3 e3 01 00 b3 1e e1 13 01 00 00 00 8e 02 76 10 55 03 00 00 00 00 96 00 7e 27 00 00 7e 27 00 00 c8 96 09 fb 02 2e 01 cb 01 00 00 01 00 00 00 00 00 00 00 00 
[1786973671152] a0 7b 1c 00 00 7b 1c 00 00 c3 e3 01 00 b3 1e e1 13 01 00 00 00 8e 02 76 10 55 03 00 00 00 00 96 00 7e 27 00 00 7e 27 00 00 c8 96 09 fb 02 2e 01 cb 01 00 00 01 00 00 00 00 00 00 00 00 
[1786973672152] a0 7b 1c 00 00 7b 1c 00 00 c3 e3 01 00 b3 1e e1 13 01 00 00 00 8e 02 76 10 55 03 00 00 00 00 96 00 7e 27 00 00 7e 27 00 00 c8 96 09 fb 02 2d 01 cb 01 00 00 01 00 00 00 00 00 00 00 00 
[1786973672152] a0 7b 1c 00 00 7b 1c 00 00 c3 e3 01 00 b3 1e e1 13 01 00 00 00 8e 02 76 10 55 03 00 00 00 00 96 00 7e 27 00 00 7e 27 00 00 c8 96 09 fb 02 2d 01 cb 01 00 00 01 00 00 00 00 00 00 00 00 
[1786973673153] a0 7b 1c 00 00 7b 1c 00 00 c3 e3 01 00 b3 1e e1 13 01 00 00 00 8e 02 76 10 55 03 00 00 00 00 96 00 7e 27 00 00 7e 27 00 00 c8 96 09 fb 02 2c 01 cb 01 00 00 01 00 00 00 00 00 00 00 00 
[1786973673153] a0 7b 1c 00 00 7b 1c 00 00 c3 e3 01 00 b3 1e e1 13 01 00 00 00 8e 02 76 10 55 03 00 00 00 00 96 00 7e 27 00 00 7e 27 00 00 c8 96 09 fb 02 2c 01 cb 01 00 00 01 00 00 00 00 00 00 00 00 
[1786973674156] a0 7b 1c 00 00 7b 1c 00 00 c3 e3 01 00 b3 1e e1 13 01 00 00 00 8e 02 76 10 55 03 00 00 00 00 96 00 7e 27 00 00 7e 27 00 00 c8 96 09 fb 02 2b 01 cb 01 00 00 01 00 00 00 00 00 00 00 00 
[1786973674156] a0 7b 1c 00 00 7b 1c 00 00 c3 e3 01 00 b3 1e e1 13 01 00 00 00 8e 02 76 10 55 03 00 00 00 00 96 00 7e 27 00 00 7e 27 00 00 c8 96 09 fb 02 2b 01 cb 01 00 00 01 00 00 00 00 00 00 00 00 
[1786973675157] 1d 
[1786973675157] a0 7b 1c 00 00 7b 1c 00 00 c3 e3 01 00 b3 1e e1 13 01 00 00 00 8e 02 76 10 55 03 00 00 00 00 96 00 7e 27 00 00 7e 27 00 00 c8 96 09 fb 02 2a 01 cb 01 00 00 01 00 00 00 00 00 00 00 00 
[1786973675157] a0 7b 1c 00 00 7b 1c 00 00 c3 e3 01 00 b3 1e e1 13 01 00 00 00 8e 02 76 10 55 03 00 00 00 00 96 00 7e 27 00 00 7e 27 00 00 c8 96 09 fb 02 2a 01 cb 01 00 00 01 00 00 00 00 00 00 00 00 
[1786973676159] a0 7b 1c 00 00 7b 1c 00 00 c3 e3 01 00 b3 1e e1 13 01 00 00 00 8e 02 76 10 55 03 00 00 00 00 96 00 7e 27 00 00 7e 27 00 00 c8 96 09 fb 02 29 01 cb 01 00 00 01 00 00 00 00 00 00 00 00 
[1786973676159] a0 7b 1c 00 00 7b 1c 00 00 c3 e3 01 00 b3 1e e1 13 01 00 00 00 8e 02 76 10 55 03 00 00 00 00 96 00 7e 27 00 00 7e 27 00 00 c8 96 09 fb 02 29 01 cb 01 00 00 01 00 00 00 00 00 00 00 00 
[1786973676234] 1e 
[1786973677160] a0 7b 1c 00 00 7b 1c 00 00 c3 e3 01 00 b3 1e e1 13 01 00 00 00 8e 02 76 10 55 03 00 00 00 00 96 00 7e 27 00 00 7e 27 00 00 c8 96 09 fb 02 28 01 cc 01 00 00 01 00 00 00 00 00 00 00 00 
[1786973677160] a0 7b 1c 00 00 7b 1c 00 00 c3 e3 01 00 b3 1e e1 13 01 00 00 00 8e 02 76 10 55 03 00 00 00 00 96 00 7e 27 00 00 7e 27 00 00 c8 96 09 fb 02 28 01 cc 01 00 00 01 00 00 00 00 00 00 00 00 
[1786973677160] a0 7b 1c 00 00 7b 1c 00 00 c3 e3 01 00 b3 1e e1 13 01 00 00 00 8e 02 76 10 55 03 00 00 00 00 96 00 7e 27 00 00 7e 27 00 00 c8 96 09 fb 02 28 01 cc 01 00 00 01 00 00 00 00 00 00 00 00 
[1786973678162] a0 7b 1c 00 00 7b 1c 00 00 c3 e3 01 00 b3 1e e1 13 01 00 00 00 8e 02 76 10 55 03 00 00 00 00 96 00 7e 27 00 00 7e 27 00 00 c8 96 09 fb 02 27 01 cc 01 00 00 01 00 00 00 00 00 00 00 00 
[1786973678162] a0 7b 1c 00 00 7b 1c 00 00 c3 e3 01 00 b3 1e e1 13 01 00 00 00 8e 02 76 10 55 03 00 00 00 00 96 00 7e 27 00 00 7e 27 00 00 c8 96 09 fb 02 27 01 cc 01 00 00 01 00 00 00 00 00 00 00 00 
[1786973679104] aa 9f 67 00 00 08 00 4b 75 6b 75 72 65 6a 61 00 8e 02 01 60 7e e2 7d 07 02 00 58 44 
[1786973679164] a0 7b 1c 00 00 7b 1c 00 00 c3 e3 01 00 b3 1e e1 13 01 00 00 00 8e 02 76 10 55 03 00 00 00 00 96 00 7e 27 00 00 7e 27 00 00 c8 96 09 fb 02 26 01 cc 01 00 00 01 00 00 00 00 00 00 00 00 
[1786973679164] a0 7b 1c 00 00 7b 1c 00 00 c3 e3 01 00 b3 1e e1 13 01 00 00 00 8e 02 76 10 55 03 00 00 00 00 96 00 7e 27 00 00 7e 27 00 00 c8 96 09 fb 02 26 01 cc 01 00 00 01 00 00 00 00 00 00 00 00 
[1786973680164] 1d 
[1786973680164] a0 7b 1c 00 00 7b 1c 00 00 c3 e3 01 00 b3 1e e1 13 01 00 00 00 8e 02 76 10 55 03 00 00 00 00 96 00 7e 27 00 00 7e 27 00 00 c8 96 09 fb 02 25 01 cc 01 00 00 01 00 00 00 00 00 00 00 00 
[1786973680164] a0 7b 1c 00 00 7b 1c 00 00 c3 e3 01 00 b3 1e e1 13 01 00 00 00 8e 02 76 10 55 03 00 00 00 00 96 00 7e 27 00 00 7e 27 00 00 c8 96 09 fb 02 25 01 cc 01 00 00 01 00 00 00 00 00 00 00 00 
[1786973680344] ef 0d 28 
[1786973681167] a0 7b 1c 00 00 7b 1c 00 00 c3 e3 01 00 b3 1e e1 13 01 00 00 00 8e 02 76 10 55 03 00 00 00 00 96 00 7e 27 00 00 7e 27 00 00 c8 96 09 fb 02 24 01 cc 01 00 00 01 00 00 00 00 00 00 00 00 
[1786973681167] a0 7b 1c 00 00 7b 1c 00 00 c3 e3 01 00 b3 1e e1 13 01 00 00 00 8e 02 76 10 55 03 00 00 00 00 96 00 7e 27 00 00 7e 27 00 00 c8 96 09 fb 02 24 01 cc 01 00 00 01 00 00 00 00 00 00 00 00 
[1786973682199] a0 7b 1c 00 00 7b 1c 00 00 c3 e3 01 00 b3 1e e1 13 01 00 00 00 8e 02 76 10 55 03 00 00 00 00 96 00 7e 27 00 00 7e 27 00 00 c8 96 09 fb 02 23 01 cc 01 00 00 01 00 00 00 00 00 00 00 00 
[1786973682199] a0 7b 1c 00 00 7b 1c 00 00 c3 e3 01 00 b3 1e e1 13 01 00 00 00 8e 02 76 10 55 03 00 00 00 00 96 00 7e 27 00 00 7e 27 00 00 c8 96 09 fb 02 23 01 cc 01 00 00 01 00 00 00 00 00 00 00 00 
[1786973682242] 1e 
[1786973683242] a0 7b 1c 00 00 7b 1c 00 00 c3 e3 01 00 b3 1e e1 13 01 00 00 00 8e 02 76 10 55 03 00 00 00 00 96 00 7e 27 00 00 7e 27 00 00 c8 96 09 fb 02 22 01 cc 01 00 00 01 00 00 00 00 00 00 00 00 
[1786973683242] a0 7b 1c 00 00 7b 1c 00 00 c3 e3 01 00 b3 1e e1 13 01 00 00 00 8e 02 76 10 55 03 00 00 00 00 96 00 7e 27 00 00 7e 27 00 00 c8 96 09 fb 02 22 01 cc 01 00 00 01 00 00 00 00 00 00 00 00 
[1786973684244] a0 7b 1c 00 00 7b 1c 00 00 c3 e3 01 00 b3 1e e1 13 01 00 00 00 8e 02 76 10 55 03 00 00 00 00 96 00 7e 27 00 00 7e 27 00 00 c8 96 09 fb 02 21 01 cc 01 00 00 01 00 00 00 00 00 00 00 00 
[1786973684244] a0 7b 1c 00 00 7b 1c 00 00 c3 e3 01 00 b3 1e e1 13 01 00 00 00 8e 02 76 10 55 03 00 00 00 00 96 00 7e 27 00 00 7e 27 00 00 c8 96 09 fb 02 21 01 cc 01 00 00 01 00 00 00 00 00 00 00 00 
[1786973685245] 1d 
[1786973685245] a0 7b 1c 00 00 7b 1c 00 00 c3 e3 01 00 b3 1e e1 13 01 00 00 00 8e 02 76 10 55 03 00 00 00 00 96 00 7e 27 00 00 7e 27 00 00 c8 96 09 fb 02 20 01 cc 01 00 00 01 00 00 00 00 00 00 00 00 
[1786973685245] a0 7b 1c 00 00 7b 1c 00 00 c3 e3 01 00 b3 1e e1 13 01 00 00 00 8e 02 76 10 55 03 00 00 00 00 96 00 7e 27 00 00 7e 27 00 00 c8 96 09 fb 02 20 01 cc 01 00 00 01 00 00 00 00 00 00 00 00 
[1786973686246] a0 7b 1c 00 00 7b 1c 00 00 c3 e3 01 00 b3 1e e1 13 01 00 00 00 8e 02 76 10 55 03 00 00 00 00 96 00 7e 27 00 00 7e 27 00 00 c8 96 09 fb 02 1f 01 cc 01 00 00 01 00 00 00 00 00 00 00 00 
[1786973686246] a0 7b 1c 00 00 7b 1c 00 00 c3 e3 01 00 b3 1e e1 13 01 00 00 00 8e 02 76 10 55 03 00 00 00 00 96 00 7e 27 00 00 7e 27 00 00 c8 96 09 fb 02 1f 01 cc 01 00 00 01 00 00 00 00 00 00 00 00 
[1786973687273] a0 7b 1c 00 00 7b 1c 00 00 c3 e3 01 00 b3 1e e1 13 01 00 00 00 8e 02 76 10 55 03 00 00 00 00 96 00 7e 27 00 00 7e 27 00 00 c8 96 09 fb 02 1e 01 cc 01 00 00 01 00 00 00 00 00 00 00 00 
[1786973687273] a0 7b 1c 00 00 7b 1c 00 00 c3 e3 01 00 b3 1e e1 13 01 00 00 00 8e 02 76 10 55 03 00 00 00 00 96 00 7e 27 00 00 7e 27 00 00 c8 96 09 fb 02 1e 01 cc 01 00 00 01 00 00 00 00 00 00 00 00 
[1786973688273] a0 7b 1c 00 00 7b 1c 00 00 c3 e3 01 00 b3 1e e1 13 01 00 00 00 8e 02 76 10 55 03 00 00 00 00 96 00 7e 27 00 00 7e 27 00 00 c8 96 09 fb 02 1d 01 cc 01 00 00 01 00 00 00 00 00 00 00 00 
[1786973688273] a0 7b 1c 00 00 7b 1c 00 00 c3 e3 01 00 b3 1e e1 13 01 00 00 00 8e 02 76 10 55 03 00 00 00 00 96 00 7e 27 00 00 7e 27 00 00 c8 96 09 fb 02 1d 01 cc 01 00 00 01 00 00 00 00 00 00 00 00 
[1786973688290] 1e 
[1786973689275] a0 7b 1c 00 00 7b 1c 00 00 c3 e3 01 00 b3 1e e1 13 01 00 00 00 8e 02 76 10 55 03 00 00 00 00 96 00 7e 27 00 00 7e 27 00 00 c8 96 09 fb 02 1c 01 cc 01 00 00 01 00 00 00 00 00 00 00 00 
[1786973689275] a0 7b 1c 00 00 7b 1c 00 00 c3 e3 01 00 b3 1e e1 13 01 00 00 00 8e 02 76 10 55 03 00 00 00 00 96 00 7e 27 00 00 7e 27 00 00 c8 96 09 fb 02 1c 01 cc 01 00 00 01 00 00 00 00 00 00 00 00 
[1786973690278] 1d 
[1786973690278] a0 7b 1c 00 00 7b 1c 00 00 c3 e3 01 00 b3 1e e1 13 01 00 00 00 8e 02 76 10 55 03 00 00 00 00 96 00 7e 27 00 00 7e 27 00 00 c8 96 09 fb 02 1b 01 cc 01 00 00 01 00 00 00 00 00 00 00 00 
[1786973690278] a0 7b 1c 00 00 7b 1c 00 00 c3 e3 01 00 b3 1e e1 13 01 00 00 00 8e 02 76 10 55 03 00 00 00 00 96 00 7e 27 00 00 7e 27 00 00 c8 96 09 fb 02 1b 01 cc 01 00 00 01 00 00 00 00 00 00 00 00 
[1786973690344] ef 0d 2c 
[1786973691280] a0 7b 1c 00 00 7b 1c 00 00 c3 e3 01 00 b3 1e e1 13 01 00 00 00 8e 02 76 10 55 03 00 00 00 00 96 00 7e 27 00 00 7e 27 00 00 c8 96 09 fb 02 1a 01 cc 01 00 00 01 00 00 00 00 00 00 00 00 
[1786973691280] a0 7b 1c 00 00 7b 1c 00 00 c3 e3 01 00 b3 1e e1 13 01 00 00 00 8e 02 76 10 55 03 00 00 00 00 96 00 7e 27 00 00 7e 27 00 00 c8 96 09 fb 02 1a 01 cc 01 00 00 01 00 00 00 00 00 00 00 00 
[1786973692281] a0 7b 1c 00 00 7b 1c 00 00 c3 e3 01 00 b3 1e e1 13 01 00 00 00 8e 02 76 10 55 03 00 00 00 00 96 00 7e 27 00 00 7e 27 00 00 c8 96 09 fb 02 19 01 cc 01 00 00 01 00 00 00 00 00 00 00 00 
[1786973692281] a0 7b 1c 00 00 7b 1c 00 00 c3 e3 01 00 b3 1e e1 13 01 00 00 00 8e 02 76 10 55 03 00 00 00 00 96 00 7e 27 00 00 7e 27 00 00 c8 96 09 fb 02 19 01 cc 01 00 00 01 00 00 00 00 00 00 00 00 
[1786973693283] a0 7b 1c 00 00 7b 1c 00 00 c3 e3 01 00 b3 1e e1 13 01 00 00 00 8e 02 76 10 55 03 00 00 00 00 96 00 7e 27 00 00 7e 27 00 00 c8 96 09 fb 02 18 01 cc 01 00 00 01 00 00 00 00 00 00 00 00 
[1786973693283] a0 7b 1c 00 00 7b 1c 00 00 c3 e3 01 00 b3 1e e1 13 01 00 00 00 8e 02 76 10 55 03 00 00 00 00 96 00 7e 27 00 00 7e 27 00 00 c8 96 09 fb 02 18 01 cc 01 00 00 01 00 00 00 00 00 00 00 00 
[1786973694283] a0 7b 1c 00 00 7b 1c 00 00 c3 e3 01 00 b3 1e e1 13 01 00 00 00 8e 02 76 10 55 03 00 00 00 00 96 00 7e 27 00 00 7e 27 00 00 c8 96 09 fb 02 17 01 cc 01 00 00 01 00 00 00 00 00 00 00 00 
[1786973694283] a0 7b 1c 00 00 7b 1c 00 00 c3 e3 01 00 b3 1e e1 13 01 00 00 00 8e 02 76 10 55 03 00 00 00 00 96 00 7e 27 00 00 7e 27 00 00 c8 96 09 fb 02 17 01 cc 01 00 00 01 00 00 00 00 00 00 00 00 
[1786973694338] 1e 
[1786973695284] 1d 
[1786973695284] a0 7b 1c 00 00 7b 1c 00 00 c3 e3 01 00 b3 1e e1 13 01 00 00 00 8e 02 76 10 55 03 00 00 00 00 96 00 7e 27 00 00 7e 27 00 00 c8 96 09 fb 02 16 01 cc 01 00 00 01 00 00 00 00 00 00 00 00 
[1786973695284] a0 7b 1c 00 00 7b 1c 00 00 c3 e3 01 00 b3 1e e1 13 01 00 00 00 8e 02 76 10 55 03 00 00 00 00 96 00 7e 27 00 00 7e 27 00 00 c8 96 09 fb 02 16 01 cc 01 00 00 01 00 00 00 00 00 00 00 00 
[1786973696284] a0 7b 1c 00 00 7b 1c 00 00 c3 e3 01 00 b3 1e e1 13 01 00 00 00 8e 02 76 10 55 03 00 00 00 00 96 00 7e 27 00 00 7e 27 00 00 c8 96 09 fb 02 15 01 cc 01 00 00 01 00 00 00 00 00 00 00 00 
[1786973696284] a0 7b 1c 00 00 7b 1c 00 00 c3 e3 01 00 b3 1e e1 13 01 00 00 00 8e 02 76 10 55 03 00 00 00 00 96 00 7e 27 00 00 7e 27 00 00 c8 96 09 fb 02 15 01 cc 01 00 00 01 00 00 00 00 00 00 00 00 
[1786973697285] a0 7b 1c 00 00 7b 1c 00 00 c3 e3 01 00 b3 1e e1 13 01 00 00 00 8e 02 76 10 55 03 00 00 00 00 96 00 7e 27 00 00 7e 27 00 00 c8 96 09 fb 02 14 01 cc 01 00 00 01 00 00 00 00 00 00 00 00 
[1786973697285] a0 7b 1c 00 00 7b 1c 00 00 c3 e3 01 00 b3 1e e1 13 01 00 00 00 8e 02 76 10 55 03 00 00 00 00 96 00 7e 27 00 00 7e 27 00 00 c8 96 09 fb 02 14 01 cc 01 00 00 01 00 00 00 00 00 00 00 00 
[1786973698319] a0 7b 1c 00 00 7b 1c 00 00 c3 e3 01 00 b3 1e e1 13 01 00 00 00 8e 02 76 10 55 03 00 00 00 00 96 00 7e 27 00 00 7e 27 00 00 c8 96 09 fb 02 13 01 cc 01 00 00 01 00 00 00 00 00 00 00 00 
[1786973698319] a0 7b 1c 00 00 7b 1c 00 00 c3 e3 01 00 b3 1e e1 13 01 00 00 00 8e 02 76 10 55 03 00 00 00 00 96 00 7e 27 00 00 7e 27 00 00 c8 96 09 fb 02 13 01 cc 01 00 00 01 00 00 00 00 00 00 00 00 
[1786973699320] a0 7b 1c 00 00 7b 1c 00 00 c3 e3 01 00 b3 1e e1 13 01 00 00 00 8e 02 76 10 55 03 00 00 00 00 96 00 7e 27 00 00 7e 27 00 00 c8 96 09 fb 02 12 01 cc 01 00 00 01 00 00 00 00 00 00 00 00 
[1786973699320] a0 7b 1c 00 00 7b 1c 00 00 c3 e3 01 00 b3 1e e1 13 01 00 00 00 8e 02 76 10 55 03 00 00 00 00 96 00 7e 27 00 00 7e 27 00 00 c8 96 09 fb 02 12 01 cc 01 00 00 01 00 00 00 00 00 00 00 00 
[1786973700321] 1d 
[1786973700321] a0 7b 1c 00 00 7b 1c 00 00 c3 e3 01 00 b3 1e e1 13 01 00 00 00 8e 02 76 10 55 03 00 00 00 00 96 00 7e 27 00 00 7e 27 00 00 c8 96 09 fb 02 11 01 cc 01 00 00 01 00 00 00 00 00 00 00 00 
[1786973700321] a0 7b 1c 00 00 7b 1c 00 00 c3 e3 01 00 b3 1e e1 13 01 00 00 00 8e 02 76 10 55 03 00 00 00 00 96 00 7e 27 00 00 7e 27 00 00 c8 96 09 fb 02 11 01 cc 01 00 00 01 00 00 00 00 00 00 00 00 
[1786973700344] ef 0d 30 
[1786973700382] 1e 
[1786973701322] a0 7b 1c 00 00 7b 1c 00 00 c3 e3 01 00 b3 1e e1 13 01 00 00 00 8e 02 76 10 55 03 00 00 00 00 96 00 7e 27 00 00 7e 27 00 00 c8 96 09 fb 02 10 01 cc 01 00 00 01 00 00 00 00 00 00 00 00 
[1786973701322] a0 7b 1c 00 00 7b 1c 00 00 c3 e3 01 00 b3 1e e1 13 01 00 00 00 8e 02 76 10 55 03 00 00 00 00 96 00 7e 27 00 00 7e 27 00 00 c8 96 09 fb 02 10 01 cc 01 00 00 01 00 00 00 00 00 00 00 00 
[1786973702323] a0 7b 1c 00 00 7b 1c 00 00 c3 e3 01 00 b3 1e e1 13 01 00 00 00 8e 02 76 10 55 03 00 00 00 00 96 00 7e 27 00 00 7e 27 00 00 c8 96 09 fb 02 0f 01 cc 01 00 00 01 00 00 00 00 00 00 00 00 
[1786973702323] a0 7b 1c 00 00 7b 1c 00 00 c3 e3 01 00 b3 1e e1 13 01 00 00 00 8e 02 76 10 55 03 00 00 00 00 96 00 7e 27 00 00 7e 27 00 00 c8 96 09 fb 02 0f 01 cc 01 00 00 01 00 00 00 00 00 00 00 00 
[1786973703328] a0 7b 1c 00 00 7b 1c 00 00 c3 e3 01 00 b3 1e e1 13 01 00 00 00 8e 02 76 10 55 03 00 00 00 00 96 00 7e 27 00 00 7e 27 00 00 c8 96 09 fb 02 0e 01 cc 01 00 00 01 00 00 00 00 00 00 00 00 
[1786973703328] a0 7b 1c 00 00 7b 1c 00 00 c3 e3 01 00 b3 1e e1 13 01 00 00 00 8e 02 76 10 55 03 00 00 00 00 96 00 7e 27 00 00 7e 27 00 00 c8 96 09 fb 02 0e 01 cc 01 00 00 01 00 00 00 00 00 00 00 00 
[1786973704328] a0 7b 1c 00 00 7b 1c 00 00 c3 e3 01 00 b3 1e e1 13 01 00 00 00 8e 02 76 10 55 03 00 00 00 00 96 00 7e 27 00 00 7e 27 00 00 c8 96 09 fb 02 0d 01 cc 01 00 00 01 00 00 00 00 00 00 00 00 
[1786973704328] a0 7b 1c 00 00 7b 1c 00 00 c3 e3 01 00 b3 1e e1 13 01 00 00 00 8e 02 76 10 55 03 00 00 00 00 96 00 7e 27 00 00 7e 27 00 00 c8 96 09 fb 02 0d 01 cc 01 00 00 01 00 00 00 00 00 00 00 00 
[1786973705331] 1d 
[1786973705331] a0 7b 1c 00 00 7b 1c 00 00 c3 e3 01 00 b3 1e e1 13 01 00 00 00 8e 02 76 10 55 03 00 00 00 00 96 00 7e 27 00 00 7e 27 00 00 c8 96 09 fb 02 0c 01 cc 01 00 00 01 00 00 00 00 00 00 00 00 
[1786973705331] a0 7b 1c 00 00 7b 1c 00 00 c3 e3 01 00 b3 1e e1 13 01 00 00 00 8e 02 76 10 55 03 00 00 00 00 96 00 7e 27 00 00 7e 27 00 00 c8 96 09 fb 02 0c 01 cc 01 00 00 01 00 00 00 00 00 00 00 00 
[1786973706331] a0 7b 1c 00 00 7b 1c 00 00 c3 e3 01 00 b3 1e e1 13 01 00 00 00 8e 02 76 10 55 03 00 00 00 00 96 00 7e 27 00 00 7e 27 00 00 c8 96 09 fb 02 0b 01 cc 01 00 00 01 00 00 00 00 00 00 00 00 
[1786973706331] a0 7b 1c 00 00 7b 1c 00 00 c3 e3 01 00 b3 1e e1 13 01 00 00 00 8e 02 76 10 55 03 00 00 00 00 96 00 7e 27 00 00 7e 27 00 00 c8 96 09 fb 02 0b 01 cc 01 00 00 01 00 00 00 00 00 00 00 00 
[1786973706382] 1e 
[1786973707333] a0 7b 1c 00 00 7b 1c 00 00 c3 e3 01 00 b3 1e e1 13 01 00 00 00 8e 02 76 10 55 03 00 00 00 00 96 00 7e 27 00 00 7e 27 00 00 c8 96 09 fb 02 0a 01 cc 01 00 00 01 00 00 00 00 00 00 00 00 
[1786973707333] a0 7b 1c 00 00 7b 1c 00 00 c3 e3 01 00 b3 1e e1 13 01 00 00 00 8e 02 76 10 55 03 00 00 00 00 96 00 7e 27 00 00 7e 27 00 00 c8 96 09 fb 02 0a 01 cc 01 00 00 01 00 00 00 00 00 00 00 00 
[1786973708147] 5b 01 b8 0b b8 0b 08 26 01 22 01 1f 00 c6 06 24 01 00 00 28 08 ce 00 00 00 07 02 ce 00 37 00 ec 09 05 01 00 00 83 03 1b 01 00 00 87 06 09 01 00 00 be 03 2c 01 00 00 09 00 e0 99 00 00 1b 00 00 00 1b 00 00 00 01 01 a5 8f 00 00 68 00 00 00 00 00 00 00 00 02 e0 2c 00 00 b5 00 00 00 00 00 00 00 00 03 14 c9 00 00 2c 00 00 00 00 00 00 00 00 04 e1 c8 00 00 11 00 00 00 00 00 00 00 00 05 c1 45 00 00 4b 00 00 00 00 00 00 00 00 06 f1 99 00 00 2d 00 00 00 00 00 00 00 00 07 db 1c 00 00 4b 00 00 00 35 00 00 00 00 08 f0 49 00 00 27 00 00 00 00 00 00 00 00 02 61 8a 14 01 61 8a 14 01 01 01 00 03 34 6c 8b 6a 01 af 00 00 00 02 00 00 00 
[1786973708333] a0 7b 1c 00 00 7b 1c 00 00 c3 e3 01 00 b3 1e e1 13 01 00 00 00 8e 02 76 10 55 03 00 00 00 00 96 00 7e 27 00 00 7e 27 00 00 c8 96 09 fb 02 09 01 cc 01 00 00 01 00 00 00 00 00 00 00 00 
[1786973708333] a0 7b 1c 00 00 7b 1c 00 00 c3 e3 01 00 b3 1e e1 13 01 00 00 00 8e 02 76 10 55 03 00 00 00 00 96 00 7e 27 00 00 7e 27 00 00 c8 96 09 fb 02 09 01 cc 01 00 00 01 00 00 00 00 00 00 00 00 
[1786973709367] a0 7b 1c 00 00 7b 1c 00 00 c3 e3 01 00 b3 1e e1 13 01 00 00 00 8e 02 76 10 55 03 00 00 00 00 96 00 7e 27 00 00 7e 27 00 00 c8 96 09 fb 02 08 01 cc 01 00 00 01 00 00 00 00 00 00 00 00 
[1786973709367] a0 7b 1c 00 00 7b 1c 00 00 c3 e3 01 00 b3 1e e1 13 01 00 00 00 8e 02 76 10 55 03 00 00 00 00 96 00 7e 27 00 00 7e 27 00 00 c8 96 09 fb 02 08 01 cc 01 00 00 01 00 00 00 00 00 00 00 00 
[1786973710344] ef 0d 34 
[1786973710367] 1d 
[1786973710367] a0 7b 1c 00 00 7b 1c 00 00 c3 e3 01 00 b3 1e e1 13 01 00 00 00 8e 02 76 10 55 03 00 00 00 00 96 00 7e 27 00 00 7e 27 00 00 c8 96 09 fb 02 07 01 cc 01 00 00 01 00 00 00 00 00 00 00 00 
[1786973710367] a0 7b 1c 00 00 7b 1c 00 00 c3 e3 01 00 b3 1e e1 13 01 00 00 00 8e 02 76 10 55 03 00 00 00 00 96 00 7e 27 00 00 7e 27 00 00 c8 96 09 fb 02 07 01 cc 01 00 00 01 00 00 00 00 00 00 00 00 
[1786973711368] a0 7b 1c 00 00 7b 1c 00 00 c3 e3 01 00 b3 1e e1 13 01 00 00 00 8e 02 76 10 55 03 00 00 00 00 96 00 7e 27 00 00 7e 27 00 00 c8 96 09 fb 02 06 01 cc 01 00 00 01 00 00 00 00 00 00 00 00 
[1786973711368] a0 7b 1c 00 00 7b 1c 00 00 c3 e3 01 00 b3 1e e1 13 01 00 00 00 8e 02 76 10 55 03 00 00 00 00 96 00 7e 27 00 00 7e 27 00 00 c8 96 09 fb 02 06 01 cc 01 00 00 01 00 00 00 00 00 00 00 00 
[1786973712376] a0 7b 1c 00 00 7b 1c 00 00 c3 e3 01 00 b3 1e e1 13 01 00 00 00 8e 02 76 10 55 03 00 00 00 00 96 00 7e 27 00 00 7e 27 00 00 c8 96 09 fb 02 05 01 cc 01 00 00 01 00 00 00 00 00 00 00 00 
[1786973712376] a0 7b 1c 00 00 7b 1c 00 00 c3 e3 01 00 b3 1e e1 13 01 00 00 00 8e 02 76 10 55 03 00 00 00 00 96 00 7e 27 00 00 7e 27 00 00 c8 96 09 fb 02 05 01 cc 01 00 00 01 00 00 00 00 00 00 00 00 
[1786973712397] 1e 
[1786973713377] a0 7b 1c 00 00 7b 1c 00 00 c3 e3 01 00 b3 1e e1 13 01 00 00 00 8e 02 76 10 55 03 00 00 00 00 96 00 7e 27 00 00 7e 27 00 00 c8 96 09 fb 02 04 01 cc 01 00 00 01 00 00 00 00 00 00 00 00 
[1786973713377] a0 7b 1c 00 00 7b 1c 00 00 c3 e3 01 00 b3 1e e1 13 01 00 00 00 8e 02 76 10 55 03 00 00 00 00 96 00 7e 27 00 00 7e 27 00 00 c8 96 09 fb 02 04 01 cc 01 00 00 01 00 00 00 00 00 00 00 00 
[1786973714379] a0 7b 1c 00 00 7b 1c 00 00 c3 e3 01 00 b3 1e e1 13 01 00 00 00 8e 02 76 10 55 03 00 00 00 00 96 00 7e 27 00 00 7e 27 00 00 c8 96 09 fb 02 03 01 cc 01 00 00 01 00 00 00 00 00 00 00 00 
[1786973714379] a0 7b 1c 00 00 7b 1c 00 00 c3 e3 01 00 b3 1e e1 13 01 00 00 00 8e 02 76 10 55 03 00 00 00 00 96 00 7e 27 00 00 7e 27 00 00 c8 96 09 fb 02 03 01 cc 01 00 00 01 00 00 00 00 00 00 00 00 
[1786973715380] 1d 
[1786973715380] a0 7b 1c 00 00 7b 1c 00 00 c3 e3 01 00 b3 1e e1 13 01 00 00 00 8e 02 76 10 55 03 00 00 00 00 96 00 7e 27 00 00 7e 27 00 00 c8 96 09 fb 02 02 01 cc 01 00 00 01 00 00 00 00 00 00 00 00 
[1786973715380] a0 7b 1c 00 00 7b 1c 00 00 c3 e3 01 00 b3 1e e1 13 01 00 00 00 8e 02 76 10 55 03 00 00 00 00 96 00 7e 27 00 00 7e 27 00 00 c8 96 09 fb 02 02 01 cc 01 00 00 01 00 00 00 00 00 00 00 00 
[1786973716381] a0 7b 1c 00 00 7b 1c 00 00 c3 e3 01 00 b3 1e e1 13 01 00 00 00 8e 02 76 10 55 03 00 00 00 00 96 00 7e 27 00 00 7e 27 00 00 c8 96 09 fb 02 01 01 cc 01 00 00 01 00 00 00 00 00 00 00 00 
[1786973716381] a0 7b 1c 00 00 7b 1c 00 00 c3 e3 01 00 b3 1e e1 13 01 00 00 00 8e 02 76 10 55 03 00 00 00 00 96 00 7e 27 00 00 7e 27 00 00 c8 96 09 fb 02 01 01 cc 01 00 00 01 00 00 00 00 00 00 00 00 
[1786973717382] a0 7b 1c 00 00 7b 1c 00 00 c3 e3 01 00 b3 1e e1 13 01 00 00 00 8e 02 76 10 55 03 00 00 00 00 96 00 7e 27 00 00 7e 27 00 00 c8 96 09 fb 02 00 01 cc 01 00 00 01 00 00 00 00 00 00 00 00 
[1786973717382] a0 7b 1c 00 00 7b 1c 00 00 c3 e3 01 00 b3 1e e1 13 01 00 00 00 8e 02 76 10 55 03 00 00 00 00 96 00 7e 27 00 00 7e 27 00 00 c8 96 09 fb 02 00 01 cc 01 00 00 01 00 00 00 00 00 00 00 00 
[1786973718383] a0 7b 1c 00 00 7b 1c 00 00 c3 e3 01 00 b3 1e e1 13 01 00 00 00 8e 02 76 10 55 03 00 00 00 00 96 00 7e 27 00 00 7e 27 00 00 c8 96 09 fb 02 ff 00 cc 01 00 00 01 00 00 00 00 00 00 00 00 
[1786973718383] a0 7b 1c 00 00 7b 1c 00 00 c3 e3 01 00 b3 1e e1 13 01 00 00 00 8e 02 76 10 55 03 00 00 00 00 96 00 7e 27 00 00 7e 27 00 00 c8 96 09 fb 02 ff 00 cc 01 00 00 01 00 00 00 00 00 00 00 00 
[1786973718450] 1e 
[1786973719384] a0 7b 1c 00 00 7b 1c 00 00 c3 e3 01 00 b3 1e e1 13 01 00 00 00 8e 02 76 10 55 03 00 00 00 00 96 00 7e 27 00 00 7e 27 00 00 c8 96 09 fb 02 fe 00 cc 01 00 00 01 00 00 00 00 00 00 00 00 
[1786973719384] a0 7b 1c 00 00 7b 1c 00 00 c3 e3 01 00 b3 1e e1 13 01 00 00 00 8e 02 76 10 55 03 00 00 00 00 96 00 7e 27 00 00 7e 27 00 00 c8 96 09 fb 02 fe 00 cc 01 00 00 01 00 00 00 00 00 00 00 00 
[1786973720344] ef 0d 38 
[1786973720402] 1d 
[1786973720402] a0 7b 1c 00 00 7b 1c 00 00 c3 e3 01 00 b3 1e e1 13 01 00 00 00 8e 02 76 10 55 03 00 00 00 00 96 00 7e 27 00 00 7e 27 00 00 c8 96 09 fb 02 fd 00 cc 01 00 00 01 00 00 00 00 00 00 00 00 
[1786973720402] a0 7b 1c 00 00 7b 1c 00 00 c3 e3 01 00 b3 1e e1 13 01 00 00 00 8e 02 76 10 55 03 00 00 00 00 96 00 7e 27 00 00 7e 27 00 00 c8 96 09 fb 02 fd 00 cc 01 00 00 01 00 00 00 00 00 00 00 00 
[1786973721403] a0 7b 1c 00 00 7b 1c 00 00 c3 e3 01 00 b3 1e e1 13 01 00 00 00 8e 02 76 10 55 03 00 00 00 00 96 00 7e 27 00 00 7e 27 00 00 c8 96 09 fb 02 fc 00 cc 01 00 00 01 00 00 00 00 00 00 00 00 
[1786973721403] a0 7b 1c 00 00 7b 1c 00 00 c3 e3 01 00 b3 1e e1 13 01 00 00 00 8e 02 76 10 55 03 00 00 00 00 96 00 7e 27 00 00 7e 27 00 00 c8 96 09 fb 02 fc 00 cc 01 00 00 01 00 00 00 00 00 00 00 00 
[1786973722405] a0 7b 1c 00 00 7b 1c 00 00 c3 e3 01 00 b3 1e e1 13 01 00 00 00 8e 02 76 10 55 03 00 00 00 00 96 00 7e 27 00 00 7e 27 00 00 c8 96 09 fb 02 fb 00 cc 01 00 00 01 00 00 00 00 00 00 00 00 
[1786973722405] a0 7b 1c 00 00 7b 1c 00 00 c3 e3 01 00 b3 1e e1 13 01 00 00 00 8e 02 76 10 55 03 00 00 00 00 96 00 7e 27 00 00 7e 27 00 00 c8 96 09 fb 02 fb 00 cc 01 00 00 01 00 00 00 00 00 00 00 00 
[1786973723417] a0 7b 1c 00 00 7b 1c 00 00 c3 e3 01 00 b3 1e e1 13 01 00 00 00 8e 02 76 10 55 03 00 00 00 00 96 00 7e 27 00 00 7e 27 00 00 c8 96 09 fb 02 fa 00 cc 01 00 00 01 00 00 00 00 00 00 00 00 
[1786973723417] a0 7b 1c 00 00 7b 1c 00 00 c3 e3 01 00 b3 1e e1 13 01 00 00 00 8e 02 76 10 55 03 00 00 00 00 96 00 7e 27 00 00 7e 27 00 00 c8 96 09 fb 02 fa 00 cc 01 00 00 01 00 00 00 00 00 00 00 00 
[1786973724418] a0 7b 1c 00 00 7b 1c 00 00 c3 e3 01 00 b3 1e e1 13 01 00 00 00 8e 02 76 10 55 03 00 00 00 00 96 00 7e 27 00 00 7e 27 00 00 c8 96 09 fb 02 f9 00 cc 01 00 00 01 00 00 00 00 00 00 00 00 
[1786973724418] a0 7b 1c 00 00 7b 1c 00 00 c3 e3 01 00 b3 1e e1 13 01 00 00 00 8e 02 76 10 55 03 00 00 00 00 96 00 7e 27 00 00 7e 27 00 00 c8 96 09 fb 02 f9 00 cc 01 00 00 01 00 00 00 00 00 00 00 00 
[1786973724441] 1e 
[1786973725418] 1d 
[1786973725418] a0 7b 1c 00 00 7b 1c 00 00 c3 e3 01 00 b3 1e e1 13 01 00 00 00 8e 02 76 10 55 03 00 00 00 00 96 00 7e 27 00 00 7e 27 00 00 c8 96 09 fb 02 f8 00 cc 01 00 00 01 00 00 00 00 00 00 00 00 
[1786973725418] a0 7b 1c 00 00 7b 1c 00 00 c3 e3 01 00 b3 1e e1 13 01 00 00 00 8e 02 76 10 55 03 00 00 00 00 96 00 7e 27 00 00 7e 27 00 00 c8 96 09 fb 02 f8 00 cc 01 00 00 01 00 00 00 00 00 00 00 00 
[1786973726422] a0 7b 1c 00 00 7b 1c 00 00 c3 e3 01 00 b3 1e e1 13 01 00 00 00 8e 02 76 10 55 03 00 00 00 00 96 00 7e 27 00 00 7e 27 00 00 c8 96 09 fb 02 f7 00 cc 01 00 00 01 00 00 00 00 00 00 00 00 
[1786973726422] a0 7b 1c 00 00 7b 1c 00 00 c3 e3 01 00 b3 1e e1 13 01 00 00 00 8e 02 76 10 55 03 00 00 00 00 96 00 7e 27 00 00 7e 27 00 00 c8 96 09 fb 02 f7 00 cc 01 00 00 01 00 00 00 00 00 00 00 00 
[1786973727423] a0 7b 1c 00 00 7b 1c 00 00 c3 e3 01 00 b3 1e e1 13 01 00 00 00 8e 02 76 10 55 03 00 00 00 00 96 00 7e 27 00 00 7e 27 00 00 c8 96 09 fb 02 f6 00 cc 01 00 00 01 00 00 00 00 00 00 00 00 
[1786973727423] a0 7b 1c 00 00 7b 1c 00 00 c3 e3 01 00 b3 1e e1 13 01 00 00 00 8e 02 76 10 55 03 00 00 00 00 96 00 7e 27 00 00 7e 27 00 00 c8 96 09 fb 02 f6 00 cc 01 00 00 01 00 00 00 00 00 00 00 00 
[1786973728423] a0 7b 1c 00 00 7b 1c 00 00 c3 e3 01 00 b3 1e e1 13 01 00 00 00 8e 02 76 10 55 03 00 00 00 00 96 00 7e 27 00 00 7e 27 00 00 c8 96 09 fb 02 f5 00 cc 01 00 00 01 00 00 00 00 00 00 00 00 
[1786973728423] a0 7b 1c 00 00 7b 1c 00 00 c3 e3 01 00 b3 1e e1 13 01 00 00 00 8e 02 76 10 55 03 00 00 00 00 96 00 7e 27 00 00 7e 27 00 00 c8 96 09 fb 02 f5 00 cc 01 00 00 01 00 00 00 00 00 00 00 00 
[1786973729436] a0 7b 1c 00 00 7b 1c 00 00 c3 e3 01 00 b3 1e e1 13 01 00 00 00 8e 02 76 10 55 03 00 00 00 00 96 00 7e 27 00 00 7e 27 00 00 c8 96 09 fb 02 f4 00 cc 01 00 00 01 00 00 00 00 00 00 00 00 
[1786973729436] a0 7b 1c 00 00 7b 1c 00 00 c3 e3 01 00 b3 1e e1 13 01 00 00 00 8e 02 76 10 55 03 00 00 00 00 96 00 7e 27 00 00 7e 27 00 00 c8 96 09 fb 02 f4 00 cc 01 00 00 01 00 00 00 00 00 00 00 00 
[1786973730344] ef 0e 00 
[1786973730437] 1d 
[1786973730437] a0 7b 1c 00 00 7b 1c 00 00 c3 e3 01 00 b3 1e e1 13 01 00 00 00 8e 02 76 10 55 03 00 00 00 00 96 00 7e 27 00 00 7e 27 00 00 c8 96 09 fb 02 f3 00 cc 01 00 00 01 00 00 00 00 00 00 00 00 
[1786973730437] a0 7b 1c 00 00 7b 1c 00 00 c3 e3 01 00 b3 1e e1 13 01 00 00 00 8e 02 76 10 55 03 00 00 00 00 96 00 7e 27 00 00 7e 27 00 00 c8 96 09 fb 02 f3 00 cc 01 00 00 01 00 00 00 00 00 00 00 00 
[1786973730502] 1e 
[1786973731470] a0 7b 1c 00 00 7b 1c 00 00 c3 e3 01 00 b3 1e e1 13 01 00 00 00 8e 02 76 10 55 03 00 00 00 00 96 00 7e 27 00 00 7e 27 00 00 c8 96 09 fb 02 f2 00 cc 01 00 00 01 00 00 00 00 00 00 00 00 
[1786973731470] a0 7b 1c 00 00 7b 1c 00 00 c3 e3 01 00 b3 1e e1 13 01 00 00 00 8e 02 76 10 55 03 00 00 00 00 96 00 7e 27 00 00 7e 27 00 00 c8 96 09 fb 02 f2 00 cc 01 00 00 01 00 00 00 00 00 00 00 00 
[1786973732470] a0 7b 1c 00 00 7b 1c 00 00 c3 e3 01 00 b3 1e e1 13 01 00 00 00 8e 02 76 10 55 03 00 00 00 00 96 00 7e 27 00 00 7e 27 00 00 c8 96 09 fb 02 f1 00 cc 01 00 00 01 00 00 00 00 00 00 00 00 
[1786973732470] a0 7b 1c 00 00 7b 1c 00 00 c3 e3 01 00 b3 1e e1 13 01 00 00 00 8e 02 76 10 55 03 00 00 00 00 96 00 7e 27 00 00 7e 27 00 00 c8 96 09 fb 02 f1 00 cc 01 00 00 01 00 00 00 00 00 00 00 00 
[1786973733471] a0 7b 1c 00 00 7b 1c 00 00 c3 e3 01 00 b3 1e e1 13 01 00 00 00 8e 02 76 10 55 03 00 00 00 00 96 00 7e 27 00 00 7e 27 00 00 c8 96 09 fb 02 f0 00 cc 01 00 00 01 00 00 00 00 00 00 00 00 
[1786973733471] a0 7b 1c 00 00 7b 1c 00 00 c3 e3 01 00 b3 1e e1 13 01 00 00 00 8e 02 76 10 55 03 00 00 00 00 96 00 7e 27 00 00 7e 27 00 00 c8 96 09 fb 02 f0 00 cc 01 00 00 01 00 00 00 00 00 00 00 00 
[1786973734496] a0 7b 1c 00 00 7b 1c 00 00 c3 e3 01 00 b3 1e e1 13 01 00 00 00 8e 02 76 10 55 03 00 00 00 00 96 00 7e 27 00 00 7e 27 00 00 c8 96 09 fb 02 ef 00 cc 01 00 00 01 00 00 00 00 00 00 00 00 
[1786973734496] a0 7b 1c 00 00 7b 1c 00 00 c3 e3 01 00 b3 1e e1 13 01 00 00 00 8e 02 76 10 55 03 00 00 00 00 96 00 7e 27 00 00 7e 27 00 00 c8 96 09 fb 02 ef 00 cc 01 00 00 01 00 00 00 00 00 00 00 00 
[1786973734733] b4 16 54 00 59 6f 75 20 73 65 65 20 45 6e 65 6d 6d 79 20 28 4c 65 76 65 6c 20 36 38 34 29 2c 20 43 68 61 6c 6c 65 6e 67 65 72 20 6f 66 20 74 68 65 20 49 6b 73 2e 20 48 65 20 69 73 20 61 6e 20 65 6c 69 74 65 20 6b 6e 69 67 68 74 2e 20 48 65 20 69 73 20 56 49 50 2e 
[1786973735497] 1d 
[1786973735497] a0 7b 1c 00 00 7b 1c 00 00 c3 e3 01 00 b3 1e e1 13 01 00 00 00 8e 02 76 10 55 03 00 00 00 00 96 00 7e 27 00 00 7e 27 00 00 c8 96 09 fb 02 ee 00 cc 01 00 00 01 00 00 00 00 00 00 00 00 
[1786973735497] a0 7b 1c 00 00 7b 1c 00 00 c3 e3 01 00 b3 1e e1 13 01 00 00 00 8e 02 76 10 55 03 00 00 00 00 96 00 7e 27 00 00 7e 27 00 00 c8 96 09 fb 02 ee 00 cc 01 00 00 01 00 00 00 00 00 00 00 00 
[1786973736511] a0 7b 1c 00 00 7b 1c 00 00 c3 e3 01 00 b3 1e e1 13 01 00 00 00 8e 02 76 10 55 03 00 00 00 00 96 00 7e 27 00 00 7e 27 00 00 c8 96 09 fb 02 ed 00 cc 01 00 00 01 00 00 00 00 00 00 00 00 
[1786973736511] a0 7b 1c 00 00 7b 1c 00 00 c3 e3 01 00 b3 1e e1 13 01 00 00 00 8e 02 76 10 55 03 00 00 00 00 96 00 7e 27 00 00 7e 27 00 00 c8 96 09 fb 02 ed 00 cc 01 00 00 01 00 00 00 00 00 00 00 00 
[1786973736546] 1e 
[1786973737524] a0 7b 1c 00 00 7b 1c 00 00 c3 e3 01 00 b3 1e e1 13 01 00 00 00 8e 02 76 10 55 03 00 00 00 00 96 00 7e 27 00 00 7e 27 00 00 c8 96 09 fb 02 ec 00 cd 01 00 00 01 00 00 00 00 00 00 00 00 
[1786973737524] a0 7b 1c 00 00 7b 1c 00 00 c3 e3 01 00 b3 1e e1 13 01 00 00 00 8e 02 76 10 55 03 00 00 00 00 96 00 7e 27 00 00 7e 27 00 00 c8 96 09 fb 02 ec 00 cd 01 00 00 01 00 00 00 00 00 00 00 00 
[1786973737524] a0 7b 1c 00 00 7b 1c 00 00 c3 e3 01 00 b3 1e e1 13 01 00 00 00 8e 02 76 10 55 03 00 00 00 00 96 00 7e 27 00 00 7e 27 00 00 c8 96 09 fb 02 ec 00 cd 01 00 00 01 00 00 00 00 00 00 00 00 
[1786973738524] a0 7b 1c 00 00 7b 1c 00 00 c3 e3 01 00 b3 1e e1 13 01 00 00 00 8e 02 76 10 55 03 00 00 00 00 96 00 7e 27 00 00 7e 27 00 00 c8 96 09 fb 02 eb 00 cd 01 00 00 01 00 00 00 00 00 00 00 00 
[1786973738524] a0 7b 1c 00 00 7b 1c 00 00 c3 e3 01 00 b3 1e e1 13 01 00 00 00 8e 02 76 10 55 03 00 00 00 00 96 00 7e 27 00 00 7e 27 00 00 c8 96 09 fb 02 eb 00 cd 01 00 00 01 00 00 00 00 00 00 00 00 
[1786973739526] a0 7b 1c 00 00 7b 1c 00 00 c3 e3 01 00 b3 1e e1 13 01 00 00 00 8e 02 76 10 55 03 00 00 00 00 96 00 7e 27 00 00 7e 27 00 00 c8 96 09 fb 02 ea 00 cd 01 00 00 01 00 00 00 00 00 00 00 00 
[1786973739526] a0 7b 1c 00 00 7b 1c 00 00 c3 e3 01 00 b3 1e e1 13 01 00 00 00 8e 02 76 10 55 03 00 00 00 00 96 00 7e 27 00 00 7e 27 00 00 c8 96 09 fb 02 ea 00 cd 01 00 00 01 00 00 00 00 00 00 00 00 
[1786973740344] ef 0e 04 
[1786973740537] 1d 
[1786973740537] a0 7b 1c 00 00 7b 1c 00 00 c3 e3 01 00 b3 1e e1 13 01 00 00 00 8e 02 76 10 55 03 00 00 00 00 96 00 7e 27 00 00 7e 27 00 00 c8 96 09 fb 02 e9 00 cd 01 00 00 01 00 00 00 00 00 00 00 00 
[1786973740537] a0 7b 1c 00 00 7b 1c 00 00 c3 e3 01 00 b3 1e e1 13 01 00 00 00 8e 02 76 10 55 03 00 00 00 00 96 00 7e 27 00 00 7e 27 00 00 c8 96 09 fb 02 e9 00 cd 01 00 00 01 00 00 00 00 00 00 00 00 
[1786973741537] a0 7b 1c 00 00 7b 1c 00 00 c3 e3 01 00 b3 1e e1 13 01 00 00 00 8e 02 76 10 55 03 00 00 00 00 96 00 7e 27 00 00 7e 27 00 00 c8 96 09 fb 02 e8 00 cd 01 00 00 01 00 00 00 00 00 00 00 00 
[1786973741537] a0 7b 1c 00 00 7b 1c 00 00 c3 e3 01 00 b3 1e e1 13 01 00 00 00 8e 02 76 10 55 03 00 00 00 00 96 00 7e 27 00 00 7e 27 00 00 c8 96 09 fb 02 e8 00 cd 01 00 00 01 00 00 00 00 00 00 00 00 
[1786973742537] a0 7b 1c 00 00 7b 1c 00 00 c3 e3 01 00 b3 1e e1 13 01 00 00 00 8e 02 76 10 55 03 00 00 00 00 96 00 7e 27 00 00 7e 27 00 00 c8 96 09 fb 02 e7 00 cd 01 00 00 01 00 00 00 00 00 00 00 00 
[1786973742537] a0 7b 1c 00 00 7b 1c 00 00 c3 e3 01 00 b3 1e e1 13 01 00 00 00 8e 02 76 10 55 03 00 00 00 00 96 00 7e 27 00 00 7e 27 00 00 c8 96 09 fb 02 e7 00 cd 01 00 00 01 00 00 00 00 00 00 00 00 
[1786973742595] 1e 
[1786973743537] a0 7b 1c 00 00 7b 1c 00 00 c3 e3 01 00 b3 1e e1 13 01 00 00 00 8e 02 76 10 55 03 00 00 00 00 96 00 7e 27 00 00 7e 27 00 00 c8 96 09 fb 02 e6 00 cd 01 00 00 01 00 00 00 00 00 00 00 00 
[1786973743537] a0 7b 1c 00 00 7b 1c 00 00 c3 e3 01 00 b3 1e e1 13 01 00 00 00 8e 02 76 10 55 03 00 00 00 00 96 00 7e 27 00 00 7e 27 00 00 c8 96 09 fb 02 e6 00 cd 01 00 00 01 00 00 00 00 00 00 00 00 
[1786973744537] a0 7b 1c 00 00 7b 1c 00 00 c3 e3 01 00 b3 1e e1 13 01 00 00 00 8e 02 76 10 55 03 00 00 00 00 96 00 7e 27 00 00 7e 27 00 00 c8 96 09 fb 02 e5 00 cd 01 00 00 01 00 00 00 00 00 00 00 00 
[1786973744537] a0 7b 1c 00 00 7b 1c 00 00 c3 e3 01 00 b3 1e e1 13 01 00 00 00 8e 02 76 10 55 03 00 00 00 00 96 00 7e 27 00 00 7e 27 00 00 c8 96 09 fb 02 e5 00 cd 01 00 00 01 00 00 00 00 00 00 00 00 
[1786973745538] 1d 
[1786973745538] a0 7b 1c 00 00 7b 1c 00 00 c3 e3 01 00 b3 1e e1 13 01 00 00 00 8e 02 76 10 55 03 00 00 00 00 96 00 7e 27 00 00 7e 27 00 00 c8 96 09 fb 02 e4 00 cd 01 00 00 01 00 00 00 00 00 00 00 00 
[1786973745538] a0 7b 1c 00 00 7b 1c 00 00 c3 e3 01 00 b3 1e e1 13 01 00 00 00 8e 02 76 10 55 03 00 00 00 00 96 00 7e 27 00 00 7e 27 00 00 c8 96 09 fb 02 e4 00 cd 01 00 00 01 00 00 00 00 00 00 00 00 
[1786973746540] a0 7b 1c 00 00 7b 1c 00 00 c3 e3 01 00 b3 1e e1 13 01 00 00 00 8e 02 76 10 55 03 00 00 00 00 96 00 7e 27 00 00 7e 27 00 00 c8 96 09 fb 02 e3 00 cd 01 00 00 01 00 00 00 00 00 00 00 00 
[1786973746540] a0 7b 1c 00 00 7b 1c 00 00 c3 e3 01 00 b3 1e e1 13 01 00 00 00 8e 02 76 10 55 03 00 00 00 00 96 00 7e 27 00 00 7e 27 00 00 c8 96 09 fb 02 e3 00 cd 01 00 00 01 00 00 00 00 00 00 00 00 
[1786973747541] a0 7b 1c 00 00 7b 1c 00 00 c3 e3 01 00 b3 1e e1 13 01 00 00 00 8e 02 76 10 55 03 00 00 00 00 96 00 7e 27 00 00 7e 27 00 00 c8 96 09 fb 02 e2 00 cd 01 00 00 01 00 00 00 00 00 00 00 00 
[1786973747541] a0 7b 1c 00 00 7b 1c 00 00 c3 e3 01 00 b3 1e e1 13 01 00 00 00 8e 02 76 10 55 03 00 00 00 00 96 00 7e 27 00 00 7e 27 00 00 c8 96 09 fb 02 e2 00 cd 01 00 00 01 00 00 00 00 00 00 00 00 
[1786973748567] a0 7b 1c 00 00 7b 1c 00 00 c3 e3 01 00 b3 1e e1 13 01 00 00 00 8e 02 76 10 55 03 00 00 00 00 96 00 7e 27 00 00 7e 27 00 00 c8 96 09 fb 02 e1 00 cd 01 00 00 01 00 00 00 00 00 00 00 00 
[1786973748567] a0 7b 1c 00 00 7b 1c 00 00 c3 e3 01 00 b3 1e e1 13 01 00 00 00 8e 02 76 10 55 03 00 00 00 00 96 00 7e 27 00 00 7e 27 00 00 c8 96 09 fb 02 e1 00 cd 01 00 00 01 00 00 00 00 00 00 00 00 
[1786973748641] 1e 
[1786973749569] a0 7b 1c 00 00 7b 1c 00 00 c3 e3 01 00 b3 1e e1 13 01 00 00 00 8e 02 76 10 55 03 00 00 00 00 96 00 7e 27 00 00 7e 27 00 00 c8 96 09 fb 02 e0 00 cd 01 00 00 01 00 00 00 00 00 00 00 00 
[1786973749569] a0 7b 1c 00 00 7b 1c 00 00 c3 e3 01 00 b3 1e e1 13 01 00 00 00 8e 02 76 10 55 03 00 00 00 00 96 00 7e 27 00 00 7e 27 00 00 c8 96 09 fb 02 e0 00 cd 01 00 00 01 00 00 00 00 00 00 00 00 
[1786973750344] ef 0e 08 
[1786973750569] 1d 
[1786973750569] a0 7b 1c 00 00 7b 1c 00 00 c3 e3 01 00 b3 1e e1 13 01 00 00 00 8e 02 76 10 55 03 00 00 00 00 96 00 7e 27 00 00 7e 27 00 00 c8 96 09 fb 02 df 00 cd 01 00 00 01 00 00 00 00 00 00 00 00 
[1786973750569] a0 7b 1c 00 00 7b 1c 00 00 c3 e3 01 00 b3 1e e1 13 01 00 00 00 8e 02 76 10 55 03 00 00 00 00 96 00 7e 27 00 00 7e 27 00 00 c8 96 09 fb 02 df 00 cd 01 00 00 01 00 00 00 00 00 00 00 00 
[1786973751570] a0 7b 1c 00 00 7b 1c 00 00 c3 e3 01 00 b3 1e e1 13 01 00 00 00 8e 02 76 10 55 03 00 00 00 00 96 00 7e 27 00 00 7e 27 00 00 c8 96 09 fb 02 de 00 cd 01 00 00 01 00 00 00 00 00 00 00 00 
[1786973751570] a0 7b 1c 00 00 7b 1c 00 00 c3 e3 01 00 b3 1e e1 13 01 00 00 00 8e 02 76 10 55 03 00 00 00 00 96 00 7e 27 00 00 7e 27 00 00 c8 96 09 fb 02 de 00 cd 01 00 00 01 00 00 00 00 00 00 00 00 
[1786973752572] a0 7b 1c 00 00 7b 1c 00 00 c3 e3 01 00 b3 1e e1 13 01 00 00 00 8e 02 76 10 55 03 00 00 00 00 96 00 7e 27 00 00 7e 27 00 00 c8 96 09 fb 02 dd 00 cd 01 00 00 01 00 00 00 00 00 00 00 00 
[1786973752572] a0 7b 1c 00 00 7b 1c 00 00 c3 e3 01 00 b3 1e e1 13 01 00 00 00 8e 02 76 10 55 03 00 00 00 00 96 00 7e 27 00 00 7e 27 00 00 c8 96 09 fb 02 dd 00 cd 01 00 00 01 00 00 00 00 00 00 00 00 
[1786973753572] a0 7b 1c 00 00 7b 1c 00 00 c3 e3 01 00 b3 1e e1 13 01 00 00 00 8e 02 76 10 55 03 00 00 00 00 96 00 7e 27 00 00 7e 27 00 00 c8 96 09 fb 02 dc 00 cd 01 00 00 01 00 00 00 00 00 00 00 00 
[1786973753572] a0 7b 1c 00 00 7b 1c 00 00 c3 e3 01 00 b3 1e e1 13 01 00 00 00 8e 02 76 10 55 03 00 00 00 00 96 00 7e 27 00 00 7e 27 00 00 c8 96 09 fb 02 dc 00 cd 01 00 00 01 00 00 00 00 00 00 00 00 
[1786973754573] a0 7b 1c 00 00 7b 1c 00 00 c3 e3 01 00 b3 1e e1 13 01 00 00 00 8e 02 76 10 55 03 00 00 00 00 96 00 7e 27 00 00 7e 27 00 00 c8 96 09 fb 02 db 00 cd 01 00 00 01 00 00 00 00 00 00 00 00 
[1786973754573] a0 7b 1c 00 00 7b 1c 00 00 c3 e3 01 00 b3 1e e1 13 01 00 00 00 8e 02 76 10 55 03 00 00 00 00 96 00 7e 27 00 00 7e 27 00 00 c8 96 09 fb 02 db 00 cd 01 00 00 01 00 00 00 00 00 00 00 00 
[1786973754648] 1e 
[1786973755576] 1d 
[1786973755576] a0 7b 1c 00 00 7b 1c 00 00 c3 e3 01 00 b3 1e e1 13 01 00 00 00 8e 02 76 10 55 03 00 00 00 00 96 00 7e 27 00 00 7e 27 00 00 c8 96 09 fb 02 da 00 cd 01 00 00 01 00 00 00 00 00 00 00 00 
[1786973755576] a0 7b 1c 00 00 7b 1c 00 00 c3 e3 01 00 b3 1e e1 13 01 00 00 00 8e 02 76 10 55 03 00 00 00 00 96 00 7e 27 00 00 7e 27 00 00 c8 96 09 fb 02 da 00 cd 01 00 00 01 00 00 00 00 00 00 00 00 
[1786973756576] a0 7b 1c 00 00 7b 1c 00 00 c3 e3 01 00 b3 1e e1 13 01 00 00 00 8e 02 76 10 55 03 00 00 00 00 96 00 7e 27 00 00 7e 27 00 00 c8 96 09 fb 02 d9 00 cd 01 00 00 01 00 00 00 00 00 00 00 00 
[1786973756576] a0 7b 1c 00 00 7b 1c 00 00 c3 e3 01 00 b3 1e e1 13 01 00 00 00 8e 02 76 10 55 03 00 00 00 00 96 00 7e 27 00 00 7e 27 00 00 c8 96 09 fb 02 d9 00 cd 01 00 00 01 00 00 00 00 00 00 00 00 
[1786973757577] a0 7b 1c 00 00 7b 1c 00 00 c3 e3 01 00 b3 1e e1 13 01 00 00 00 8e 02 76 10 55 03 00 00 00 00 96 00 7e 27 00 00 7e 27 00 00 c8 96 09 fb 02 d8 00 cd 01 00 00 01 00 00 00 00 00 00 00 00 
[1786973757577] a0 7b 1c 00 00 7b 1c 00 00 c3 e3 01 00 b3 1e e1 13 01 00 00 00 8e 02 76 10 55 03 00 00 00 00 96 00 7e 27 00 00 7e 27 00 00 c8 96 09 fb 02 d8 00 cd 01 00 00 01 00 00 00 00 00 00 00 00 
[1786973758577] a0 7b 1c 00 00 7b 1c 00 00 c3 e3 01 00 b3 1e e1 13 01 00 00 00 8e 02 76 10 55 03 00 00 00 00 96 00 7e 27 00 00 7e 27 00 00 c8 96 09 fb 02 d7 00 cd 01 00 00 01 00 00 00 00 00 00 00 00 
[1786973758577] a0 7b 1c 00 00 7b 1c 00 00 c3 e3 01 00 b3 1e e1 13 01 00 00 00 8e 02 76 10 55 03 00 00 00 00 96 00 7e 27 00 00 7e 27 00 00 c8 96 09 fb 02 d7 00 cd 01 00 00 01 00 00 00 00 00 00 00 00 
[1786973759606] a0 7b 1c 00 00 7b 1c 00 00 c3 e3 01 00 b3 1e e1 13 01 00 00 00 8e 02 76 10 55 03 00 00 00 00 96 00 7e 27 00 00 7e 27 00 00 c8 96 09 fb 02 d6 00 cd 01 00 00 01 00 00 00 00 00 00 00 00 
[1786973759606] a0 7b 1c 00 00 7b 1c 00 00 c3 e3 01 00 b3 1e e1 13 01 00 00 00 8e 02 76 10 55 03 00 00 00 00 96 00 7e 27 00 00 7e 27 00 00 c8 96 09 fb 02 d6 00 cd 01 00 00 01 00 00 00 00 00 00 00 00 
[1786973760344] ef 0e 0c 
[1786973760607] 1d 
[1786973760607] a0 7b 1c 00 00 7b 1c 00 00 c3 e3 01 00 b3 1e e1 13 01 00 00 00 8e 02 76 10 55 03 00 00 00 00 96 00 7e 27 00 00 7e 27 00 00 c8 96 09 fb 02 d5 00 cd 01 00 00 01 00 00 00 00 00 00 00 00 
[1786973760607] a0 7b 1c 00 00 7b 1c 00 00 c3 e3 01 00 b3 1e e1 13 01 00 00 00 8e 02 76 10 55 03 00 00 00 00 96 00 7e 27 00 00 7e 27 00 00 c8 96 09 fb 02 d5 00 cd 01 00 00 01 00 00 00 00 00 00 00 00 
[1786973760635] 1e 
[1786973761608] a0 7b 1c 00 00 7b 1c 00 00 c3 e3 01 00 b3 1e e1 13 01 00 00 00 8e 02 76 10 55 03 00 00 00 00 96 00 7e 27 00 00 7e 27 00 00 c8 96 09 fb 02 d4 00 cd 01 00 00 01 00 00 00 00 00 00 00 00 
[1786973761608] a0 7b 1c 00 00 7b 1c 00 00 c3 e3 01 00 b3 1e e1 13 01 00 00 00 8e 02 76 10 55 03 00 00 00 00 96 00 7e 27 00 00 7e 27 00 00 c8 96 09 fb 02 d4 00 cd 01 00 00 01 00 00 00 00 00 00 00 00 
[1786973762609] a0 7b 1c 00 00 7b 1c 00 00 c3 e3 01 00 b3 1e e1 13 01 00 00 00 8e 02 76 10 55 03 00 00 00 00 96 00 7e 27 00 00 7e 27 00 00 c8 96 09 fb 02 d3 00 cd 01 00 00 01 00 00 00 00 00 00 00 00 
[1786973762609] a0 7b 1c 00 00 7b 1c 00 00 c3 e3 01 00 b3 1e e1 13 01 00 00 00 8e 02 76 10 55 03 00 00 00 00 96 00 7e 27 00 00 7e 27 00 00 c8 96 09 fb 02 d3 00 cd 01 00 00 01 00 00 00 00 00 00 00 00 
[1786973763610] a0 7b 1c 00 00 7b 1c 00 00 c3 e3 01 00 b3 1e e1 13 01 00 00 00 8e 02 76 10 55 03 00 00 00 00 96 00 7e 27 00 00 7e 27 00 00 c8 96 09 fb 02 d2 00 cd 01 00 00 01 00 00 00 00 00 00 00 00 
[1786973763610] a0 7b 1c 00 00 7b 1c 00 00 c3 e3 01 00 b3 1e e1 13 01 00 00 00 8e 02 76 10 55 03 00 00 00 00 96 00 7e 27 00 00 7e 27 00 00 c8 96 09 fb 02 d2 00 cd 01 00 00 01 00 00 00 00 00 00 00 00 
[1786973764612] a0 7b 1c 00 00 7b 1c 00 00 c3 e3 01 00 b3 1e e1 13 01 00 00 00 8e 02 76 10 55 03 00 00 00 00 96 00 7e 27 00 00 7e 27 00 00 c8 96 09 fb 02 d1 00 cd 01 00 00 01 00 00 00 00 00 00 00 00 
[1786973764612] a0 7b 1c 00 00 7b 1c 00 00 c3 e3 01 00 b3 1e e1 13 01 00 00 00 8e 02 76 10 55 03 00 00 00 00 96 00 7e 27 00 00 7e 27 00 00 c8 96 09 fb 02 d1 00 cd 01 00 00 01 00 00 00 00 00 00 00 00 
[1786973765614] 1d 
[1786973765614] a0 7b 1c 00 00 7b 1c 00 00 c3 e3 01 00 b3 1e e1 13 01 00 00 00 8e 02 76 10 55 03 00 00 00 00 96 00 7e 27 00 00 7e 27 00 00 c8 96 09 fb 02 d0 00 cd 01 00 00 01 00 00 00 00 00 00 00 00 
[1786973765614] a0 7b 1c 00 00 7b 1c 00 00 c3 e3 01 00 b3 1e e1 13 01 00 00 00 8e 02 76 10 55 03 00 00 00 00 96 00 7e 27 00 00 7e 27 00 00 c8 96 09 fb 02 d0 00 cd 01 00 00 01 00 00 00 00 00 00 00 00 
[1786973766615] a0 7b 1c 00 00 7b 1c 00 00 c3 e3 01 00 b3 1e e1 13 01 00 00 00 8e 02 76 10 55 03 00 00 00 00 96 00 7e 27 00 00 7e 27 00 00 c8 96 09 fb 02 cf 00 cd 01 00 00 01 00 00 00 00 00 00 00 00 
[1786973766615] a0 7b 1c 00 00 7b 1c 00 00 c3 e3 01 00 b3 1e e1 13 01 00 00 00 8e 02 76 10 55 03 00 00 00 00 96 00 7e 27 00 00 7e 27 00 00 c8 96 09 fb 02 cf 00 cd 01 00 00 01 00 00 00 00 00 00 00 00 
[1786973766704] 1e 
[1786973767615] a0 7b 1c 00 00 7b 1c 00 00 c3 e3 01 00 b3 1e e1 13 01 00 00 00 8e 02 76 10 55 03 00 00 00 00 96 00 7e 27 00 00 7e 27 00 00 c8 96 09 fb 02 ce 00 cd 01 00 00 01 00 00 00 00 00 00 00 00 
[1786973767615] a0 7b 1c 00 00 7b 1c 00 00 c3 e3 01 00 b3 1e e1 13 01 00 00 00 8e 02 76 10 55 03 00 00 00 00 96 00 7e 27 00 00 7e 27 00 00 c8 96 09 fb 02 ce 00 cd 01 00 00 01 00 00 00 00 00 00 00 00 
[1786973768616] a0 7b 1c 00 00 7b 1c 00 00 c3 e3 01 00 b3 1e e1 13 01 00 00 00 8e 02 76 10 55 03 00 00 00 00 96 00 7e 27 00 00 7e 27 00 00 c8 96 09 fb 02 cd 00 cd 01 00 00 01 00 00 00 00 00 00 00 00 
[1786973768616] a0 7b 1c 00 00 7b 1c 00 00 c3 e3 01 00 b3 1e e1 13 01 00 00 00 8e 02 76 10 55 03 00 00 00 00 96 00 7e 27 00 00 7e 27 00 00 c8 96 09 fb 02 cd 00 cd 01 00 00 01 00 00 00 00 00 00 00 00 
[1786973769617] a0 7b 1c 00 00 7b 1c 00 00 c3 e3 01 00 b3 1e e1 13 01 00 00 00 8e 02 76 10 55 03 00 00 00 00 96 00 7e 27 00 00 7e 27 00 00 c8 96 09 fb 02 cc 00 cd 01 00 00 01 00 00 00 00 00 00 00 00 
[1786973769617] a0 7b 1c 00 00 7b 1c 00 00 c3 e3 01 00 b3 1e e1 13 01 00 00 00 8e 02 76 10 55 03 00 00 00 00 96 00 7e 27 00 00 7e 27 00 00 c8 96 09 fb 02 cc 00 cd 01 00 00 01 00 00 00 00 00 00 00 00 
[1786973770344] ef 0e 10 
[1786973770618] 1d 
[1786973770618] a0 7b 1c 00 00 7b 1c 00 00 c3 e3 01 00 b3 1e e1 13 01 00 00 00 8e 02 76 10 55 03 00 00 00 00 96 00 7e 27 00 00 7e 27 00 00 c8 96 09 fb 02 cb 00 cd 01 00 00 01 00 00 00 00 00 00 00 00 
[1786973770618] a0 7b 1c 00 00 7b 1c 00 00 c3 e3 01 00 b3 1e e1 13 01 00 00 00 8e 02 76 10 55 03 00 00 00 00 96 00 7e 27 00 00 7e 27 00 00 c8 96 09 fb 02 cb 00 cd 01 00 00 01 00 00 00 00 00 00 00 00 
[1786973771618] a0 7b 1c 00 00 7b 1c 00 00 c3 e3 01 00 b3 1e e1 13 01 00 00 00 8e 02 76 10 55 03 00 00 00 00 96 00 7e 27 00 00 7e 27 00 00 c8 96 09 fb 02 ca 00 cd 01 00 00 01 00 00 00 00 00 00 00 00 
[1786973771618] a0 7b 1c 00 00 7b 1c 00 00 c3 e3 01 00 b3 1e e1 13 01 00 00 00 8e 02 76 10 55 03 00 00 00 00 96 00 7e 27 00 00 7e 27 00 00 c8 96 09 fb 02 ca 00 cd 01 00 00 01 00 00 00 00 00 00 00 00 
[1786973772619] a0 7b 1c 00 00 7b 1c 00 00 c3 e3 01 00 b3 1e e1 13 01 00 00 00 8e 02 76 10 55 03 00 00 00 00 96 00 7e 27 00 00 7e 27 00 00 c8 96 09 fb 02 c9 00 cd 01 00 00 01 00 00 00 00 00 00 00 00 
[1786973772619] a0 7b 1c 00 00 7b 1c 00 00 c3 e3 01 00 b3 1e e1 13 01 00 00 00 8e 02 76 10 55 03 00 00 00 00 96 00 7e 27 00 00 7e 27 00 00 c8 96 09 fb 02 c9 00 cd 01 00 00 01 00 00 00 00 00 00 00 00 
[1786973772695] 1e 
[1786973773620] a0 7b 1c 00 00 7b 1c 00 00 c3 e3 01 00 b3 1e e1 13 01 00 00 00 8e 02 76 10 55 03 00 00 00 00 96 00 7e 27 00 00 7e 27 00 00 c8 96 09 fb 02 c8 00 cd 01 00 00 01 00 00 00 00 00 00 00 00 
[1786973773620] a0 7b 1c 00 00 7b 1c 00 00 c3 e3 01 00 b3 1e e1 13 01 00 00 00 8e 02 76 10 55 03 00 00 00 00 96 00 7e 27 00 00 7e 27 00 00 c8 96 09 fb 02 c8 00 cd 01 00 00 01 00 00 00 00 00 00 00 00 
[1786973774621] a0 7b 1c 00 00 7b 1c 00 00 c3 e3 01 00 b3 1e e1 13 01 00 00 00 8e 02 76 10 55 03 00 00 00 00 96 00 7e 27 00 00 7e 27 00 00 c8 96 09 fb 02 c7 00 cd 01 00 00 01 00 00 00 00 00 00 00 00 
[1786973774621] a0 7b 1c 00 00 7b 1c 00 00 c3 e3 01 00 b3 1e e1 13 01 00 00 00 8e 02 76 10 55 03 00 00 00 00 96 00 7e 27 00 00 7e 27 00 00 c8 96 09 fb 02 c7 00 cd 01 00 00 01 00 00 00 00 00 00 00 00 
[1786973775622] 1d 
[1786973775622] a0 7b 1c 00 00 7b 1c 00 00 c3 e3 01 00 b3 1e e1 13 01 00 00 00 8e 02 76 10 55 03 00 00 00 00 96 00 7e 27 00 00 7e 27 00 00 c8 96 09 fb 02 c6 00 cd 01 00 00 01 00 00 00 00 00 00 00 00 
[1786973775622] a0 7b 1c 00 00 7b 1c 00 00 c3 e3 01 00 b3 1e e1 13 01 00 00 00 8e 02 76 10 55 03 00 00 00 00 96 00 7e 27 00 00 7e 27 00 00 c8 96 09 fb 02 c6 00 cd 01 00 00 01 00 00 00 00 00 00 00 00 
[1786973776622] a0 7b 1c 00 00 7b 1c 00 00 c3 e3 01 00 b3 1e e1 13 01 00 00 00 8e 02 76 10 55 03 00 00 00 00 96 00 7e 27 00 00 7e 27 00 00 c8 96 09 fb 02 c5 00 cd 01 00 00 01 00 00 00 00 00 00 00 00 
[1786973776622] a0 7b 1c 00 00 7b 1c 00 00 c3 e3 01 00 b3 1e e1 13 01 00 00 00 8e 02 76 10 55 03 00 00 00 00 96 00 7e 27 00 00 7e 27 00 00 c8 96 09 fb 02 c5 00 cd 01 00 00 01 00 00 00 00 00 00 00 00 
[1786973777622] a0 7b 1c 00 00 7b 1c 00 00 c3 e3 01 00 b3 1e e1 13 01 00 00 00 8e 02 76 10 55 03 00 00 00 00 96 00 7e 27 00 00 7e 27 00 00 c8 96 09 fb 02 c4 00 cd 01 00 00 01 00 00 00 00 00 00 00 00 
[1786973777622] a0 7b 1c 00 00 7b 1c 00 00 c3 e3 01 00 b3 1e e1 13 01 00 00 00 8e 02 76 10 55 03 00 00 00 00 96 00 7e 27 00 00 7e 27 00 00 c8 96 09 fb 02 c4 00 cd 01 00 00 01 00 00 00 00 00 00 00 00 
[1786973778624] a0 7b 1c 00 00 7b 1c 00 00 c3 e3 01 00 b3 1e e1 13 01 00 00 00 8e 02 76 10 55 03 00 00 00 00 96 00 7e 27 00 00 7e 27 00 00 c8 96 09 fb 02 c3 00 cd 01 00 00 01 00 00 00 00 00 00 00 00 
[1786973778624] a0 7b 1c 00 00 7b 1c 00 00 c3 e3 01 00 b3 1e e1 13 01 00 00 00 8e 02 76 10 55 03 00 00 00 00 96 00 7e 27 00 00 7e 27 00 00 c8 96 09 fb 02 c3 00 cd 01 00 00 01 00 00 00 00 00 00 00 00 
[1786973778738] 1e 
[1786973779639] a0 7b 1c 00 00 7b 1c 00 00 c3 e3 01 00 b3 1e e1 13 01 00 00 00 8e 02 76 10 55 03 00 00 00 00 96 00 7e 27 00 00 7e 27 00 00 c8 96 09 fb 02 c2 00 cd 01 00 00 01 00 00 00 00 00 00 00 00 
[1786973779639] a0 7b 1c 00 00 7b 1c 00 00 c3 e3 01 00 b3 1e e1 13 01 00 00 00 8e 02 76 10 55 03 00 00 00 00 96 00 7e 27 00 00 7e 27 00 00 c8 96 09 fb 02 c2 00 cd 01 00 00 01 00 00 00 00 00 00 00 00 
[1786973780344] ef 0e 14 
[1786973780642] 1d 
[1786973780642] a0 7b 1c 00 00 7b 1c 00 00 c3 e3 01 00 b3 1e e1 13 01 00 00 00 8e 02 76 10 55 03 00 00 00 00 96 00 7e 27 00 00 7e 27 00 00 c8 96 09 fb 02 c1 00 cd 01 00 00 01 00 00 00 00 00 00 00 00 
[1786973780642] a0 7b 1c 00 00 7b 1c 00 00 c3 e3 01 00 b3 1e e1 13 01 00 00 00 8e 02 76 10 55 03 00 00 00 00 96 00 7e 27 00 00 7e 27 00 00 c8 96 09 fb 02 c1 00 cd 01 00 00 01 00 00 00 00 00 00 00 00 
[1786973781643] a0 7b 1c 00 00 7b 1c 00 00 c3 e3 01 00 b3 1e e1 13 01 00 00 00 8e 02 76 10 55 03 00 00 00 00 96 00 7e 27 00 00 7e 27 00 00 c8 96 09 fb 02 c0 00 cd 01 00 00 01 00 00 00 00 00 00 00 00 
[1786973781643] a0 7b 1c 00 00 7b 1c 00 00 c3 e3 01 00 b3 1e e1 13 01 00 00 00 8e 02 76 10 55 03 00 00 00 00 96 00 7e 27 00 00 7e 27 00 00 c8 96 09 fb 02 c0 00 cd 01 00 00 01 00 00 00 00 00 00 00 00 
[1786973782644] a0 7b 1c 00 00 7b 1c 00 00 c3 e3 01 00 b3 1e e1 13 01 00 00 00 8e 02 76 10 55 03 00 00 00 00 96 00 7e 27 00 00 7e 27 00 00 c8 96 09 fb 02 bf 00 cd 01 00 00 01 00 00 00 00 00 00 00 00 
[1786973782644] a0 7b 1c 00 00 7b 1c 00 00 c3 e3 01 00 b3 1e e1 13 01 00 00 00 8e 02 76 10 55 03 00 00 00 00 96 00 7e 27 00 00 7e 27 00 00 c8 96 09 fb 02 bf 00 cd 01 00 00 01 00 00 00 00 00 00 00 00 
[1786973783644] a0 7b 1c 00 00 7b 1c 00 00 c3 e3 01 00 b3 1e e1 13 01 00 00 00 8e 02 76 10 55 03 00 00 00 00 96 00 7e 27 00 00 7e 27 00 00 c8 96 09 fb 02 be 00 cd 01 00 00 01 00 00 00 00 00 00 00 00 
[1786973783644] a0 7b 1c 00 00 7b 1c 00 00 c3 e3 01 00 b3 1e e1 13 01 00 00 00 8e 02 76 10 55 03 00 00 00 00 96 00 7e 27 00 00 7e 27 00 00 c8 96 09 fb 02 be 00 cd 01 00 00 01 00 00 00 00 00 00 00 00 
[1786973784656] a0 7b 1c 00 00 7b 1c 00 00 c3 e3 01 00 b3 1e e1 13 01 00 00 00 8e 02 76 10 55 03 00 00 00 00 96 00 7e 27 00 00 7e 27 00 00 c8 96 09 fb 02 bd 00 cd 01 00 00 01 00 00 00 00 00 00 00 00 
[1786973784656] a0 7b 1c 00 00 7b 1c 00 00 c3 e3 01 00 b3 1e e1 13 01 00 00 00 8e 02 76 10 55 03 00 00 00 00 96 00 7e 27 00 00 7e 27 00 00 c8 96 09 fb 02 bd 00 cd 01 00 00 01 00 00 00 00 00 00 00 00 
[1786973784742] 1e 
[1786973785657] 1d 
[1786973785657] a0 7b 1c 00 00 7b 1c 00 00 c3 e3 01 00 b3 1e e1 13 01 00 00 00 8e 02 76 10 55 03 00 00 00 00 96 00 7e 27 00 00 7e 27 00 00 c8 96 09 fb 02 bc 00 cd 01 00 00 01 00 00 00 00 00 00 00 00 
[1786973785657] a0 7b 1c 00 00 7b 1c 00 00 c3 e3 01 00 b3 1e e1 13 01 00 00 00 8e 02 76 10 55 03 00 00 00 00 96 00 7e 27 00 00 7e 27 00 00 c8 96 09 fb 02 bc 00 cd 01 00 00 01 00 00 00 00 00 00 00 00 
[1786973786658] a0 7b 1c 00 00 7b 1c 00 00 c3 e3 01 00 b3 1e e1 13 01 00 00 00 8e 02 76 10 55 03 00 00 00 00 96 00 7e 27 00 00 7e 27 00 00 c8 96 09 fb 02 bb 00 cd 01 00 00 01 00 00 00 00 00 00 00 00 
[1786973786658] a0 7b 1c 00 00 7b 1c 00 00 c3 e3 01 00 b3 1e e1 13 01 00 00 00 8e 02 76 10 55 03 00 00 00 00 96 00 7e 27 00 00 7e 27 00 00 c8 96 09 fb 02 bb 00 cd 01 00 00 01 00 00 00 00 00 00 00 00 
[1786973787768] a0 7b 1c 00 00 7b 1c 00 00 c3 e3 01 00 b3 1e e1 13 01 00 00 00 8e 02 76 10 55 03 00 00 00 00 96 00 7e 27 00 00 7e 27 00 00 c8 96 09 fb 02 ba 00 cd 01 00 00 01 00 00 00 00 00 00 00 00 
[1786973787768] a0 7b 1c 00 00 7b 1c 00 00 c3 e3 01 00 b3 1e e1 13 01 00 00 00 8e 02 76 10 55 03 00 00 00 00 96 00 7e 27 00 00 7e 27 00 00 c8 96 09 fb 02 ba 00 cd 01 00 00 01 00 00 00 00 00 00 00 00 
[1786973788768] a0 7b 1c 00 00 7b 1c 00 00 c3 e3 01 00 b3 1e e1 13 01 00 00 00 8e 02 76 10 55 03 00 00 00 00 96 00 7e 27 00 00 7e 27 00 00 c8 96 09 fb 02 b9 00 cd 01 00 00 01 00 00 00 00 00 00 00 00 
[1786973788768] a0 7b 1c 00 00 7b 1c 00 00 c3 e3 01 00 b3 1e e1 13 01 00 00 00 8e 02 76 10 55 03 00 00 00 00 96 00 7e 27 00 00 7e 27 00 00 c8 96 09 fb 02 b9 00 cd 01 00 00 01 00 00 00 00 00 00 00 00 
[1786973789768] a0 7b 1c 00 00 7b 1c 00 00 c3 e3 01 00 b3 1e e1 13 01 00 00 00 8e 02 76 10 55 03 00 00 00 00 96 00 7e 27 00 00 7e 27 00 00 c8 96 09 fb 02 b8 00 cd 01 00 00 01 00 00 00 00 00 00 00 00 
[1786973789768] a0 7b 1c 00 00 7b 1c 00 00 c3 e3 01 00 b3 1e e1 13 01 00 00 00 8e 02 76 10 55 03 00 00 00 00 96 00 7e 27 00 00 7e 27 00 00 c8 96 09 fb 02 b8 00 cd 01 00 00 01 00 00 00 00 00 00 00 00 
[1786973790357] ef 0e 18 
[1786973790731] 1e 
[1786973790769] 1d 
[1786973790769] a0 7b 1c 00 00 7b 1c 00 00 c3 e3 01 00 b3 1e e1 13 01 00 00 00 8e 02 76 10 55 03 00 00 00 00 96 00 7e 27 00 00 7e 27 00 00 c8 96 09 fb 02 b7 00 cd 01 00 00 01 00 00 00 00 00 00 00 00 
[1786973790769] a0 7b 1c 00 00 7b 1c 00 00 c3 e3 01 00 b3 1e e1 13 01 00 00 00 8e 02 76 10 55 03 00 00 00 00 96 00 7e 27 00 00 7e 27 00 00 c8 96 09 fb 02 b7 00 cd 01 00 00 01 00 00 00 00 00 00 00 00 
[1786973791772] a0 7b 1c 00 00 7b 1c 00 00 c3 e3 01 00 b3 1e e1 13 01 00 00 00 8e 02 76 10 55 03 00 00 00 00 96 00 7e 27 00 00 7e 27 00 00 c8 96 09 fb 02 b6 00 cd 01 00 00 01 00 00 00 00 00 00 00 00 
[1786973791772] a0 7b 1c 00 00 7b 1c 00 00 c3 e3 01 00 b3 1e e1 13 01 00 00 00 8e 02 76 10 55 03 00 00 00 00 96 00 7e 27 00 00 7e 27 00 00 c8 96 09 fb 02 b6 00 cd 01 00 00 01 00 00 00 00 00 00 00 00 
[1786973792773] a0 7b 1c 00 00 7b 1c 00 00 c3 e3 01 00 b3 1e e1 13 01 00 00 00 8e 02 76 10 55 03 00 00 00 00 96 00 7e 27 00 00 7e 27 00 00 c8 96 09 fb 02 b5 00 cd 01 00 00 01 00 00 00 00 00 00 00 00 
[1786973792773] a0 7b 1c 00 00 7b 1c 00 00 c3 e3 01 00 b3 1e e1 13 01 00 00 00 8e 02 76 10 55 03 00 00 00 00 96 00 7e 27 00 00 7e 27 00 00 c8 96 09 fb 02 b5 00 cd 01 00 00 01 00 00 00 00 00 00 00 00 
[1786973793776] a0 7b 1c 00 00 7b 1c 00 00 c3 e3 01 00 b3 1e e1 13 01 00 00 00 8e 02 76 10 55 03 00 00 00 00 96 00 7e 27 00 00 7e 27 00 00 c8 96 09 fb 02 b4 00 cd 01 00 00 01 00 00 00 00 00 00 00 00 
[1786973793776] a0 7b 1c 00 00 7b 1c 00 00 c3 e3 01 00 b3 1e e1 13 01 00 00 00 8e 02 76 10 55 03 00 00 00 00 96 00 7e 27 00 00 7e 27 00 00 c8 96 09 fb 02 b4 00 cd 01 00 00 01 00 00 00 00 00 00 00 00 
[1786973794776] a0 7b 1c 00 00 7b 1c 00 00 c3 e3 01 00 b3 1e e1 13 01 00 00 00 8e 02 76 10 55 03 00 00 00 00 96 00 7e 27 00 00 7e 27 00 00 c8 96 09 fb 02 b3 00 cd 01 00 00 01 00 00 00 00 00 00 00 00 
[1786973794776] a0 7b 1c 00 00 7b 1c 00 00 c3 e3 01 00 b3 1e e1 13 01 00 00 00 8e 02 76 10 55 03 00 00 00 00 96 00 7e 27 00 00 7e 27 00 00 c8 96 09 fb 02 b3 00 cd 01 00 00 01 00 00 00 00 00 00 00 00 
[1786973795789] 1d 
[1786973795789] a0 7b 1c 00 00 7b 1c 00 00 c3 e3 01 00 b3 1e e1 13 01 00 00 00 8e 02 76 10 55 03 00 00 00 00 96 00 7e 27 00 00 7e 27 00 00 c8 96 09 fb 02 b2 00 cd 01 00 00 01 00 00 00 00 00 00 00 00 
[1786973795789] a0 7b 1c 00 00 7b 1c 00 00 c3 e3 01 00 b3 1e e1 13 01 00 00 00 8e 02 76 10 55 03 00 00 00 00 96 00 7e 27 00 00 7e 27 00 00 c8 96 09 fb 02 b2 00 cd 01 00 00 01 00 00 00 00 00 00 00 00 
[1786973795840] 1e 
[1786973796791] a0 7b 1c 00 00 7b 1c 00 00 c3 e3 01 00 b3 1e e1 13 01 00 00 00 8e 02 76 10 55 03 00 00 00 00 96 00 7e 27 00 00 7e 27 00 00 c8 96 09 fb 02 b1 00 cd 01 00 00 01 00 00 00 00 00 00 00 00 
[1786973796791] a0 7b 1c 00 00 7b 1c 00 00 c3 e3 01 00 b3 1e e1 13 01 00 00 00 8e 02 76 10 55 03 00 00 00 00 96 00 7e 27 00 00 7e 27 00 00 c8 96 09 fb 02 b1 00 cd 01 00 00 01 00 00 00 00 00 00 00 00 
[1786973797791] a0 7b 1c 00 00 7b 1c 00 00 c3 e3 01 00 b3 1e e1 13 01 00 00 00 8e 02 76 10 55 03 00 00 00 00 96 00 7e 27 00 00 7e 27 00 00 c8 96 09 fb 02 b0 00 ce 01 00 00 01 00 00 00 00 00 00 00 00 
[1786973797791] a0 7b 1c 00 00 7b 1c 00 00 c3 e3 01 00 b3 1e e1 13 01 00 00 00 8e 02 76 10 55 03 00 00 00 00 96 00 7e 27 00 00 7e 27 00 00 c8 96 09 fb 02 b0 00 ce 01 00 00 01 00 00 00 00 00 00 00 00 
[1786973797791] a0 7b 1c 00 00 7b 1c 00 00 c3 e3 01 00 b3 1e e1 13 01 00 00 00 8e 02 76 10 55 03 00 00 00 00 96 00 7e 27 00 00 7e 27 00 00 c8 96 09 fb 02 b0 00 ce 01 00 00 01 00 00 00 00 00 00 00 00 
[1786973798791] a0 7b 1c 00 00 7b 1c 00 00 c3 e3 01 00 b3 1e e1 13 01 00 00 00 8e 02 76 10 55 03 00 00 00 00 96 00 7e 27 00 00 7e 27 00 00 c8 96 09 fb 02 af 00 ce 01 00 00 01 00 00 00 00 00 00 00 00 
[1786973798791] a0 7b 1c 00 00 7b 1c 00 00 c3 e3 01 00 b3 1e e1 13 01 00 00 00 8e 02 76 10 55 03 00 00 00 00 96 00 7e 27 00 00 7e 27 00 00 c8 96 09 fb 02 af 00 ce 01 00 00 01 00 00 00 00 00 00 00 00 
[1786973799792] a0 7b 1c 00 00 7b 1c 00 00 c3 e3 01 00 b3 1e e1 13 01 00 00 00 8e 02 76 10 55 03 00 00 00 00 96 00 7e 27 00 00 7e 27 00 00 c8 96 09 fb 02 ae 00 ce 01 00 00 01 00 00 00 00 00 00 00 00 
[1786973799792] a0 7b 1c 00 00 7b 1c 00 00 c3 e3 01 00 b3 1e e1 13 01 00 00 00 8e 02 76 10 55 03 00 00 00 00 96 00 7e 27 00 00 7e 27 00 00 c8 96 09 fb 02 ae 00 ce 01 00 00 01 00 00 00 00 00 00 00 00 
[1786973800357] ef 0e 1c 
[1786973800794] 1d 
[1786973800794] a0 7b 1c 00 00 7b 1c 00 00 c3 e3 01 00 b3 1e e1 13 01 00 00 00 8e 02 76 10 55 03 00 00 00 00 96 00 7e 27 00 00 7e 27 00 00 c8 96 09 fb 02 ad 00 ce 01 00 00 01 00 00 00 00 00 00 00 00 
[1786973800794] a0 7b 1c 00 00 7b 1c 00 00 c3 e3 01 00 b3 1e e1 13 01 00 00 00 8e 02 76 10 55 03 00 00 00 00 96 00 7e 27 00 00 7e 27 00 00 c8 96 09 fb 02 ad 00 ce 01 00 00 01 00 00 00 00 00 00 00 00 
[1786973801807] a0 7b 1c 00 00 7b 1c 00 00 c3 e3 01 00 b3 1e e1 13 01 00 00 00 8e 02 76 10 55 03 00 00 00 00 96 00 7e 27 00 00 7e 27 00 00 c8 96 09 fb 02 ac 00 ce 01 00 00 01 00 00 00 00 00 00 00 00 
[1786973801807] a0 7b 1c 00 00 7b 1c 00 00 c3 e3 01 00 b3 1e e1 13 01 00 00 00 8e 02 76 10 55 03 00 00 00 00 96 00 7e 27 00 00 7e 27 00 00 c8 96 09 fb 02 ac 00 ce 01 00 00 01 00 00 00 00 00 00 00 00 
[1786973801859] 1e 
[1786973802808] a0 7b 1c 00 00 7b 1c 00 00 c3 e3 01 00 b3 1e e1 13 01 00 00 00 8e 02 76 10 55 03 00 00 00 00 96 00 7e 27 00 00 7e 27 00 00 c8 96 09 fb 02 ab 00 ce 01 00 00 01 00 00 00 00 00 00 00 00 
[1786973802808] a0 7b 1c 00 00 7b 1c 00 00 c3 e3 01 00 b3 1e e1 13 01 00 00 00 8e 02 76 10 55 03 00 00 00 00 96 00 7e 27 00 00 7e 27 00 00 c8 96 09 fb 02 ab 00 ce 01 00 00 01 00 00 00 00 00 00 00 00 
[1786973803808] a0 7b 1c 00 00 7b 1c 00 00 c3 e3 01 00 b3 1e e1 13 01 00 00 00 8e 02 76 10 55 03 00 00 00 00 96 00 7e 27 00 00 7e 27 00 00 c8 96 09 fb 02 aa 00 ce 01 00 00 01 00 00 00 00 00 00 00 00 
[1786973803808] a0 7b 1c 00 00 7b 1c 00 00 c3 e3 01 00 b3 1e e1 13 01 00 00 00 8e 02 76 10 55 03 00 00 00 00 96 00 7e 27 00 00 7e 27 00 00 c8 96 09 fb 02 aa 00 ce 01 00 00 01 00 00 00 00 00 00 00 00 
[1786973804811] a0 7b 1c 00 00 7b 1c 00 00 c3 e3 01 00 b3 1e e1 13 01 00 00 00 8e 02 76 10 55 03 00 00 00 00 96 00 7e 27 00 00 7e 27 00 00 c8 96 09 fb 02 a9 00 ce 01 00 00 01 00 00 00 00 00 00 00 00 
[1786973804811] a0 7b 1c 00 00 7b 1c 00 00 c3 e3 01 00 b3 1e e1 13 01 00 00 00 8e 02 76 10 55 03 00 00 00 00 96 00 7e 27 00 00 7e 27 00 00 c8 96 09 fb 02 a9 00 ce 01 00 00 01 00 00 00 00 00 00 00 00 
[1786973805811] 1d 
[1786973805811] a0 7b 1c 00 00 7b 1c 00 00 c3 e3 01 00 b3 1e e1 13 01 00 00 00 8e 02 76 10 55 03 00 00 00 00 96 00 7e 27 00 00 7e 27 00 00 c8 96 09 fb 02 a8 00 ce 01 00 00 01 00 00 00 00 00 00 00 00 
[1786973805811] a0 7b 1c 00 00 7b 1c 00 00 c3 e3 01 00 b3 1e e1 13 01 00 00 00 8e 02 76 10 55 03 00 00 00 00 96 00 7e 27 00 00 7e 27 00 00 c8 96 09 fb 02 a8 00 ce 01 00 00 01 00 00 00 00 00 00 00 00 
[1786973806826] a0 7b 1c 00 00 7b 1c 00 00 c3 e3 01 00 b3 1e e1 13 01 00 00 00 8e 02 76 10 55 03 00 00 00 00 96 00 7e 27 00 00 7e 27 00 00 c8 96 09 fb 02 a7 00 ce 01 00 00 01 00 00 00 00 00 00 00 00 
[1786973806826] a0 7b 1c 00 00 7b 1c 00 00 c3 e3 01 00 b3 1e e1 13 01 00 00 00 8e 02 76 10 55 03 00 00 00 00 96 00 7e 27 00 00 7e 27 00 00 c8 96 09 fb 02 a7 00 ce 01 00 00 01 00 00 00 00 00 00 00 00 
[1786973807827] a0 7b 1c 00 00 7b 1c 00 00 c3 e3 01 00 b3 1e e1 13 01 00 00 00 8e 02 76 10 55 03 00 00 00 00 96 00 7e 27 00 00 7e 27 00 00 c8 96 09 fb 02 a6 00 ce 01 00 00 01 00 00 00 00 00 00 00 00 
[1786973807827] a0 7b 1c 00 00 7b 1c 00 00 c3 e3 01 00 b3 1e e1 13 01 00 00 00 8e 02 76 10 55 03 00 00 00 00 96 00 7e 27 00 00 7e 27 00 00 c8 96 09 fb 02 a6 00 ce 01 00 00 01 00 00 00 00 00 00 00 00 
[1786973807887] 1e 
[1786973808690] 6e 03 a9 5c 09 00 00 00 80 00 00 00 00 0a 00 6c 6f 6f 74 20 70 6f 75 63 68 20 01 00 01 01 ac 00 80 00 20 ff 0b 00 d0 0c 00 3a 03 00 3a 03 00 ff 0b 00 3a 03 00 d0 0c 00 3a 03 00 b1 52 00 ff 3e 14 c2 0b 08 3a 03 00 df 0b 0e 9d 13 19 de 0b 0d b1 52 00 d0 0c 00 b1 52 00 0e 0d 00 d0 0c 00 3a 03 00 f9 3e 11 0e 0d 00 ff 0b 00 b1 52 00 b1 52 00 0e 0d 00 b1 52 00 ff 0b 00 dd 0b 16 d3 0b 1d d7 99 64 00 00 00 01 
[1786973808828] a0 7b 1c 00 00 7b 1c 00 00 c3 e3 01 00 b3 1e e1 13 01 00 00 00 8e 02 76 10 55 03 00 00 00 00 96 00 7e 27 00 00 7e 27 00 00 c8 96 09 fb 02 a5 00 ce 01 00 00 01 00 00 00 00 00 00 00 00 
[1786973808828] a0 7b 1c 00 00 7b 1c 00 00 c3 e3 01 00 b3 1e e1 13 01 00 00 00 8e 02 76 10 55 03 00 00 00 00 96 00 7e 27 00 00 7e 27 00 00 c8 96 09 fb 02 a5 00 ce 01 00 00 01 00 00 00 00 00 00 00 00 
[1786973809829] a0 7b 1c 00 00 7b 1c 00 00 c3 e3 01 00 b3 1e e1 13 01 00 00 00 8e 02 76 10 55 03 00 00 00 00 96 00 7e 27 00 00 7e 27 00 00 c8 96 09 fb 02 a4 00 ce 01 00 00 01 00 00 00 00 00 00 00 00 
[1786973809829] a0 7b 1c 00 00 7b 1c 00 00 c3 e3 01 00 b3 1e e1 13 01 00 00 00 8e 02 76 10 55 03 00 00 00 00 96 00 7e 27 00 00 7e 27 00 00 c8 96 09 fb 02 a4 00 ce 01 00 00 01 00 00 00 00 00 00 00 00 
[1786973810358] ef 0e 20 
[1786973810689] 6e 03 a9 5c 09 00 00 00 80 00 00 00 00 0a 00 6c 6f 6f 74 20 70 6f 75 63 68 20 01 00 01 01 ac 00 60 00 20 3a 03 00 0e 0d 00 b1 52 00 56 24 05 00 00 00 01 ff 0b 00 3a 03 00 0e 0d 00 56 24 05 00 00 00 01 3a 03 00 ff 0b 00 b1 52 00 04 0d 00 3a 03 00 ff 0b 00 b1 52 00 56 24 05 00 00 00 01 b1 52 00 b1 52 00 b1 52 00 ff 0b 00 0e 0d 00 b1 52 00 b1 52 00 0e 0d 00 3a 03 00 0e 0d 00 3a 03 00 b1 52 00 ff 0b 00 3a 03 00 0e 0d 00 0e 0d 00 00 00 00 01 
[1786973810830] 1d 
[1786973810830] a0 7b 1c 00 00 7b 1c 00 00 c3 e3 01 00 b3 1e e1 13 01 00 00 00 8e 02 76 10 55 03 00 00 00 00 96 00 7e 27 00 00 7e 27 00 00 c8 96 09 fb 02 a3 00 ce 01 00 00 01 00 00 00 00 00 00 00 00 
[1786973810830] a0 7b 1c 00 00 7b 1c 00 00 c3 e3 01 00 b3 1e e1 13 01 00 00 00 8e 02 76 10 55 03 00 00 00 00 96 00 7e 27 00 00 7e 27 00 00 c8 96 09 fb 02 a3 00 ce 01 00 00 01 00 00 00 00 00 00 00 00 
[1786973811831] a0 7b 1c 00 00 7b 1c 00 00 c3 e3 01 00 b3 1e e1 13 01 00 00 00 8e 02 76 10 55 03 00 00 00 00 96 00 7e 27 00 00 7e 27 00 00 c8 96 09 fb 02 a2 00 ce 01 00 00 01 00 00 00 00 00 00 00 00 
[1786973811831] a0 7b 1c 00 00 7b 1c 00 00 c3 e3 01 00 b3 1e e1 13 01 00 00 00 8e 02 76 10 55 03 00 00 00 00 96 00 7e 27 00 00 7e 27 00 00 c8 96 09 fb 02 a2 00 ce 01 00 00 01 00 00 00 00 00 00 00 00 
[1786973812011] 6e 03 a9 5c 09 00 00 00 80 00 00 00 00 0a 00 6c 6f 6f 74 20 70 6f 75 63 68 20 01 00 01 01 ac 00 40 00 20 0e 0d 00 ff 0b 00 56 24 05 00 00 00 01 3a 03 00 d7 99 3e b1 52 00 56 24 05 00 00 00 01 3a 03 00 ff 0b 00 3a 03 00 0e 0d 00 56 24 05 00 00 00 01 b1 52 00 b1 52 00 04 0d 00 b1 52 00 ff 0b 00 d0 0c 00 ff 0b 00 3a 03 00 b1 52 00 3a 03 00 b1 52 00 0e 0d 00 56 24 05 00 00 00 01 d1 99 64 56 24 05 00 00 00 01 04 0d 00 b1 52 00 04 0d 00 b1 52 00 b1 52 00 00 00 00 01 
[1786973812847] a0 7b 1c 00 00 7b 1c 00 00 c3 e3 01 00 b3 1e e1 13 01 00 00 00 8e 02 76 10 55 03 00 00 00 00 96 00 7e 27 00 00 7e 27 00 00 c8 96 09 fb 02 a1 00 ce 01 00 00 01 00 00 00 00 00 00 00 00 
[1786973812847] a0 7b 1c 00 00 7b 1c 00 00 c3 e3 01 00 b3 1e e1 13 01 00 00 00 8e 02 76 10 55 03 00 00 00 00 96 00 7e 27 00 00 7e 27 00 00 c8 96 09 fb 02 a1 00 ce 01 00 00 01 00 00 00 00 00 00 00 00 
[1786973813783] 1e 
[1786973813848] a0 7b 1c 00 00 7b 1c 00 00 c3 e3 01 00 b3 1e e1 13 01 00 00 00 8e 02 76 10 55 03 00 00 00 00 96 00 7e 27 00 00 7e 27 00 00 c8 96 09 fb 02 a0 00 ce 01 00 00 01 00 00 00 00 00 00 00 00 
[1786973813848] a0 7b 1c 00 00 7b 1c 00 00 c3 e3 01 00 b3 1e e1 13 01 00 00 00 8e 02 76 10 55 03 00 00 00 00 96 00 7e 27 00 00 7e 27 00 00 c8 96 09 fb 02 a0 00 ce 01 00 00 01 00 00 00 00 00 00 00 00 
[1786973814850] a0 7b 1c 00 00 7b 1c 00 00 c3 e3 01 00 b3 1e e1 13 01 00 00 00 8e 02 76 10 55 03 00 00 00 00 96 00 7e 27 00 00 7e 27 00 00 c8 96 09 fb 02 9f 00 ce 01 00 00 01 00 00 00 00 00 00 00 00 
[1786973814850] a0 7b 1c 00 00 7b 1c 00 00 c3 e3 01 00 b3 1e e1 13 01 00 00 00 8e 02 76 10 55 03 00 00 00 00 96 00 7e 27 00 00 7e 27 00 00 c8 96 09 fb 02 9f 00 ce 01 00 00 01 00 00 00 00 00 00 00 00 
[1786973815855] 1d 
[1786973815855] a0 7b 1c 00 00 7b 1c 00 00 c3 e3 01 00 b3 1e e1 13 01 00 00 00 8e 02 76 10 55 03 00 00 00 00 96 00 7e 27 00 00 7e 27 00 00 c8 96 09 fb 02 9e 00 ce 01 00 00 01 00 00 00 00 00 00 00 00 
[1786973815855] a0 7b 1c 00 00 7b 1c 00 00 c3 e3 01 00 b3 1e e1 13 01 00 00 00 8e 02 76 10 55 03 00 00 00 00 96 00 7e 27 00 00 7e 27 00 00 c8 96 09 fb 02 9e 00 ce 01 00 00 01 00 00 00 00 00 00 00 00 
[1786973816856] a0 7b 1c 00 00 7b 1c 00 00 c3 e3 01 00 b3 1e e1 13 01 00 00 00 8e 02 76 10 55 03 00 00 00 00 96 00 7e 27 00 00 7e 27 00 00 c8 96 09 fb 02 9d 00 ce 01 00 00 01 00 00 00 00 00 00 00 00 
[1786973816856] a0 7b 1c 00 00 7b 1c 00 00 c3 e3 01 00 b3 1e e1 13 01 00 00 00 8e 02 76 10 55 03 00 00 00 00 96 00 7e 27 00 00 7e 27 00 00 c8 96 09 fb 02 9d 00 ce 01 00 00 01 00 00 00 00 00 00 00 00 
[1786973817856] a0 7b 1c 00 00 7b 1c 00 00 c3 e3 01 00 b3 1e e1 13 01 00 00 00 8e 02 76 10 55 03 00 00 00 00 96 00 7e 27 00 00 7e 27 00 00 c8 96 09 fb 02 9c 00 ce 01 00 00 01 00 00 00 00 00 00 00 00 
[1786973817856] a0 7b 1c 00 00 7b 1c 00 00 c3 e3 01 00 b3 1e e1 13 01 00 00 00 8e 02 76 10 55 03 00 00 00 00 96 00 7e 27 00 00 7e 27 00 00 c8 96 09 fb 02 9c 00 ce 01 00 00 01 00 00 00 00 00 00 00 00 
[1786973818368] a0 7b 1c 00 00 7b 1c 00 00 c3 e3 01 00 b3 1e e1 13 01 00 00 00 8e 02 76 10 55 03 00 00 00 00 96 00 7e 27 00 00 7e 27 00 00 c8 97 09 fb 02 9b 00 ce 01 00 00 01 00 00 00 00 00 00 00 00 
[1786973818368] b4 15 28 00 4f 6e 65 20 6d 69 6e 75 74 65 20 6f 66 20 73 74 61 6d 69 6e 61 20 68 61 73 20 62 65 65 6e 20 72 65 66 69 6c 6c 65 64 2e 
[1786973818858] a0 7b 1c 00 00 7b 1c 00 00 c3 e3 01 00 b3 1e e1 13 01 00 00 00 8e 02 76 10 55 03 00 00 00 00 96 00 7e 27 00 00 7e 27 00 00 c8 97 09 fb 02 9b 00 ce 01 00 00 01 00 00 00 00 00 00 00 00 
[1786973818858] a0 7b 1c 00 00 7b 1c 00 00 c3 e3 01 00 b3 1e e1 13 01 00 00 00 8e 02 76 10 55 03 00 00 00 00 96 00 7e 27 00 00 7e 27 00 00 c8 97 09 fb 02 9b 00 ce 01 00 00 01 00 00 00 00 00 00 00 00 
[1786973818934] 1e 
[1786973819858] a0 7b 1c 00 00 7b 1c 00 00 c3 e3 01 00 b3 1e e1 13 01 00 00 00 8e 02 76 10 55 03 00 00 00 00 96 00 7e 27 00 00 7e 27 00 00 c8 97 09 fb 02 9a 00 ce 01 00 00 01 00 00 00 00 00 00 00 00 
[1786973819858] a0 7b 1c 00 00 7b 1c 00 00 c3 e3 01 00 b3 1e e1 13 01 00 00 00 8e 02 76 10 55 03 00 00 00 00 96 00 7e 27 00 00 7e 27 00 00 c8 97 09 fb 02 9a 00 ce 01 00 00 01 00 00 00 00 00 00 00 00 
[1786973820358] ef 0e 24 
[1786973820872] 1d 
[1786973820872] a0 7b 1c 00 00 7b 1c 00 00 c3 e3 01 00 b3 1e e1 13 01 00 00 00 8e 02 76 10 55 03 00 00 00 00 96 00 7e 27 00 00 7e 27 00 00 c8 97 09 fb 02 99 00 ce 01 00 00 01 00 00 00 00 00 00 00 00 
[1786973820872] a0 7b 1c 00 00 7b 1c 00 00 c3 e3 01 00 b3 1e e1 13 01 00 00 00 8e 02 76 10 55 03 00 00 00 00 96 00 7e 27 00 00 7e 27 00 00 c8 97 09 fb 02 99 00 ce 01 00 00 01 00 00 00 00 00 00 00 00 
[1786973821873] a0 7b 1c 00 00 7b 1c 00 00 c3 e3 01 00 b3 1e e1 13 01 00 00 00 8e 02 76 10 55 03 00 00 00 00 96 00 7e 27 00 00 7e 27 00 00 c8 97 09 fb 02 98 00 ce 01 00 00 01 00 00 00 00 00 00 00 00 
[1786973821873] a0 7b 1c 00 00 7b 1c 00 00 c3 e3 01 00 b3 1e e1 13 01 00 00 00 8e 02 76 10 55 03 00 00 00 00 96 00 7e 27 00 00 7e 27 00 00 c8 97 09 fb 02 98 00 ce 01 00 00 01 00 00 00 00 00 00 00 00 
[1786973822873] a0 7b 1c 00 00 7b 1c 00 00 c3 e3 01 00 b3 1e e1 13 01 00 00 00 8e 02 76 10 55 03 00 00 00 00 96 00 7e 27 00 00 7e 27 00 00 c8 97 09 fb 02 97 00 ce 01 00 00 01 00 00 00 00 00 00 00 00 
[1786973822873] a0 7b 1c 00 00 7b 1c 00 00 c3 e3 01 00 b3 1e e1 13 01 00 00 00 8e 02 76 10 55 03 00 00 00 00 96 00 7e 27 00 00 7e 27 00 00 c8 97 09 fb 02 97 00 ce 01 00 00 01 00 00 00 00 00 00 00 00 
[1786973823883] a0 7b 1c 00 00 7b 1c 00 00 c3 e3 01 00 b3 1e e1 13 01 00 00 00 8e 02 76 10 55 03 00 00 00 00 96 00 7e 27 00 00 7e 27 00 00 c8 97 09 fb 02 96 00 ce 01 00 00 01 00 00 00 00 00 00 00 00 
[1786973823883] a0 7b 1c 00 00 7b 1c 00 00 c3 e3 01 00 b3 1e e1 13 01 00 00 00 8e 02 76 10 55 03 00 00 00 00 96 00 7e 27 00 00 7e 27 00 00 c8 97 09 fb 02 96 00 ce 01 00 00 01 00 00 00 00 00 00 00 00 
[1786973824883] a0 7b 1c 00 00 7b 1c 00 00 c3 e3 01 00 b3 1e e1 13 01 00 00 00 8e 02 76 10 55 03 00 00 00 00 96 00 7e 27 00 00 7e 27 00 00 c8 97 09 fb 02 95 00 ce 01 00 00 01 00 00 00 00 00 00 00 00 
[1786973824883] a0 7b 1c 00 00 7b 1c 00 00 c3 e3 01 00 b3 1e e1 13 01 00 00 00 8e 02 76 10 55 03 00 00 00 00 96 00 7e 27 00 00 7e 27 00 00 c8 97 09 fb 02 95 00 ce 01 00 00 01 00 00 00 00 00 00 00 00 
[1786973824937] 1e 
[1786973825884] 1d 
[1786973825884] a0 7b 1c 00 00 7b 1c 00 00 c3 e3 01 00 b3 1e e1 13 01 00 00 00 8e 02 76 10 55 03 00 00 00 00 96 00 7e 27 00 00 7e 27 00 00 c8 97 09 fb 02 94 00 ce 01 00 00 01 00 00 00 00 00 00 00 00 
[1786973825884] a0 7b 1c 00 00 7b 1c 00 00 c3 e3 01 00 b3 1e e1 13 01 00 00 00 8e 02 76 10 55 03 00 00 00 00 96 00 7e 27 00 00 7e 27 00 00 c8 97 09 fb 02 94 00 ce 01 00 00 01 00 00 00 00 00 00 00 00 
[1786973826207] 6d 60 7e e2 7d 07 01 60 7e e3 7d 07 67 98 01 da 09 00 ff 98 01 da 09 00 ff 98 01 f6 04 00 ff 70 01 4c 0b 01 29 0c 01 4e 0b 01 00 ff 70 01 0f 09 4c 0b 01 00 ff 70 01 3b 0b 01 0f 09 00 ff 70 01 0f 09 4e 0b 01 00 ff 70 01 8b 08 26 09 00 ff 70 01 8b 08 27 09 b1 2c 00 ff a6 11 f6 04 00 ff ab 11 00 ff ad 11 4a 18 00 ff aa 11 26 19 00 ff 98 01 82 09 00 00 ff 98 01 00 ff 98 01 00 ff 98 01 00 ff 98 01 24 19 00 ff 98 01 00 ff 98 01 c9 06 06 ff f8 04 58 06 02 ff b9 01 6c 08 00 ff 98 01 00 ff 98 01 00 ff 98 01 00 ff 98 01 00 ff 98 01 00 ff ba 01 6d 08 00 ff 90 04 00 ff 90 04 00 ff 90 04 00 ff 90 04 00 ff 90 04 00 ff 90 04 00 ff 90 04 00 ff 90 04 09 ff 85 04 5a ff 
[1786973826207] 6b 60 7e e2 7d 07 00 a1 27 
[1786973826207] 2a 00 00 
[1786973826444] 6d 60 7e e3 7d 07 01 60 7e e4 7d 07 67 98 01 00 ff 98 01 00 ff 98 01 c9 06 00 ff 70 01 00 ff 70 01 00 ff 70 01 00 ff 70 01 00 ff 70 01 00 ff 70 01 00 ff a3 11 f6 04 00 ff b2 11 00 ff ad 11 00 ff a4 11 01 05 00 ff 98 01 82 09 00 00 ff 98 01 37 09 00 ff 98 01 0f 09 00 ff 98 01 a8 09 00 00 ff 98 01 01 05 2c 25 00 ff 98 01 00 ff 98 01 c9 06 06 ff f8 04 58 06 02 ff b9 01 6c 08 00 ff 98 01 a6 0b 00 ff 98 01 00 ff 98 01 00 ff 98 01 00 ff 98 01 a6 0b 00 ff ba 01 6d 08 00 ff 90 04 00 ff 90 04 00 ff 90 04 00 ff 90 04 00 ff 90 04 00 ff 90 04 00 ff 90 04 00 ff 90 04 09 ff 85 04 5a ff 
[1786973826545] 6d 60 7e e4 7d 07 01 5f 7e e4 7d 07 68 ad 01 00 ff ad 01 00 ff ad 01 00 ff ad 01 00 ff ad 01 00 ff ad 01 00 ff ad 01 1b 09 00 ff ad 01 12 09 00 ff ad 01 12 09 00 ff ad 01 1d 09 00 ff ad 01 0f 05 70 21 00 ff a9 11 f7 04 00 ff 98 01 9c 07 00 ff 98 01 00 ff 98 01 de 09 00 ff 98 01 0f 05 00 ff 98 01 11 09 ab 0d 00 00 ff a1 27 00 ff 98 01 00 ff 98 01 00 ff 98 01 00 ff a1 27 00 ff 98 01 11 09 a9 0d 00 00 ff 98 01 17 05 00 ff f7 04 00 ff 98 01 00 ff 98 01 00 ff 98 01 00 ff 98 01 0f 05 00 ff 98 01 11 09 00 ff 98 01 74 08 00 ff 98 01 74 08 00 ff 98 01 00 ff 98 01 74 08 00 ff 98 01 74 08 00 ff 98 01 11 09 00 ff 98 01 0f 05 19 22 00 ff 8f 04 00 ff 90 04 00 ff 90 04 00 ff 90 04 00 ff 90 04 00 ff 86 04 00 ff 86 04 00 ff 86 04 00 ff 86 04 00 ff 86 04 00 ff 86 04 00 ff 86 04 00 ff 86 04 3e ff 
[1786973826733] 6d 5f 7e e4 7d 07 01 5e 7e e4 7d 07 68 ad 01 00 ff ad 01 00 ff ad 01 00 ff ad 01 00 ff ad 01 00 ff ad 01 00 ff ad 01 13 09 00 ff ad 01 62 00 77 02 00 80 64 00 81 00 39 71 5f 71 00 00 00 00 d7 37 00 00 00 00 02 01 ff 00 01 00 ff ad 01 00 ff ad 01 00 ff ad 01 0f 05 00 ff a3 11 bf 01 f7 04 00 ff 98 01 da 09 00 ff 98 01 62 00 7a 02 00 80 64 01 89 00 60 65 78 78 03 00 00 00 d7 37 00 00 00 00 02 02 ff 00 01 00 ff 86 04 0e 05 00 ff 86 04 15 05 00 ff 86 04 0e 05 00 ff 86 04 0e 05 00 ff 86 04 0e 05 00 ff 86 04 0e 05 5c 0b 00 ff 86 04 0e 05 00 ff 86 04 0e 05 00 ff 86 04 0e 05 00 ff 86 04 15 05 70 21 00 ff f7 04 00 ff b0 01 00 ff 98 01 00 ff 98 01 00 ff 98 01 0f 05 00 ff 98 01 11 09 ab 0d 00 00 ff a1 27 00 ff 98 01 00 ff 98 01 00 ff 98 01 00 ff a1 27 00 ff 98 01 11 09 a9 0d 00 00 ff 98 01 0f 05 00 ff 8f 04 00 ff 90 04 00 ff 90 04 00 ff 90 04 00 ff 90 04 00 ff 86 04 00 ff 86 04 00 ff 86 04 00 ff 86 04 00 ff 86 04 00 ff 86 04 00 ff 86 04 00 ff 86 04 3e ff 
[1786973826734] 6d 56 7e e5 7d 07 01 56 7e e6 7d 07 
[1786973826739] 8f a2 00 00 10 fb 02 ec 03 
[1786973826739] a9 01 01 95 00 41 63 74 69 76 65 20 52 65 73 74 69 6e 67 20 41 72 65 61 20 42 6f 6e 75 73 65 73 3a 20 0a 44 6f 75 62 6c 65 20 48 69 74 20 50 6f 69 6e 74 73 20 52 65 67 65 6e 65 72 61 74 69 6f 6e 2c 0a 44 6f 75 62 6c 65 20 4d 61 6e 61 20 50 6f 69 6e 74 73 20 52 65 67 65 6e 65 72 61 74 69 6f 6e 2c 0a 53 74 61 6d 69 6e 61 20 50 6f 69 6e 74 73 20 52 65 67 65 6e 65 72 61 74 69 6f 6e 2c 0a 53 6f 75 6c 20 50 6f 69 6e 74 73 20 52 65 67 65 6e 65 72 61 74 69 6f 6e 2e 
[1786973826739] a2 40 50 00 00 00 00 00 00 00 
[1786973826739] 83 5e 7e e4 7d 07 03 0f 00 01 00 
[1786973826739] a4 06 00 d0 07 00 00 
[1786973826739] a9 01 01 95 00 41 63 74 69 76 65 20 52 65 73 74 69 6e 67 20 41 72 65 61 20 42 6f 6e 75 73 65 73 3a 20 0a 44 6f 75 62 6c 65 20 48 69 74 20 50 6f 69 6e 74 73 20 52 65 67 65 6e 65 72 61 74 69 6f 6e 2c 0a 44 6f 75 62 6c 65 20 4d 61 6e 61 20 50 6f 69 6e 74 73 20 52 65 67 65 6e 65 72 61 74 69 6f 6e 2c 0a 53 74 61 6d 69 6e 61 20 50 6f 69 6e 74 73 20 52 65 67 65 6e 65 72 61 74 69 6f 6e 2c 0a 53 6f 75 6c 20 50 6f 69 6e 74 73 20 52 65 67 65 6e 65 72 61 74 69 6f 6e 2e 
[1786973826739] a2 40 50 00 00 00 00 00 00 00 
[1786973826739] a5 03 d0 07 00 00 
[1786973826739] a9 01 01 95 00 41 63 74 69 76 65 20 52 65 73 74 69 6e 67 20 41 72 65 61 20 42 6f 6e 75 73 65 73 3a 20 0a 44 6f 75 62 6c 65 20 48 69 74 20 50 6f 69 6e 74 73 20 52 65 67 65 6e 65 72 61 74 69 6f 6e 2c 0a 44 6f 75 62 6c 65 20 4d 61 6e 61 20 50 6f 69 6e 74 73 20 52 65 67 65 6e 65 72 61 74 69 6f 6e 2c 0a 53 74 61 6d 69 6e 61 20 50 6f 69 6e 74 73 20 52 65 67 65 6e 65 72 61 74 69 6f 6e 2c 0a 53 6f 75 6c 20 50 6f 69 6e 74 73 20 52 65 67 65 6e 65 72 61 74 69 6f 6e 2e 
[1786973826739] a2 40 50 00 00 00 00 00 00 00 
[1786973826739] 83 5e 7e e4 7d 07 06 01 ee 03 00 
[1786973826739] a0 7b 1c 00 00 7b 1c 00 00 c3 e3 01 00 b3 1e e1 13 01 00 00 00 8e 02 76 10 55 03 00 00 00 00 96 00 7e 27 00 00 7e 27 00 00 c8 97 09 fb 02 93 00 ce 01 00 00 01 00 00 00 00 00 00 00 00 
[1786973826739] a1 27 00 20 00 20 00 e7 16 13 00 13 00 13 00 7b 11 0a 00 0a 00 0a 00 00 00 0a 00 0a 00 0a 00 00 00 0a 00 0a 00 0a 00 00 00 9a 00 6a 00 6a 00 91 1e 4d 00 4d 00 4d 00 11 06 0a 00 0a 00 0a 00 00 00 00 5a 3c 19 00 28 a5 14 00 7d 00 ad 01 00 04 ff ff ff 7f 00 04 57 1b 00 80 04 9f 0f 00 80 04 97 08 00 80 04 27 23 00 80 04 ff ff ff 7f 00 00 26 00 00 00 04 7c 00 00 80 04 ff ff ff 7f 00 00 07 00 04 10 03 00 80 03 04 6f 03 00 80 02 04 8c 04 00 80 01 04 f0 0a 00 80 04 04 f3 01 00 80 05 04 8c 04 00 80 06 04 f3 01 00 80 04 ff ff ff 7f 04 ff ff ff 7f 04 ff ff ff 7f 
[1786973826739] a0 7b 1c 00 00 7b 1c 00 00 c3 e3 01 00 b3 1e e1 13 01 00 00 00 8e 02 76 10 55 03 00 00 00 00 96 00 42 27 00 00 7e 27 00 00 c8 97 09 fb 02 93 00 ce 01 00 00 01 00 00 00 00 00 00 00 00 
[1786973826739] aa d6 67 00 00 08 00 4b 75 6b 75 72 65 6a 61 00 8e 02 24 5e 7e e4 7d 07 09 00 75 74 61 6e 69 20 68 75 72 
[1786973826837] 6d 5e 7e e4 7d 07 01 5d 7e e4 7d 07 68 ad 01 00 ff ad 01 00 ff ad 01 00 ff ad 01 00 ff ad 01 00 ff ad 01 00 ff ad 01 16 09 00 ff ad 01 29 09 e3 0b 03 00 ff ad 01 b5 09 00 00 ff ad 01 2a 16 00 ff ad 01 0f 05 00 ff 67 00 b4 11 f7 04 00 ff 98 01 da 09 00 ff 98 01 00 ff 86 04 00 ff 86 04 00 ff 86 04 00 ff 86 04 00 ff 86 04 00 ff 86 04 00 ff 86 04 00 ff 86 04 00 ff 86 04 00 ff 86 04 00 ff f7 04 00 ff 98 01 b7 09 00 ff 98 01 b8 09 00 ff 98 01 00 ff 15 05 00 ff 0e 05 00 ff 0e 05 00 ff cb 06 00 ff 0e 05 5c 0b 00 ff cb 06 00 ff 0e 05 00 ff 0e 05 00 ff 13 05 70 21 00 ff 8f 04 00 ff 90 04 00 ff 90 04 00 ff 90 04 00 ff 90 04 00 ff 86 04 00 ff 86 04 00 ff 86 04 00 ff 86 04 00 ff 86 04 00 ff 86 04 00 ff 86 04 00 ff 86 04 3e ff 
[1786973826906] a0 7b 1c 00 00 7b 1c 00 00 c3 e3 01 00 b3 1e e1 13 01 00 00 00 8e 02 76 10 55 03 00 00 00 00 96 00 42 27 00 00 7e 27 00 00 c8 97 09 fb 02 93 00 ce 01 00 00 01 00 00 00 00 00 00 00 00 
[1786973826906] a0 7b 1c 00 00 7b 1c 00 00 c3 e3 01 00 b3 1e e1 13 01 00 00 00 8e 02 76 10 55 03 00 00 00 00 96 00 6a 27 00 00 7e 27 00 00 c8 97 09 fb 02 93 00 ce 01 00 00 01 00 00 00 00 00 00 00 00 
[1786973826937] 6d 5d 7e e4 7d 07 01 5c 7e e4 7d 07 68 66 03 8d 16 00 ff 66 03 8d 16 00 ff 66 03 8d 16 00 ff 66 03 8d 16 00 ff 66 03 0e 05 77 21 00 ff 66 03 0e 05 00 ff 66 03 0e 05 5c 0b 00 ff 66 03 0e 05 00 ff 66 03 0e 05 00 ff 66 03 0e 05 00 ff 66 03 15 05 70 21 00 ff 66 03 31 12 f8 04 00 ff 66 03 31 12 f6 04 00 ff 66 03 31 12 f6 04 73 0b 00 ff 86 04 00 ff 86 04 00 ff 86 04 00 ff 86 04 00 ff 86 04 00 ff 86 04 00 ff 86 04 00 ff 86 04 00 ff 86 04 00 ff 86 04 00 ff f7 04 00 ff 98 01 b7 09 00 ff 98 01 b8 09 00 ff 98 01 09 ff 8f 04 00 ff 90 04 00 ff 90 04 00 ff 90 04 00 ff 90 04 00 ff 85 04 00 ff 85 04 00 ff 85 04 00 ff 85 04 00 ff 85 04 00 ff 85 04 00 ff 85 04 00 ff 85 04 3e ff 
[1786973827037] 6d 5c 7e e4 7d 07 01 5c 7e e3 7d 07 65 66 03 0e 05 78 21 00 ff ad 01 fb 14 00 ff ad 01 00 ff ad 01 00 ff ad 01 00 ff ad 01 00 ff ad 01 00 ff ad 01 00 ff ad 01 00 ff ad 01 ad 0d 00 ff ad 01 00 ff ad 01 00 ff ad 01 00 ff ad 01 00 ff ad 01 00 ff ad 01 0e 05 00 ff ad 01 08 05 00 ff 98 01 04 05 00 ff 86 04 00 ff 86 04 00 ff 86 04 0e 05 00 ff 98 01 ca 64 00 ff 98 01 00 ff 98 01 00 ff 98 01 00 ff 98 01 00 ff 98 01 00 ff 98 01 00 ff 98 01 cb 06 00 ff 86 04 00 ff 86 04 00 ff 86 04 00 ff 86 04 00 ff 98 01 26 19 00 ff b2 01 00 ff 98 01 01 ff 0e 05 00 ff 98 01 de 09 00 ff 98 01 00 ff 98 01 3e 08 00 ff 98 01 00 ff 98 01 00 ff 98 01 00 ff 98 01 ad 0d 00 ff 98 01 0e 05 04 ff 82 04 00 ff 80 04 00 ff 80 04 00 ff 80 04 00 ff 85 04 00 ff 86 04 00 ff 86 04 00 ff 86 04 00 ff 86 04 00 ff 86 04 00 ff 89 04 00 ff 87 04 00 ff 87 04 00 ff 8c 04 88 04 00 ff 8c 04 00 ff 8c 04 00 ff 8c 04 00 ff 8d 04 4c ff 
[1786973827212] 6d 5c 7e e3 7d 07 01 5c 7e e2 7d 07 65 66 03 0e 05 00 ff ad 01 95 6f 00 ff ad 01 00 ff ad 01 00 ff ad 01 00 ff ad 01 00 ff ad 01 00 ff ad 01 00 ff ad 01 18 09 00 ff ad 01 13 09 00 ff ad 01 19 09 00 ff ad 01 00 ff ad 01 00 ff ad 01 00 ff ad 01 00 ff ad 01 0e 05 00 ff ad 01 01 05 00 ff 98 01 6f 0b 82 09 00 00 ff 86 04 00 ff 86 04 00 ff 86 04 0e 05 00 ff 98 01 00 ff 98 01 00 ff 98 01 00 ff 98 01 00 ff 98 01 00 ff 98 01 00 ff 98 01 00 ff 98 01 0e 05 00 ff 86 04 00 ff 86 04 00 ff 86 04 00 ff 86 04 00 ff 01 05 00 ff 98 01 00 ff 98 01 01 ff cb 06 00 ff 98 01 00 ff 98 01 00 ff 98 01 00 ff 98 01 00 ff 98 01 00 ff 98 01 00 ff 98 01 00 ff 98 01 cb 06 04 ff 82 04 00 ff 80 04 00 ff 80 04 00 ff 80 04 00 ff 85 04 00 ff 86 04 00 ff 86 04 00 ff 86 04 00 ff 86 04 00 ff 86 04 00 ff 89 04 00 ff 87 04 00 ff 87 04 00 ff 88 04 50 ff 
[1786973827316] 6d 5c 7e e2 7d 07 01 5c 7e e1 7d 07 65 66 03 10 05 00 ff 66 03 0f 05 00 ff 66 03 12 05 00 ff ad 01 00 ff ad 01 00 ff ad 01 00 ff ad 01 00 ff ad 01 00 ff ad 01 1c 09 00 ff ad 01 62 00 6c 02 00 80 64 01 80 00 74 4f 75 4c 00 00 00 00 d7 37 00 00 00 00 02 02 ff 00 01 00 ff ad 01 1c 09 00 ff ad 01 00 ff ad 01 00 ff ad 01 fc 43 00 ff ad 01 f8 43 00 ff ad 01 30 12 0e 05 00 ff ad 01 01 05 00 ff 98 01 a6 0b 00 ff 86 04 00 ff 86 04 00 ff 86 04 0e 05 00 ff 98 01 00 ff 98 01 74 08 00 ff 98 01 00 ff 98 01 0e 05 00 ff 98 01 00 ff 98 01 74 08 00 ff 98 01 00 ff 98 01 cb 06 00 ff 86 04 00 ff 86 04 00 ff 86 04 00 ff 86 04 00 ff b9 01 03 05 6c 08 00 ff 98 01 02 05 00 ff 98 01 02 05 01 ff 0e 05 00 ff 98 01 00 ff 98 01 00 ff 98 01 00 ff 98 01 00 ff 98 01 00 ff 98 01 00 ff 98 01 00 ff 98 01 0e 05 04 ff 82 04 00 ff 80 04 00 ff 80 04 00 ff 80 04 00 ff 85 04 00 ff 86 04 00 ff 86 04 00 ff 86 04 00 ff 86 04 00 ff 86 04 00 ff 89 04 00 ff 87 04 00 ff 87 04 00 ff 88 04 50 ff 
[1786973827417] 6d 5c 7e e1 7d 07 01 5d 7e e0 7d 07 65 66 03 00 ff 66 03 3d 08 00 ff 66 03 0e 05 00 ff ad 01 95 6f 00 ff ad 01 00 ff ad 01 00 ff ad 01 00 ff ad 01 00 ff ad 01 12 09 00 ff ad 01 fa 14 a6 0b 00 ff ad 01 12 09 00 ff ad 01 00 ff ad 01 00 ff ad 01 f5 43 00 ff ad 01 f4 43 62 00 6b 02 00 80 64 02 92 00 55 07 0c 13 02 00 00 00 d7 37 00 00 00 00 02 01 ff 00 01 00 ff 67 00 8b 16 15 05 00 ff ad 01 03 05 00 ff 67 00 02 05 00 ff 8b 04 00 ff 8b 04 85 04 00 ff 86 04 0e 05 00 ff a1 27 00 ff 98 01 74 08 00 ff a1 27 00 ff 98 01 0e 05 00 ff a1 27 00 ff 98 01 74 08 00 ff a1 27 00 ff 98 01 0e 05 1a 22 00 ff 86 04 00 ff 86 04 00 ff 86 04 00 ff 86 04 00 ff b9 01 6c 08 88 04 00 ff 98 01 a5 0b 00 ff 98 01 01 ff 0e 05 00 ff 98 01 00 ff 98 01 74 08 00 ff 98 01 00 ff 98 01 0e 05 00 ff 98 01 00 ff 98 01 74 08 00 ff 98 01 00 ff 98 01 cb 06 04 ff 83 04 00 ff 81 04 00 ff 81 04 00 ff 81 04 00 ff 85 04 00 ff 86 04 00 ff 86 04 00 ff 86 04 00 ff 86 04 00 ff 86 04 00 ff 89 04 00 ff 87 04 00 ff 87 04 00 ff 88 04 50 ff 66 66 03 33 12 02 05 5e 0b 00 ff 98 01 00 ff 98 01 00 ff 98 01 00 ff 98 01 00 ff 98 01 00 ff 98 01 00 ff 98 01 00 ff 98 01 00 ff 98 01 00 ff 98 01 20 14 00 ff 98 01 00 ff 98 01 00 ff 98 01 0d 09 00 ff 98 01 00 ff 98 01 60 06 00 ff 98 01 00 ff 98 01 00 ff 98 01 00 ff 98 01 00 ff 98 01 00 ff 98 01 00 ff 98 01 00 ff 98 01 61 06 00 ff 98 01 00 ff 98 01 00 ff 98 01 00 ff 98 01 00 ff 81 04 00 ff 80 04 00 ff 80 04 00 ff 80 04 00 ff 80 04 00 ff 80 04 00 ff 80 04 00 ff 80 04 00 ff 80 04 00 ff 80 04 00 ff 80 04 00 ff 80 04 00 ff 80 04 00 ff 80 04 46 ff 
[1786973827717] 6d 5d 7e e0 7d 07 01 5e 7e df 7d 07 65 66 03 00 ff 66 03 10 05 70 21 00 ff 66 03 8b 16 0f 05 70 21 00 ff 66 03 8b 16 fb 14 00 ff 66 03 8b 16 00 ff 66 03 8b 16 00 ff 66 03 8b 16 00 ff 66 03 8b 16 0f 05 71 21 00 ff 66 03 0f 05 00 ff 66 03 0f 05 00 ff 66 03 11 05 00 ff 66 03 32 12 0f 05 00 ff 66 03 32 12 0f 05 00 ff 66 03 32 12 0f 05 00 ff 66 03 32 12 0f 05 00 ff 66 03 32 12 00 ff 66 03 32 12 d6 14 00 ff 66 03 36 12 00 ff 85 04 00 ff 86 04 0e 05 00 ff 98 01 11 09 ab 0d 00 00 ff 98 01 11 09 00 ff 98 01 11 09 ab 0d 00 00 ff 98 01 0e 05 00 ff 98 01 11 09 ab 0d 00 00 ff 98 01 11 09 00 ff 98 01 11 09 ab 0d 00 00 ff 98 01 0e 05 00 ff 8b 04 00 ff 8b 04 00 ff 8b 04 00 ff 8b 04 00 ff bf 01 8d 04 00 ff b7 01 6a 08 00 ff b7 01 6a 08 00 ff b7 01 6a 08 00 ff 0e 05 00 ff a1 27 00 ff 98 01 74 08 00 ff a1 27 00 ff 98 01 0e 05 00 ff a1 27 00 ff 98 01 74 08 00 ff a1 27 00 ff 98 01 0e 05 1a 22 09 ff 86 04 00 ff 86 04 00 ff 86 04 00 ff 86 04 00 ff 86 04 00 ff 89 04 00 ff 87 04 00 ff 87 04 00 ff 88 04 51 ff 66 66 03 00 ff 66 03 60 06 00 ff 98 01 00 ff 98 01 00 ff 98 01 00 ff 98 01 00 ff 98 01 00 ff 98 01 00 ff 98 01 00 ff 98 01 00 ff 98 01 00 ff 98 01 00 ff 98 01 00 ff 98 01 00 ff b7 01 6a 08 00 ff 98 01 00 ff 98 01 02 05 5e 0b 00 ff 98 01 83 09 00 00 ff 98 01 00 ff 98 01 83 09 00 00 ff 98 01 00 ff 98 01 83 09 00 00 ff 98 01 00 ff 98 01 37 09 00 ff 98 01 20 14 5e 0b 00 ff 98 01 38 09 00 ff 98 01 0f 09 00 ff 98 01 36 09 01 ff 81 04 00 ff 80 04 00 ff 80 04 00 ff 80 04 00 ff 80 04 00 ff 80 04 00 ff 80 04 00 ff 80 04 00 ff 80 04 00 ff 80 04 00 ff 80 04 00 ff 80 04 00 ff 80 04 46 ff 
[1786973827906] a0 7b 1c 00 00 7b 1c 00 00 c3 e3 01 00 b3 1e e1 13 01 00 00 00 8e 02 76 10 55 03 00 00 00 00 96 00 6a 27 00 00 7e 27 00 00 c8 97 09 fb 02 92 00 ce 01 00 00 01 00 00 00 00 00 00 00 00 
[1786973827906] a0 7b 1c 00 00 7b 1c 00 00 c3 e3 01 00 b3 1e e1 13 01 00 00 00 8e 02 76 10 55 03 00 00 00 00 96 00 7e 27 00 00 7e 27 00 00 c8 97 09 fb 02 92 00 ce 01 00 00 01 00 00 00 00 00 00 00 00 
[1786973828184] 6d 5e 7e df 7d 07 01 5f 7e df 7d 07 66 66 03 00 ff 66 03 60 06 00 ff 98 01 00 ff 98 01 00 ff 98 01 83 09 00 00 ff 98 01 00 ff 98 01 83 09 00 00 ff 98 01 00 ff 98 01 83 09 00 00 ff 98 01 00 ff 98 01 37 09 00 ff 98 01 20 14 00 ff 98 01 00 ff 98 01 00 ff b7 01 6a 08 00 ff 98 01 00 ff 98 01 02 05 00 ff 98 01 84 09 00 00 ff 98 01 00 ff 98 01 84 09 00 00 ff 98 01 00 ff 98 01 84 09 00 00 ff 98 01 00 ff 98 01 6f 0b 0f 09 00 ff 98 01 0a 05 00 ff 98 01 01 05 00 ff 98 01 21 14 00 ff 98 01 26 19 01 ff 81 04 00 ff 80 04 00 ff 80 04 00 ff 80 04 00 ff 80 04 00 ff 80 04 00 ff 80 04 00 ff 80 04 00 ff 80 04 00 ff bb 13 00 ff b9 13 00 ff b9 13 00 ff b9 13 46 ff 
[1786973828616] 6d 5f 7e df 7d 07 01 60 7e df 7d 07 66 66 03 00 ff 66 03 02 05 5e 0b 00 ff 98 01 00 ff 98 01 00 ff 98 01 84 09 00 00 ff 98 01 00 ff 98 01 84 09 00 00 ff 98 01 00 ff 98 01 84 09 00 00 ff 98 01 00 ff 98 01 6f 0b 0f 09 00 ff 98 01 f0 11 0a 05 00 ff 98 01 01 05 2c 25 00 ff 98 01 01 05 2c 25 00 ff b7 01 6a 08 00 ff 98 01 00 ff 98 01 02 05 00 ff 98 01 84 09 00 00 ff 98 01 00 ff 98 01 84 09 00 00 ff 98 01 00 ff 98 01 85 09 00 00 ff 98 01 00 ff 98 01 39 09 00 ff 98 01 02 05 04 ff 81 04 00 ff 80 04 00 ff 80 04 00 ff 80 04 00 ff 80 04 00 ff 80 04 00 ff 80 04 00 ff 80 04 00 ff 80 04 00 ff bc 13 00 ff 8a 04 00 ff 85 04 00 ff 85 04 46 ff 
[1786973828906] a0 7b 1c 00 00 7b 1c 00 00 c3 e3 01 00 b3 1e e1 13 01 00 00 00 8e 02 76 10 55 03 00 00 00 00 96 00 7e 27 00 00 7e 27 00 00 c8 97 09 fb 02 91 00 ce 01 00 00 01 00 00 00 00 00 00 00 00 
[1786973828906] a0 7b 1c 00 00 7b 1c 00 00 c3 e3 01 00 b3 1e e1 13 01 00 00 00 8e 02 76 10 55 03 00 00 00 00 96 00 7e 27 00 00 7e 27 00 00 c8 97 09 fb 02 91 00 ce 01 00 00 01 00 00 00 00 00 00 00 00 
[1786973828906] a9 01 01 95 00 41 63 74 69 76 65 20 52 65 73 74 69 6e 67 20 41 72 65 61 20 42 6f 6e 75 73 65 73 3a 20 0a 44 6f 75 62 6c 65 20 48 69 74 20 50 6f 69 6e 74 73 20 52 65 67 65 6e 65 72 61 74 69 6f 6e 2c 0a 44 6f 75 62 6c 65 20 4d 61 6e 61 20 50 6f 69 6e 74 73 20 52 65 67 65 6e 65 72 61 74 69 6f 6e 2c 0a 53 74 61 6d 69 6e 61 20 50 6f 69 6e 74 73 20 52 65 67 65 6e 65 72 61 74 69 6f 6e 2c 0a 53 6f 75 6c 20 50 6f 69 6e 74 73 20 52 65 67 65 6e 65 72 61 74 69 6f 6e 2e 
[1786973828906] a2 40 50 00 00 00 00 00 00 00 
[1786973828906] a9 01 01 95 00 41 63 74 69 76 65 20 52 65 73 74 69 6e 67 20 41 72 65 61 20 42 6f 6e 75 73 65 73 3a 20 0a 44 6f 75 62 6c 65 20 48 69 74 20 50 6f 69 6e 74 73 20 52 65 67 65 6e 65 72 61 74 69 6f 6e 2c 0a 44 6f 75 62 6c 65 20 4d 61 6e 61 20 50 6f 69 6e 74 73 20 52 65 67 65 6e 65 72 61 74 69 6f 6e 2c 0a 53 74 61 6d 69 6e 61 20 50 6f 69 6e 74 73 20 52 65 67 65 6e 65 72 61 74 69 6f 6e 2c 0a 53 6f 75 6c 20 50 6f 69 6e 74 73 20 52 65 67 65 6e 65 72 61 74 69 6f 6e 2e 
[1786973828906] a2 40 50 00 00 00 00 00 00 00 
[1786973828931] 6d 60 7e df 7d 07 01 60 7e de 7d 07 65 66 03 69 07 00 ff 66 03 00 ff 66 03 00 ff 66 03 6a 07 00 ff 66 03 00 ff 66 03 6a 07 00 ff 66 03 6b 07 00 ff 66 03 00 ff 66 03 6c 07 00 ff 66 03 00 ff 66 03 00 ff 66 03 00 ff 66 03 6b 07 00 ff 66 03 00 ff 66 03 62 00 1c 66 01 50 64 01 20 00 00 00 00 00 00 00 00 00 00 3e 00 00 00 00 01 00 ff 00 01 00 ff 66 03 00 ff 66 03 00 ff 66 03 00 ff 0f 05 00 ff 0f 05 00 ff 17 05 00 ff 0f 05 00 ff 0f 05 00 ff 0f 05 00 ff 11 05 78 21 0b ff 98 01 11 09 ab 0d 00 00 ff 98 01 0e 05 00 ff 98 01 11 09 ab 0d 00 00 ff 98 01 11 09 00 ff 98 01 11 09 ab 0d 00 00 ff 98 01 0e 05 0c ff 86 04 00 ff 86 04 00 ff 89 04 00 ff 87 04 00 ff 87 04 00 ff 88 04 54 ff 
[1786973828956] 6d 66 7e d8 7d 07 01 67 7e d8 7d 07 
[1786973829179] 6d 60 7e de 7d 07 01 60 7e dd 7d 07 65 66 03 00 ff 66 03 6b 07 00 ff 66 03 00 ff 66 03 00 ff 66 03 69 07 00 ff 66 03 6b 07 00 ff 66 03 6b 07 00 ff 66 03 00 ff 66 03 00 ff 66 03 00 ff 66 03 00 ff 66 03 00 ff 66 03 00 ff 66 03 ff 0d 12 6b 07 00 ff 66 03 00 ff 66 03 6a 07 00 ff 66 03 00 ff 66 03 6c 07 12 ff 0f 05 00 ff 17 05 00 ff 0f 05 00 ff 0f 05 00 ff 0f 05 00 ff 11 05 78 21 0c ff 86 04 00 ff 86 04 00 ff 89 04 00 ff 87 04 00 ff 87 04 00 ff 88 04 54 ff 
[1786973829314] 6d 60 7e dd 7d 07 01 60 7e dc 7d 07 65 66 03 00 ff 66 03 b3 01 00 ff 66 03 6b 07 00 ff 66 03 69 07 00 ff 66 03 00 ff 66 03 69 07 00 ff 66 03 00 ff 66 03 00 ff 66 03 00 ff 66 03 00 ff 66 03 69 07 00 ff 66 03 69 07 00 ff 66 03 00 ff 66 03 00 ff 66 03 00 ff 66 03 00 ff 66 03 00 ff 66 03 24 ff 8b 04 00 ff 8b 04 00 ff 8e 04 00 ff 8c 04 00 ff 8c 04 00 ff 8d 04 54 ff 
[1786973829414] 6d 60 7e dc 7d 07 01 61 7e dc 7d 07 66 66 03 6b 07 00 ff 66 03 00 ff 66 03 00 ff 66 03 37 12 00 ff 66 03 31 12 02 05 00 ff 98 01 a6 0b 00 ff 98 01 00 ff 98 01 85 09 00 00 ff 98 01 00 ff 98 01 85 09 00 00 ff 98 01 00 ff 98 01 85 09 00 00 ff 98 01 00 ff 98 01 39 09 03 ff b7 01 6a 08 00 ff 98 01 00 ff 98 01 04 05 00 ff 98 01 01 05 00 ff 98 01 26 19 00 ff 98 01 22 14 00 ff 98 01 26 19 00 ff 98 01 22 14 00 ff 98 01 26 19 00 ff 98 01 22 14 00 ff 98 01 05 05 04 ff b8 13 00 ff b9 13 00 ff b9 13 b8 13 00 ff b9 13 00 ff b9 13 00 ff b9 13 00 ff b9 13 00 ff b9 13 00 ff b9 13 00 ff ba 13 46 ff 
[1786973829514] 6d 61 7e dc 7d 07 01 61 7e db 7d 07 65 66 03 6d 45 00 ff 66 03 e5 07 00 ff 66 03 00 ff 66 03 00 ff 66 03 00 ff 66 03 3d 08 00 ff 66 03 35 12 5a 45 00 ff 66 03 30 12 6b 07 00 ff 66 03 30 12 00 ff 66 03 30 12 00 ff 66 03 30 12 00 ff 66 03 30 12 00 ff 66 03 30 12 00 ff 66 03 30 12 00 ff 66 03 30 12 00 ff 66 03 30 12 00 ff 66 03 30 12 00 ff 66 03 30 12 69 07 7e ff 
[1786973829614] 6d 61 7e db 7d 07 02 62 7e db 7d 07 66 66 03 30 12 00 ff 66 03 6b 07 00 ff 66 03 00 ff 66 03 00 ff 66 03 32 12 00 ff 67 00 04 05 00 ff 98 01 01 05 2c 25 00 ff 98 01 01 05 2c 25 00 ff 98 01 26 19 00 ff 98 01 21 14 2c 25 00 ff 98 01 21 14 2c 25 00 ff 98 01 26 19 00 ff 98 01 21 14 2c 25 00 ff 98 01 21 14 2c 25 04 ff c0 01 85 14 00 ff ba 01 6d 08 6f 08 00 ff ba 01 6d 08 00 ff c1 01 5a ff 
[1786973829915] a0 7b 1c 00 00 7b 1c 00 00 c3 e3 01 00 b3 1e e1 13 01 00 00 00 8e 02 76 10 55 03 00 00 00 00 96 00 7e 27 00 00 7e 27 00 00 c8 97 09 fb 02 90 00 ce 01 00 00 01 00 00 00 00 00 00 00 00 
[1786973829915] a0 7b 1c 00 00 7b 1c 00 00 c3 e3 01 00 b3 1e e1 13 01 00 00 00 8e 02 76 10 55 03 00 00 00 00 96 00 7e 27 00 00 7e 27 00 00 c8 97 09 fb 02 90 00 ce 01 00 00 01 00 00 00 00 00 00 00 00 
[1786973830358] ef 0e 28 
[1786973830916] 1d 
[1786973830916] a0 7b 1c 00 00 7b 1c 00 00 c3 e3 01 00 b3 1e e1 13 01 00 00 00 8e 02 76 10 55 03 00 00 00 00 96 00 7e 27 00 00 7e 27 00 00 c8 97 09 fb 02 8f 00 ce 01 00 00 01 00 00 00 00 00 00 00 00 
[1786973830916] a0 7b 1c 00 00 7b 1c 00 00 c3 e3 01 00 b3 1e e1 13 01 00 00 00 8e 02 76 10 55 03 00 00 00 00 96 00 7e 27 00 00 7e 27 00 00 c8 97 09 fb 02 8f 00 ce 01 00 00 01 00 00 00 00 00 00 00 00 
[1786973830953] aa db 67 00 00 08 00 4b 75 6b 75 72 65 6a 61 00 8e 02 01 62 7e db 7d 07 02 00 68 69 
[1786973830953] 1c 00 01 6b 02 00 80 03 07 03 00 79 65 73 08 02 00 6e 6f 09 03 00 62 79 65 
[1786973830965] 6d 67 7e d8 7d 07 01 67 7e d9 7d 07 
[1786973830988] 1e 
[1786973831916] a0 7b 1c 00 00 7b 1c 00 00 c3 e3 01 00 b3 1e e1 13 01 00 00 00 8e 02 76 10 55 03 00 00 00 00 96 00 7e 27 00 00 7e 27 00 00 c8 97 09 fb 02 8e 00 ce 01 00 00 01 00 00 00 00 00 00 00 00 
[1786973831916] a0 7b 1c 00 00 7b 1c 00 00 c3 e3 01 00 b3 1e e1 13 01 00 00 00 8e 02 76 10 55 03 00 00 00 00 96 00 7e 27 00 00 7e 27 00 00 c8 97 09 fb 02 8e 00 ce 01 00 00 01 00 00 00 00 00 00 00 00 
[1786973831954] aa dc 67 00 00 0a 00 4c 6f 6f 74 20 42 75 79 65 72 00 00 00 0a 62 7e da 7d 07 25 00 41 68 2c 20 61 20 63 75 73 74 6f 6d 65 72 21 20 42 65 20 67 72 65 65 74 65 64 2c 20 4b 75 6b 75 72 65 6a 61 21 
[1786973832917] a0 7b 1c 00 00 7b 1c 00 00 c3 e3 01 00 b3 1e e1 13 01 00 00 00 8e 02 76 10 55 03 00 00 00 00 96 00 7e 27 00 00 7e 27 00 00 c8 97 09 fb 02 8d 00 ce 01 00 00 01 00 00 00 00 00 00 00 00 
[1786973832917] a0 7b 1c 00 00 7b 1c 00 00 c3 e3 01 00 b3 1e e1 13 01 00 00 00 8e 02 76 10 55 03 00 00 00 00 96 00 7e 27 00 00 7e 27 00 00 c8 97 09 fb 02 8d 00 ce 01 00 00 01 00 00 00 00 00 00 00 00 
[1786973832968] 6d 67 7e d9 7d 07 01 68 7e d9 7d 07 
[1786973833917] a0 7b 1c 00 00 7b 1c 00 00 c3 e3 01 00 b3 1e e1 13 01 00 00 00 8e 02 76 10 55 03 00 00 00 00 96 00 7e 27 00 00 7e 27 00 00 c8 97 09 fb 02 8c 00 ce 01 00 00 01 00 00 00 00 00 00 00 00 
[1786973833917] a0 7b 1c 00 00 7b 1c 00 00 c3 e3 01 00 b3 1e e1 13 01 00 00 00 8e 02 76 10 55 03 00 00 00 00 96 00 7e 27 00 00 7e 27 00 00 c8 97 09 fb 02 8c 00 ce 01 00 00 01 00 00 00 00 00 00 00 00 
[1786973834529] aa df 67 00 00 0a 00 4c 6f 6f 74 20 42 75 79 65 72 00 00 00 0a 62 7e da 7d 07 cf 00 59 6f 75 20 77 6f 75 6c 64 20 62 65 20 73 75 72 70 72 69 73 65 64 20 68 6f 77 20 6d 61 6e 79 20 74 68 69 6e 67 73 20 79 6f 75 20 63 61 6e 20 73 65 6c 6c 20 68 65 72 65 2e 20 49 20 74 72 61 64 65 20 7b 61 72 6d 6f 72 73 7d 2c 20 7b 63 72 65 61 74 75 72 65 73 20 70 72 6f 64 75 63 74 73 7d 2c 20 7b 64 65 63 6f 72 61 74 69 6f 6e 73 7d 2c 20 7b 64 69 73 74 61 6e 63 65 7d 2c 20 7b 66 6f 6f 64 7d 2c 20 7b 6a 65 77 65 6c 72 79 7d 2c 20 7b 6d 61 67 69 63 7d 2c 20 7b 6d 65 6c 65 65 7d 2c 20 7b 74 6f 6f 6c 73 7d 2c 20 7b 74 72 61 73 68 7d 2c 20 7b 76 61 6c 75 61 62 6c 65 73 7d 20 61 6e 64 20 7b 61 6c 6c 20 6c 6f 6f 74 7d 2e 
[1786973834920] a0 7b 1c 00 00 7b 1c 00 00 c3 e3 01 00 b3 1e e1 13 01 00 00 00 8e 02 76 10 55 03 00 00 00 00 96 00 7e 27 00 00 7e 27 00 00 c8 97 09 fb 02 8b 00 ce 01 00 00 01 00 00 00 00 00 00 00 00 
[1786973834920] a0 7b 1c 00 00 7b 1c 00 00 c3 e3 01 00 b3 1e e1 13 01 00 00 00 8e 02 76 10 55 03 00 00 00 00 96 00 7e 27 00 00 7e 27 00 00 c8 97 09 fb 02 8b 00 ce 01 00 00 01 00 00 00 00 00 00 00 00 
[1786973834969] 6d 68 7e d9 7d 07 01 69 7e d9 7d 07 
[1786973835920] 1d 
[1786973835920] a0 7b 1c 00 00 7b 1c 00 00 c3 e3 01 00 b3 1e e1 13 01 00 00 00 8e 02 76 10 55 03 00 00 00 00 96 00 7e 27 00 00 7e 27 00 00 c8 97 09 fb 02 8a 00 ce 01 00 00 01 00 00 00 00 00 00 00 00 
[1786973835920] a0 7b 1c 00 00 7b 1c 00 00 c3 e3 01 00 b3 1e e1 13 01 00 00 00 8e 02 76 10 55 03 00 00 00 00 96 00 7e 27 00 00 7e 27 00 00 c8 97 09 fb 02 8a 00 ce 01 00 00 01 00 00 00 00 00 00 00 00 
[1786973836920] a0 7b 1c 00 00 7b 1c 00 00 c3 e3 01 00 b3 1e e1 13 01 00 00 00 8e 02 76 10 55 03 00 00 00 00 96 00 7e 27 00 00 7e 27 00 00 c8 97 09 fb 02 89 00 ce 01 00 00 01 00 00 00 00 00 00 00 00 
[1786973836920] a0 7b 1c 00 00 7b 1c 00 00 c3 e3 01 00 b3 1e e1 13 01 00 00 00 8e 02 76 10 55 03 00 00 00 00 96 00 7e 27 00 00 7e 27 00 00 c8 97 09 fb 02 89 00 ce 01 00 00 01 00 00 00 00 00 00 00 00 
[1786973836970] 6d 69 7e d9 7d 07 01 68 7e d9 7d 07 
[1786973836987] 1e 
[1786973837120] 7a 0a 00 4c 6f 6f 74 20 42 75 79 65 72 d7 0b 00 00 01 00 a9 5c 00 08 00 61 6c 6c 20 6c 6f 6f 74 00 00 00 00 00 00 00 00 01 00 00 00 
[1786973837120] ee 00 24 31 66 0a 00 00 00 00 
[1786973837120] ee 01 00 00 00 00 00 00 00 00 
[1786973837120] 7b 01 00 a9 5c 01 00 
[1786973837921] a0 7b 1c 00 00 7b 1c 00 00 c3 e3 01 00 b3 1e e1 13 01 00 00 00 8e 02 76 10 55 03 00 00 00 00 96 00 7e 27 00 00 7e 27 00 00 c8 97 09 fb 02 88 00 ce 01 00 00 01 00 00 00 00 00 00 00 00 
[1786973837921] a0 7b 1c 00 00 7b 1c 00 00 c3 e3 01 00 b3 1e e1 13 01 00 00 00 8e 02 76 10 55 03 00 00 00 00 96 00 7e 27 00 00 7e 27 00 00 c8 97 09 fb 02 88 00 ce 01 00 00 01 00 00 00 00 00 00 00 00 
[1786973838922] a0 7b 1c 00 00 7b 1c 00 00 c3 e3 01 00 b3 1e e1 13 01 00 00 00 8e 02 76 10 55 03 00 00 00 00 96 00 7e 27 00 00 7e 27 00 00 c8 97 09 fb 02 87 00 ce 01 00 00 01 00 00 00 00 00 00 00 00 
[1786973838922] a0 7b 1c 00 00 7b 1c 00 00 c3 e3 01 00 b3 1e e1 13 01 00 00 00 8e 02 76 10 55 03 00 00 00 00 96 00 7e 27 00 00 7e 27 00 00 c8 97 09 fb 02 87 00 ce 01 00 00 01 00 00 00 00 00 00 00 00 
[1786973838972] 6d 68 7e d9 7d 07 01 69 7e d9 7d 07 
[1786973839928] a0 7b 1c 00 00 7b 1c 00 00 c3 e3 01 00 b3 1e e1 13 01 00 00 00 8e 02 76 10 55 03 00 00 00 00 96 00 7e 27 00 00 7e 27 00 00 c8 97 09 fb 02 86 00 ce 01 00 00 01 00 00 00 00 00 00 00 00 
[1786973839928] a0 7b 1c 00 00 7b 1c 00 00 c3 e3 01 00 b3 1e e1 13 01 00 00 00 8e 02 76 10 55 03 00 00 00 00 96 00 7e 27 00 00 7e 27 00 00 c8 97 09 fb 02 86 00 ce 01 00 00 01 00 00 00 00 00 00 00 00 
[1786973840180] 6e 03 a9 5c 09 00 00 00 80 00 00 00 00 0a 00 6c 6f 6f 74 20 70 6f 75 63 68 20 01 00 01 01 00 00 40 00 00 00 00 00 01 
[1786973840180] f5 39 00 01 00 00 01 02 00 00 01 03 00 00 01 04 00 00 01 05 00 00 01 06 00 00 01 07 00 00 01 08 00 00 01 09 00 00 01 0a 00 00 01 0b 00 00 01 26 0b 00 01 33 0b 00 01 34 0b 00 01 35 0b 00 01 36 0b 00 01 37 0b 00 01 99 0b 00 01 bb 0b 00 01 c2 0b 00 01 e8 0b 00 32 eb 0b 00 01 09 0c 00 14 1a 0c 00 01 81 0d 00 01 a9 16 00 01 13 1d 00 14 f2 3e 00 01 95 3f 00 01 a3 53 00 0a 0b 56 00 01 f4 57 00 06 4e 5b 00 42 86 66 5b 00 01 e5 5b 00 01 e9 5b 00 0b f6 5b 00 09 a9 5c 00 01 77 65 00 01 78 65 00 01 79 65 00 01 7f 6f 00 01 2e 70 00 01 f5 72 00 01 b9 76 00 01 5b 7b 00 01 81 7b 00 01 74 7f 00 01 28 85 00 01 d8 89 00 01 bd 8a 00 01 3d 8c 00 4c b3 3e 8c 00 40 8f ed 98 00 01 ee 98 00 01 57 ab 00 01 0a cb 00 01 
[1786973840180] a0 7b 1c 00 00 7b 1c 00 00 43 52 10 00 b3 1e e1 13 01 00 00 00 8e 02 76 10 55 03 00 00 00 00 96 00 7e 27 00 00 7e 27 00 00 c8 97 09 fb 02 85 00 ce 01 00 00 01 00 00 00 00 00 00 00 00 
[1786973840180] a0 7b 1c 00 00 7b 1c 00 00 43 52 10 00 b3 1e e1 13 01 00 00 00 8e 02 76 10 55 03 00 00 00 00 96 00 7e 27 00 00 7e 27 00 00 c8 97 09 fb 02 85 00 ce 01 00 00 01 00 00 00 00 00 00 00 00 
[1786973840180] b4 16 2d 00 59 6f 75 20 73 6f 6c 64 20 61 6c 6c 20 73 65 6c 6c 61 62 6c 65 20 69 74 65 6d 73 20 66 6f 72 20 34 31 30 38 31 31 30 20 67 6f 6c 64 2e 
[1786973840181] ee 00 72 e0 a4 0a 00 00 00 00 
[1786973840181] ee 01 00 00 00 00 00 00 00 00 
[1786973840181] 7b 01 00 a9 5c 01 00 
[1786973840358] ef 0e 2c 
[1786973840936] 1d 
[1786973840936] a0 7b 1c 00 00 7b 1c 00 00 43 52 10 00 b3 1e e1 13 01 00 00 00 8e 02 76 10 55 03 00 00 00 00 96 00 7e 27 00 00 7e 27 00 00 c8 97 09 fb 02 85 00 ce 01 00 00 01 00 00 00 00 00 00 00 00 
[1786973840936] a0 7b 1c 00 00 7b 1c 00 00 43 52 10 00 b3 1e e1 13 01 00 00 00 8e 02 76 10 55 03 00 00 00 00 96 00 7e 27 00 00 7e 27 00 00 c8 97 09 fb 02 85 00 ce 01 00 00 01 00 00 00 00 00 00 00 00 
[1786973840978] 6d 69 7e d9 7d 07 01 69 7e d8 7d 07 
[1786973841760] 7c 
[1786973841760] 1c 00 00 00 
[1786973841936] a0 7b 1c 00 00 7b 1c 00 00 43 52 10 00 b3 1e e1 13 01 00 00 00 8e 02 76 10 55 03 00 00 00 00 96 00 7e 27 00 00 7e 27 00 00 c8 97 09 fb 02 84 00 ce 01 00 00 01 00 00 00 00 00 00 00 00 
[1786973841936] a0 7b 1c 00 00 7b 1c 00 00 43 52 10 00 b3 1e e1 13 01 00 00 00 8e 02 76 10 55 03 00 00 00 00 96 00 7e 27 00 00 7e 27 00 00 c8 97 09 fb 02 84 00 ce 01 00 00 01 00 00 00 00 00 00 00 00 
[1786973842060] aa e5 67 00 00 0a 00 4c 6f 6f 74 20 42 75 79 65 72 00 00 00 01 62 7e da 7d 07 0f 00 43 6f 6d 65 20 62 61 63 6b 20 73 6f 6f 6e 21 
[1786973842170] 1e 
[1786973842937] a0 7b 1c 00 00 7b 1c 00 00 43 52 10 00 b3 1e e1 13 01 00 00 00 8e 02 76 10 55 03 00 00 00 00 96 00 7e 27 00 00 7e 27 00 00 c8 97 09 fb 02 83 00 ce 01 00 00 01 00 00 00 00 00 00 00 00 
[1786973842937] a0 7b 1c 00 00 7b 1c 00 00 43 52 10 00 b3 1e e1 13 01 00 00 00 8e 02 76 10 55 03 00 00 00 00 96 00 7e 27 00 00 7e 27 00 00 c8 97 09 fb 02 83 00 ce 01 00 00 01 00 00 00 00 00 00 00 00 
[1786973842989] 6d 69 7e d8 7d 07 01 69 7e d7 7d 07 
[1786973842993] 6d 62 7e db 7d 07 02 62 7e dc 7d 07 67 ad 01 00 ff ad 01 00 ff ad 01 00 ff ad 01 00 ff ad 01 00 ff ad 01 0e 05 78 21 00 ff ad 01 00 ff ad 01 74 08 00 ff ad 01 00 ff ad 01 15 05 00 ff a3 11 01 05 00 ff 98 01 88 09 00 00 ff 98 01 00 ff 98 01 00 ff 98 01 37 09 00 ff 98 01 6f 0b 0f 09 00 ff 98 01 39 09 00 ff 98 01 24 19 00 ff 98 01 00 ff 98 01 00 ff 98 01 00 ff 98 01 00 ff 98 01 00 ff 98 01 00 ff 98 01 00 ff 98 01 00 ff 98 01 15 05 00 ff 98 01 08 05 00 ff 98 01 02 05 00 ff 98 01 20 14 5e 0b 00 ff 98 01 61 06 00 ff 98 01 20 14 5e 0b 00 ff 98 01 0a 05 00 ff 98 01 02 05 00 ff 98 01 05 05 01 ff 98 01 00 ff 98 01 00 ff 98 01 00 ff 98 01 0e 05 77 21 00 ff 98 01 00 ff 98 01 74 08 00 ff 98 01 00 ff 98 01 0e 05 00 ff 82 04 00 ff 80 04 00 ff 80 04 00 ff 80 04 00 ff 80 04 00 ff 80 04 00 ff bb 13 00 ff bc 13 00 ff ba 13 01 ff 89 04 00 ff 87 04 00 ff 87 04 00 ff 87 04 00 ff 87 04 00 ff 87 04 00 ff 87 04 00 ff 88 04 52 ff 
[1786973843177] 6d 62 7e dc 7d 07 01 61 7e dc 7d 07 68 66 03 b3 01 00 ff 66 03 6b 07 00 ff 66 03 00 ff 66 03 8b 16 00 ff ad 01 00 ff ad 01 00 ff ad 01 00 ff ad 01 00 ff ad 01 00 ff ad 01 00 ff ad 01 00 ff ad 01 00 ff ad 01 00 ff ad 01 02 ff 0f 05 00 ff 98 01 11 09 ab 0d 00 00 ff a1 27 00 ff 98 01 00 ff 98 01 00 ff 98 01 00 ff 98 01 3e 08 00 ff 98 01 0f 05 00 ff 98 01 11 09 ab 0d 00 00 ff a1 27 00 ff 98 01 00 ff 98 01 01 ff 17 05 00 ff 98 01 0e 05 00 ff 98 01 0e 05 00 ff 98 01 0e 05 00 ff 98 01 00 ff 98 01 00 ff 98 01 00 ff 98 01 11 05 00 ff 98 01 0e 05 00 ff 98 01 0e 05 00 ff 98 01 0e 05 78 21 00 ff 98 01 00 ff 0e 05 77 21 00 ff 8b 04 00 ff 86 04 00 ff 86 04 00 ff 86 04 00 ff 86 04 00 ff 86 04 00 ff 86 04 00 ff 86 04 00 ff 86 04 00 ff 86 04 00 ff 86 04 00 ff 86 04 00 ff 86 04 00 ff 86 04 38 ff 
[1786973843280] 6d 61 7e dc 7d 07 01 61 7e dd 7d 07 67 ad 01 00 ff ad 01 00 ff ad 01 00 ff ad 01 00 ff ad 01 00 ff ad 01 00 ff ad 01 00 ff ad 01 00 ff ad 01 00 ff ad 01 00 ff ad 01 15 05 00 ff a6 11 08 05 00 ff 98 01 02 05 00 ff 98 01 20 14 00 ff 98 01 00 ff 98 01 20 14 00 ff 98 01 f0 11 0a 05 00 ff 98 01 02 05 2d 25 00 ff 98 01 00 ff 98 01 0e 05 77 21 00 ff 98 01 00 ff 98 01 00 ff 98 01 00 ff 98 01 0e 05 77 21 00 ff 98 01 00 ff 98 01 74 08 00 ff 98 01 00 ff 98 01 cb 06 00 ff 98 01 01 05 00 ff 98 01 38 09 00 ff 98 01 00 ff 98 01 00 ff 98 01 38 09 00 ff 98 01 01 05 02 ff 98 01 0e 05 00 ff 98 01 00 ff 98 01 00 ff 98 01 00 ff 98 01 0e 05 00 ff a1 27 00 ff 98 01 74 08 00 ff a1 27 00 ff 98 01 cb 06 00 ff 82 04 00 ff 80 04 00 ff 80 04 00 ff 80 04 00 ff 80 04 00 ff 80 04 00 ff b9 13 00 ff 8a 04 00 ff 8b 04 00 ff 86 04 00 ff 89 04 00 ff 87 04 00 ff 87 04 00 ff 87 04 00 ff 87 04 00 ff 87 04 00 ff 87 04 00 ff 88 04 51 ff 
[1786973843388] 6d 61 7e dd 7d 07 01 60 7e dd 7d 07 68 66 03 00 ff 66 03 69 07 00 ff 66 03 8b 16 fb 14 00 ff ad 01 00 ff ad 01 00 ff ad 01 00 ff ad 01 00 ff ad 01 00 ff ad 01 00 ff ad 01 00 ff ad 01 00 ff ad 01 00 ff ad 01 00 ff ad 01 01 ff 0f 05 00 ff 98 01 11 09 00 ff 98 01 74 08 00 ff 98 01 74 08 00 ff 98 01 00 ff 98 01 00 ff 98 01 00 ff 98 01 0f 05 00 ff 98 01 11 09 00 ff 98 01 74 08 00 ff 98 01 74 08 00 ff 98 01 00 ff 98 01 74 08 00 ff 0f 05 00 ff 98 01 11 09 ab 0d 00 00 ff a1 27 00 ff 98 01 00 ff 98 01 00 ff 98 01 00 ff 98 01 3e 08 00 ff 98 01 0f 05 00 ff 98 01 11 09 ab 0d 00 00 ff a1 27 00 ff 98 01 00 ff 98 01 00 ff 98 01 00 ff a1 27 00 ff 86 04 00 ff 86 04 00 ff 86 04 00 ff 86 04 00 ff 86 04 00 ff 86 04 00 ff 86 04 00 ff 86 04 00 ff 86 04 00 ff 86 04 00 ff 86 04 00 ff 86 04 00 ff 86 04 00 ff 86 04 38 ff 
[1786973843493] 6d 60 7e dd 7d 07 01 60 7e de 7d 07 67 ad 01 00 ff ad 01 00 ff ad 01 00 ff ad 01 00 ff ad 01 00 ff ad 01 00 ff ad 01 00 ff ad 01 0e 05 77 21 00 ff ad 01 00 ff ad 01 74 08 00 ff ad 01 00 ff ad 01 15 05 00 ff a3 11 01 05 00 ff 98 01 00 ff 98 01 00 ff 98 01 00 ff 98 01 00 ff 98 01 01 05 2c 25 00 ff 98 01 74 08 00 ff a1 27 00 ff 98 01 0e 05 00 ff 98 01 00 ff 98 01 00 ff 98 01 00 ff 98 01 0e 05 00 ff a1 27 00 ff 98 01 74 08 00 ff a1 27 00 ff 98 01 15 05 00 ff 0e 05 21 14 00 ff 98 01 0f 09 00 ff 98 01 00 ff 98 01 00 ff 98 01 0f 09 00 ff 98 01 21 14 01 ff 98 01 11 09 a9 0d 00 00 ff 98 01 0e 05 00 ff 98 01 de 09 00 ff 98 01 00 ff 98 01 3e 08 00 ff 98 01 0e 05 00 ff 98 01 11 09 a9 0d 00 00 ff 98 01 11 09 00 ff 98 01 11 09 a9 0d 00 00 ff 98 01 0e 05 1a 22 00 ff 82 04 00 ff 80 04 00 ff 80 04 00 ff 80 04 00 ff 80 04 00 ff 80 04 00 ff b9 13 00 ff 85 04 00 ff 86 04 00 ff 86 04 00 ff 89 04 00 ff 87 04 00 ff 87 04 00 ff 87 04 00 ff 87 04 00 ff 87 04 00 ff 87 04 00 ff 88 04 50 ff 
[1786973843506] 83 60 7e de 7d 07 03 0f 00 01 00 
[1786973843506] a4 06 00 d0 07 00 00 
[1786973843506] a9 01 01 95 00 41 63 74 69 76 65 20 52 65 73 74 69 6e 67 20 41 72 65 61 20 42 6f 6e 75 73 65 73 3a 20 0a 44 6f 75 62 6c 65 20 48 69 74 20 50 6f 69 6e 74 73 20 52 65 67 65 6e 65 72 61 74 69 6f 6e 2c 0a 44 6f 75 62 6c 65 20 4d 61 6e 61 20 50 6f 69 6e 74 73 20 52 65 67 65 6e 65 72 61 74 69 6f 6e 2c 0a 53 74 61 6d 69 6e 61 20 50 6f 69 6e 74 73 20 52 65 67 65 6e 65 72 61 74 69 6f 6e 2c 0a 53 6f 75 6c 20 50 6f 69 6e 74 73 20 52 65 67 65 6e 65 72 61 74 69 6f 6e 2e 
[1786973843506] a2 40 50 00 00 00 00 00 00 00 
[1786973843506] a5 03 d0 07 00 00 
[1786973843506] a9 01 01 95 00 41 63 74 69 76 65 20 52 65 73 74 69 6e 67 20 41 72 65 61 20 42 6f 6e 75 73 65 73 3a 20 0a 44 6f 75 62 6c 65 20 48 69 74 20 50 6f 69 6e 74 73 20 52 65 67 65 6e 65 72 61 74 69 6f 6e 2c 0a 44 6f 75 62 6c 65 20 4d 61 6e 61 20 50 6f 69 6e 74 73 20 52 65 67 65 6e 65 72 61 74 69 6f 6e 2c 0a 53 74 61 6d 69 6e 61 20 50 6f 69 6e 74 73 20 52 65 67 65 6e 65 72 61 74 69 6f 6e 2c 0a 53 6f 75 6c 20 50 6f 69 6e 74 73 20 52 65 67 65 6e 65 72 61 74 69 6f 6e 2e 
[1786973843506] a2 40 50 00 00 00 00 00 00 00 
[1786973843506] 83 60 7e de 7d 07 06 01 ee 03 00 
[1786973843506] a0 7b 1c 00 00 7b 1c 00 00 43 52 10 00 b3 1e e1 13 01 00 00 00 8e 02 76 10 55 03 00 00 00 00 96 00 7e 27 00 00 7e 27 00 00 c8 97 09 fb 02 82 00 ce 01 00 00 01 00 00 00 00 00 00 00 00 
[1786973843506] a1 27 00 20 00 20 00 e7 16 13 00 13 00 13 00 7b 11 0a 00 0a 00 0a 00 00 00 0a 00 0a 00 0a 00 00 00 0a 00 0a 00 0a 00 00 00 9a 00 6a 00 6a 00 91 1e 4d 00 4d 00 4d 00 11 06 0a 00 0a 00 0a 00 00 00 00 5a 3c 19 00 28 a5 14 00 7d 00 ad 01 00 04 ff ff ff 7f 00 04 57 1b 00 80 04 9f 0f 00 80 04 97 08 00 80 04 27 23 00 80 04 ff ff ff 7f 00 00 26 00 00 00 04 7c 00 00 80 04 ff ff ff 7f 00 00 07 00 04 10 03 00 80 03 04 6f 03 00 80 02 04 8c 04 00 80 01 04 f0 0a 00 80 04 04 f3 01 00 80 05 04 8c 04 00 80 06 04 f3 01 00 80 04 ff ff ff 7f 04 ff ff ff 7f 04 ff ff ff 7f 
[1786973843506] a0 7b 1c 00 00 7b 1c 00 00 43 52 10 00 b3 1e e1 13 01 00 00 00 8e 02 76 10 55 03 00 00 00 00 96 00 42 27 00 00 7e 27 00 00 c8 97 09 fb 02 82 00 ce 01 00 00 01 00 00 00 00 00 00 00 00 
[1786973843506] aa e6 67 00 00 08 00 4b 75 6b 75 72 65 6a 61 00 8e 02 24 60 7e de 7d 07 09 00 75 74 61 6e 69 20 68 75 72 
[1786973843603] 6d 60 7e de 7d 07 01 5f 7e de 7d 07 68 66 03 00 ff 66 03 8b 16 0f 05 70 21 00 ff ad 01 95 6f 00 ff ad 01 00 ff ad 01 00 ff ad 01 00 ff ad 01 00 ff ad 01 00 ff ad 01 00 ff ad 01 00 ff ad 01 00 ff ad 01 00 ff ad 01 1b 09 00 ff ad 01 12 09 00 ff 0f 05 00 ff 98 01 11 09 ab 0d 00 00 ff a1 27 00 ff 98 01 00 ff 98 01 00 ff 98 01 ca 64 00 ff 98 01 de 09 00 ff 98 01 0f 05 00 ff 98 01 11 09 ab 0d 00 00 ff a1 27 00 ff 98 01 00 ff 98 01 00 ff 98 01 00 ff a1 27 00 ff 98 01 11 09 00 ff 98 01 74 08 00 ff 98 01 74 08 00 ff 98 01 00 ff 98 01 00 ff 98 01 00 ff 98 01 0f 05 00 ff 98 01 11 09 00 ff 98 01 74 08 00 ff 98 01 74 08 00 ff 98 01 00 ff 98 01 74 08 00 ff 98 01 74 08 00 ff 98 01 11 09 00 ff 86 04 00 ff 86 04 00 ff 86 04 00 ff 86 04 00 ff 86 04 00 ff 86 04 00 ff 86 04 00 ff 86 04 00 ff 86 04 00 ff 86 04 00 ff 86 04 00 ff 86 04 00 ff 86 04 00 ff 86 04 38 ff 
[1786973843703] 6d 5f 7e de 7d 07 01 5f 7e df 7d 07 67 ad 01 12 09 00 ff ad 01 00 ff ad 01 00 ff ad 01 00 ff ad 01 00 ff ad 01 00 ff ad 01 00 ff ad 01 de 09 00 ff ad 01 0e 05 00 ff a1 27 00 ff ad 01 74 08 00 ff a2 27 00 ff ad 01 15 05 00 ff a3 11 01 05 00 ff 98 01 00 ff 98 01 00 ff 98 01 00 ff 98 01 00 ff 98 01 11 09 a9 0d 00 00 ff 98 01 11 09 00 ff 98 01 11 09 a9 0d 00 00 ff 98 01 0e 05 00 ff 98 01 de 09 00 ff 98 01 00 ff 98 01 3e 08 00 ff 98 01 0e 05 00 ff 98 01 11 09 a9 0d 00 00 ff 98 01 11 09 00 ff 98 01 11 09 a9 0d 00 00 ff 98 01 15 05 00 ff 0e 05 21 14 5c 0b 00 ff 98 01 36 09 00 ff 98 01 00 ff 98 01 00 ff 98 01 36 09 00 ff 98 01 26 19 00 ff 98 01 0f 05 19 22 00 ff 98 01 0f 05 00 ff 98 01 16 05 19 22 00 ff 98 01 0f 05 00 ff 98 01 ca 06 00 ff 98 01 0f 05 00 ff 98 01 16 05 19 22 00 ff 98 01 0f 05 00 ff 98 01 0f 05 19 22 00 ff 98 01 0f 05 00 ff 98 01 12 05 70 21 00 ff 82 04 00 ff 80 04 00 ff 80 04 00 ff 80 04 00 ff 80 04 00 ff 80 04 00 ff b9 13 5a ff 
[1786973843809] 6d 5f 7e df 7d 07 01 5e 7e df 7d 07 68 66 03 10 05 70 21 00 ff 66 03 0e 05 00 ff 66 03 12 05 00 ff ad 01 00 ff ad 01 00 ff ad 01 00 ff ad 01 00 ff ad 01 00 ff ad 01 00 ff ad 01 00 ff ad 01 00 ff ad 01 13 09 00 ff ad 01 00 ff ad 01 00 ff 86 04 0e 05 00 ff 86 04 0e 05 00 ff 86 04 0e 05 00 ff 86 04 0e 05 00 ff 86 04 0e 05 00 ff 86 04 0e 05 00 ff 86 04 15 05 00 ff 86 04 0e 05 00 ff 86 04 0e 05 00 ff 86 04 0e 05 00 ff 86 04 0e 05 5c 0b 00 ff 86 04 0e 05 00 ff 86 04 0e 05 00 ff 86 04 0e 05 00 ff a1 27 00 ff 98 01 00 ff 98 01 00 ff 98 01 00 ff 98 01 de 09 00 ff 98 01 0f 05 00 ff 98 01 11 09 ab 0d 00 00 ff a1 27 00 ff 98 01 00 ff 98 01 00 ff 98 01 00 ff a1 27 00 ff 98 01 11 09 a9 0d 00 00 ff 98 01 0f 05 00 ff 86 04 00 ff 86 04 00 ff 86 04 00 ff 86 04 00 ff 86 04 00 ff 86 04 00 ff 86 04 00 ff 86 04 00 ff 86 04 00 ff 86 04 00 ff 86 04 00 ff 86 04 00 ff 86 04 39 ff 
[1786973843937] a0 7b 1c 00 00 7b 1c 00 00 43 52 10 00 b3 1e e1 13 01 00 00 00 8e 02 76 10 55 03 00 00 00 00 96 00 42 27 00 00 7e 27 00 00 c8 97 09 fb 02 82 00 ce 01 00 00 01 00 00 00 00 00 00 00 00 
[1786973843937] a0 7b 1c 00 00 7b 1c 00 00 43 52 10 00 b3 1e e1 13 01 00 00 00 8e 02 76 10 55 03 00 00 00 00 96 00 6a 27 00 00 7e 27 00 00 c8 97 09 fb 02 82 00 ce 01 00 00 01 00 00 00 00 00 00 00 00 
[1786973844007] 6d 5e 7e df 7d 07 01 5e 7e e0 7d 07 67 ad 01 62 00 77 02 00 80 64 02 81 00 39 71 5f 71 00 00 00 00 d7 37 00 00 00 00 02 01 ff 00 01 00 ff ad 01 1d 09 00 ff ad 01 00 ff ad 01 3e 08 00 ff ad 01 00 ff 9e 01 00 ff 9e 01 00 ff ad 01 00 ff ad 01 3e 08 00 ff ad 01 0e 05 00 ff ad 01 11 09 a9 0d 00 00 ff ad 01 11 09 00 ff ad 01 11 09 a9 0d 00 00 ff ad 01 15 05 00 ff ac 11 01 05 5c 0b 00 ff 98 01 00 ff 98 01 0d 09 00 ff 98 01 0e 09 6f 0b 00 ff 86 04 15 05 70 21 00 ff 98 01 17 05 00 ff 98 01 17 05 00 ff 98 01 17 05 00 ff 98 01 18 05 00 ff 98 01 17 05 00 ff 98 01 ca 06 00 ff 98 01 17 05 00 ff 98 01 18 05 00 ff 98 01 17 05 00 ff 98 01 17 05 00 ff 98 01 0f 05 00 ff 98 01 16 05 70 21 00 ff 0e 05 21 14 00 ff 98 01 00 ff 98 01 00 ff 98 01 00 ff 98 01 00 ff 8f 04 00 ff 8f 04 00 ff 8f 04 00 ff 8f 04 00 ff 8f 04 00 ff 8f 04 00 ff 8f 04 00 ff 8f 04 00 ff 8f 04 00 ff 8f 04 02 ff 82 04 00 ff 80 04 00 ff 80 04 00 ff 80 04 00 ff 80 04 00 ff 80 04 5a ff 
[1786973844115] 6d 5e 7e e0 7d 07 01 5d 7e e0 7d 07 68 66 03 3d 08 00 ff 66 03 0f 05 00 ff ad 01 95 6f 00 ff ad 01 fb 14 00 ff ad 01 00 ff ad 01 00 ff ad 01 00 ff ad 01 00 ff ad 01 00 ff ad 01 00 ff ad 01 16 09 00 ff ad 01 29 09 e3 0b 03 00 ff ad 01 b5 09 00 00 ff ad 01 2a 16 00 ff 8b 04 85 04 00 ff 86 04 00 ff 86 04 00 ff 86 04 00 ff 86 04 00 ff 86 04 00 ff 86 04 00 ff 86 04 00 ff 86 04 00 ff 86 04 00 ff 86 04 00 ff 86 04 00 ff 86 04 00 ff 86 04 00 ff 0e 05 00 ff 0e 05 00 ff cb 06 00 ff 0e 05 00 ff 15 05 00 ff 0e 05 00 ff 0e 05 00 ff cb 06 00 ff 0e 05 5c 0b 00 ff cb 06 00 ff 0e 05 00 ff 0e 05 00 ff 13 05 70 21 00 ff 8f 04 00 ff 86 04 00 ff 86 04 00 ff 86 04 00 ff 86 04 00 ff 86 04 00 ff 86 04 00 ff 86 04 00 ff 86 04 00 ff 86 04 00 ff 86 04 00 ff 86 04 00 ff 86 04 3a ff 
[1786973844255] 6d 5d 7e e0 7d 07 01 5d 7e e1 7d 07 67 ad 01 0f 05 00 ff ad 01 0f 05 00 ff ad 01 0f 05 70 21 00 ff ad 01 0f 05 00 ff ad 01 0f 05 00 ff ad 01 0f 05 00 ff ad 01 0f 05 00 ff ad 01 0f 05 00 ff ad 01 0f 05 00 ff ad 01 0f 05 00 ff ad 01 18 05 00 ff ad 01 17 05 00 ff ad 01 17 05 00 ff ad 01 0f 05 00 ff ad 01 16 05 70 21 00 ff aa 11 01 05 00 ff 98 01 00 ff 98 01 00 ff f7 04 00 ff f7 04 00 ff f7 04 00 ff f7 04 00 ff ff 04 00 ff f7 04 00 ff f7 04 00 ff f7 04 00 ff f7 04 00 ff f7 04 00 ff f7 04 00 ff f9 04 78 21 02 ff 01 05 08 05 00 ff 98 01 02 05 00 ff 98 01 25 19 00 ff 98 01 60 06 00 ff 90 04 00 ff 90 04 00 ff 90 04 00 ff 90 04 00 ff 90 04 00 ff 90 04 00 ff 90 04 00 ff 90 04 00 ff 90 04 00 ff 90 04 00 ff 90 04 61 ff 
[1786973844514] 6d 5d 7e e1 7d 07 01 5d 7e e2 7d 07 67 67 00 b4 11 f7 04 00 ff a3 11 bf 01 f7 04 00 ff a9 11 f7 04 00 ff aa 11 f7 04 00 ff a3 11 f7 04 00 ff b2 11 ff 04 00 ff a3 11 f7 04 00 ff a3 11 f7 04 00 ff a3 11 f7 04 00 ff b1 11 f7 04 00 ff a3 11 f7 04 00 ff ad 11 f7 04 00 ff b2 11 f9 04 78 21 00 ff a3 11 47 18 00 ff ab 11 00 ff af 11 01 05 5c 0b 00 ff 98 01 82 09 00 00 ff 98 01 00 ff 98 01 b7 09 00 ff b0 01 00 ff 98 01 00 ff 98 01 a5 0b 0f 09 00 ff 98 01 f6 04 06 ff f8 04 59 06 02 ff b9 01 6c 08 00 ff 98 01 00 ff 98 01 00 ff 98 01 00 ff 90 04 00 ff 90 04 00 ff 90 04 00 ff 90 04 00 ff 90 04 00 ff 90 04 00 ff 90 04 00 ff 90 04 00 ff 90 04 00 ff 90 04 00 ff 90 04 61 ff 
[1786973844618] 6d 5d 7e e2 7d 07 01 5d 7e e3 7d 07 67 98 01 da 09 00 ff 98 01 da 09 00 ff 98 01 9c 07 00 ff 98 01 da 09 00 ff 98 01 da 09 00 ff 98 01 f6 04 00 ff 70 01 4c 0b 01 29 0c 01 4e 0b 01 00 ff 70 01 0f 09 4c 0b 01 00 ff 70 01 3b 0b 01 0f 09 00 ff 70 01 0f 09 4e 0b 01 00 ff 70 01 8b 08 26 09 00 ff 70 01 8b 08 27 09 b1 2c 00 ff a6 11 f6 04 00 ff ab 11 00 ff ad 11 4a 18 00 ff aa 11 26 19 00 ff 98 01 82 09 00 00 ff 98 01 00 ff 98 01 b8 09 00 ff 98 01 00 ff 98 01 00 ff 98 01 00 ff 98 01 c9 06 06 ff f8 04 58 06 02 ff b9 01 6c 08 00 ff 98 01 00 ff 98 01 00 ff 98 01 00 ff 90 04 00 ff 90 04 00 ff 90 04 00 ff 90 04 00 ff 90 04 00 ff 90 04 00 ff 90 04 00 ff 90 04 00 ff 90 04 00 ff 90 04 00 ff 90 04 61 ff 
[1786973844718] 6d 5d 7e e3 7d 07 01 5e 7e e3 7d 07 66 98 01 00 ff 98 01 00 ff 98 01 00 ff 98 01 00 ff 98 01 00 ff 98 01 00 ff 98 01 00 ff 98 01 00 ff 98 01 00 ff 98 01 00 ff 98 01 0e 09 6f 0b 00 ff 98 01 00 ff 98 01 00 ff 98 01 00 ff 98 01 00 ff 98 01 83 09 00 00 ff 98 01 00 ff 98 01 83 09 00 00 ff 98 01 00 ff 98 01 37 09 00 ff 98 01 20 14 5e 0b 00 ff 98 01 38 09 00 ff 98 01 0f 09 00 ff 98 01 36 09 00 ff 98 01 00 ff 98 01 25 19 00 ff 98 01 00 ff 98 01 00 ff 80 04 00 ff 80 04 00 ff 80 04 00 ff 80 04 00 ff 80 04 00 ff 80 04 00 ff 80 04 00 ff 80 04 00 ff 80 04 00 ff 80 04 00 ff 80 04 49 ff 
[1786973844872] 6d 5e 7e e3 7d 07 01 5e 7e e4 7d 07 67 98 01 00 ff 98 01 62 00 7a 02 00 80 64 01 89 00 60 65 78 78 03 00 00 00 d7 37 00 00 00 00 02 02 ff 00 01 00 ff 98 01 00 ff 98 01 00 ff 98 01 c9 06 00 ff 70 01 00 ff 70 01 00 ff 70 01 00 ff 70 01 00 ff 70 01 00 ff 70 01 00 ff a3 11 f6 04 00 ff b2 11 00 ff ad 11 00 ff a4 11 01 05 00 ff 98 01 82 09 00 00 ff 98 01 37 09 00 ff 98 01 0f 09 00 ff 98 01 00 ff 98 01 00 ff 98 01 00 ff 98 01 c9 06 06 ff f8 04 58 06 02 ff b9 01 6c 08 00 ff 98 01 a6 0b 00 ff 98 01 00 ff 98 01 00 ff 98 01 00 ff 90 04 00 ff 90 04 00 ff 90 04 00 ff 90 04 00 ff 90 04 00 ff 90 04 00 ff 90 04 00 ff 90 04 00 ff 90 04 00 ff 90 04 62 ff 
[1786973844888] 6d 56 7e e7 7d 07 01 56 7e e6 7d 07 
[1786973844939] a0 7b 1c 00 00 7b 1c 00 00 43 52 10 00 b3 1e e1 13 01 00 00 00 8e 02 76 10 55 03 00 00 00 00 96 00 6a 27 00 00 7e 27 00 00 c8 97 09 fb 02 81 00 ce 01 00 00 01 00 00 00 00 00 00 00 00 
[1786973844939] a0 7b 1c 00 00 7b 1c 00 00 43 52 10 00 b3 1e e1 13 01 00 00 00 8e 02 76 10 55 03 00 00 00 00 96 00 7e 27 00 00 7e 27 00 00 c8 97 09 fb 02 81 00 ce 01 00 00 01 00 00 00 00 00 00 00 00 
[1786973844974] 6d 5e 7e e4 7d 07 01 5f 7e e4 7d 07 66 98 01 00 ff 98 01 83 09 00 00 ff 98 01 00 ff 98 01 83 09 00 00 ff 98 01 00 ff 98 01 37 09 00 ff 98 01 20 14 00 ff 98 01 00 ff 98 01 00 ff 98 01 0e 09 00 ff 98 01 00 ff 98 01 00 ff 98 01 00 ff 98 01 a8 09 00 00 ff 98 01 84 09 00 00 ff 98 01 00 ff 98 01 84 09 00 00 ff 98 01 00 ff 98 01 6f 0b 0f 09 00 ff 98 01 0a 05 00 ff 98 01 01 05 00 ff 98 01 21 14 00 ff 98 01 26 19 00 ff 98 01 21 14 00 ff 98 01 05 05 00 ff 98 01 dc 09 01 00 ff 98 01 00 ff 98 01 a6 0b 00 ff 80 04 00 ff 80 04 00 ff 80 04 00 ff 80 04 00 ff 80 04 00 ff bb 13 00 ff b9 13 00 ff b9 13 00 ff b9 13 00 ff b9 13 4a ff 
[1786973844989] 6d 57 7e eb 7d 07 01 57 7e ea 7d 07 
[1786973845263] 6d 5f 7e e4 7d 07 01 60 7e e3 7d 07 65 ad 01 00 ff ad 01 00 ff ad 01 00 ff ad 01 00 ff ad 01 00 ff ad 01 00 ff ad 01 ad 0d 00 ff ad 01 00 ff ad 01 00 ff ad 01 00 ff ad 01 00 ff ad 01 00 ff ad 01 0e 05 00 ff ad 01 08 05 00 ff 98 01 04 05 00 ff 98 01 00 ff 98 01 00 ff 98 01 83 09 00 00 ff 98 01 ca 64 00 ff 98 01 00 ff 98 01 00 ff 98 01 00 ff 98 01 00 ff 98 01 00 ff 98 01 00 ff 98 01 cb 06 00 ff 86 04 00 ff 86 04 00 ff 86 04 00 ff 86 04 00 ff 98 01 26 19 00 ff b2 01 00 ff 98 01 00 ff 98 01 00 ff 98 01 00 ff 98 01 00 ff 98 01 00 ff 98 01 3e 08 00 ff 98 01 00 ff 98 01 00 ff 98 01 00 ff 98 01 ad 0d 00 ff 98 01 0e 05 04 ff 82 04 00 ff 80 04 00 ff 80 04 00 ff 80 04 00 ff 80 04 00 ff 80 04 00 ff 80 04 00 ff 86 04 00 ff 86 04 00 ff 86 04 00 ff 89 04 00 ff 87 04 00 ff 87 04 00 ff 8c 04 88 04 00 ff 8c 04 00 ff 8c 04 00 ff 8c 04 00 ff 8d 04 4f ff 66 98 01 84 09 00 00 ff 98 01 00 ff 98 01 84 09 00 00 ff 98 01 00 ff 98 01 84 09 00 00 ff 98 01 00 ff 98 01 6f 0b 0f 09 00 ff 98 01 f0 11 0a 05 00 ff 98 01 01 05 2c 25 00 ff 98 01 01 05 2c 25 00 ff 98 01 21 14 2c 25 00 ff 98 01 21 14 2c 25 00 ff 98 01 01 05 2c 25 00 ff 98 01 24 19 00 ff 98 01 00 ff 98 01 84 09 00 00 ff 98 01 00 ff 98 01 85 09 00 00 ff 98 01 00 ff 98 01 39 09 00 ff 98 01 02 05 04 ff c0 01 00 ff ba 01 6f 08 00 ff ba 01 6d 08 00 ff 80 04 00 ff 80 04 00 ff 80 04 00 ff 80 04 00 ff 80 04 00 ff 80 04 00 ff bc 13 00 ff 8a 04 00 ff 85 04 00 ff 85 04 00 ff 85 04 00 ff 85 04 00 ff 85 04 00 ff 85 04 46 ff 
[1786973845563] 6d 60 7e e3 7d 07 01 60 7e e2 7d 07 65 ad 01 00 ff ad 01 00 ff ad 01 00 ff ad 01 00 ff ad 01 18 09 00 ff ad 01 13 09 00 ff ad 01 19 09 00 ff ad 01 00 ff ad 01 00 ff ad 01 00 ff ad 01 00 ff ad 01 0e 05 00 ff ad 01 01 05 00 ff 98 01 6f 0b 82 09 00 00 ff 98 01 00 ff 98 01 00 ff 98 01 00 ff 98 01 00 ff 98 01 00 ff 98 01 00 ff 98 01 00 ff 98 01 00 ff 98 01 00 ff 98 01 00 ff 98 01 0e 05 00 ff 86 04 00 ff 86 04 00 ff 86 04 00 ff 86 04 00 ff 01 05 00 ff 98 01 00 ff 98 01 00 ff 98 01 00 ff 98 01 83 09 00 00 ff 98 01 84 09 00 00 ff 98 01 84 09 00 00 ff 98 01 00 ff 98 01 00 ff 98 01 00 ff 98 01 00 ff 98 01 00 ff 98 01 cb 06 04 ff 82 04 00 ff 80 04 00 ff 80 04 00 ff 80 04 00 ff 80 04 00 ff 80 04 00 ff 80 04 00 ff 80 04 00 ff 86 04 00 ff 86 04 00 ff 89 04 00 ff 87 04 00 ff 87 04 00 ff 88 04 54 ff 
[1786973845564] 6b 60 7e e2 7d 07 00 a2 27 
[1786973845564] b4 15 3c 00 59 6f 75 72 20 64 65 70 6f 74 20 63 6f 6e 74 61 69 6e 73 20 31 32 20 69 74 65 6d 73 2e 20 59 6f 75 72 20 73 74 61 73 68 20 63 6f 6e 74 61 69 6e 73 20 32 31 33 20 69 74 65 6d 73 2e 
[1786973845564] 2a 01 01 
[1786973845941] 1d 
[1786973845941] a0 7b 1c 00 00 7b 1c 00 00 43 52 10 00 b3 1e e1 13 01 00 00 00 8e 02 76 10 55 03 00 00 00 00 96 00 7e 27 00 00 7e 27 00 00 c8 97 09 fb 02 80 00 ce 01 00 00 01 00 00 00 00 00 00 00 00 
[1786973845941] a0 7b 1c 00 00 7b 1c 00 00 43 52 10 00 b3 1e e1 13 01 00 00 00 8e 02 76 10 55 03 00 00 00 00 96 00 7e 27 00 00 7e 27 00 00 c8 97 09 fb 02 80 00 ce 01 00 00 01 00 00 00 00 00 00 00 00 
[1786973845941] a9 01 01 95 00 41 63 74 69 76 65 20 52 65 73 74 69 6e 67 20 41 72 65 61 20 42 6f 6e 75 73 65 73 3a 20 0a 44 6f 75 62 6c 65 20 48 69 74 20 50 6f 69 6e 74 73 20 52 65 67 65 6e 65 72 61 74 69 6f 6e 2c 0a 44 6f 75 62 6c 65 20 4d 61 6e 61 20 50 6f 69 6e 74 73 20 52 65 67 65 6e 65 72 61 74 69 6f 6e 2c 0a 53 74 61 6d 69 6e 61 20 50 6f 69 6e 74 73 20 52 65 67 65 6e 65 72 61 74 69 6f 6e 2c 0a 53 6f 75 6c 20 50 6f 69 6e 74 73 20 52 65 67 65 6e 65 72 61 74 69 6f 6e 2e 
[1786973845941] a2 40 50 00 00 00 00 00 00 00 
[1786973845941] a9 01 01 95 00 41 63 74 69 76 65 20 52 65 73 74 69 6e 67 20 41 72 65 61 20 42 6f 6e 75 73 65 73 3a 20 0a 44 6f 75 62 6c 65 20 48 69 74 20 50 6f 69 6e 74 73 20 52 65 67 65 6e 65 72 61 74 69 6f 6e 2c 0a 44 6f 75 62 6c 65 20 4d 61 6e 61 20 50 6f 69 6e 74 73 20 52 65 67 65 6e 65 72 61 74 69 6f 6e 2c 0a 53 74 61 6d 69 6e 61 20 50 6f 69 6e 74 73 20 52 65 67 65 6e 65 72 61 74 69 6f 6e 2c 0a 53 6f 75 6c 20 50 6f 69 6e 74 73 20 52 65 67 65 6e 65 72 61 74 69 6f 6e 2e 
[1786973845941] a2 40 50 00 00 00 00 00 00 00 
[1786973846957] a0 7b 1c 00 00 7b 1c 00 00 43 52 10 00 b3 1e e1 13 01 00 00 00 8e 02 76 10 55 03 00 00 00 00 96 00 7e 27 00 00 7e 27 00 00 c8 97 09 fb 02 7f 00 ce 01 00 00 01 00 00 00 00 00 00 00 00 
[1786973846957] a0 7b 1c 00 00 7b 1c 00 00 43 52 10 00 b3 1e e1 13 01 00 00 00 8e 02 76 10 55 03 00 00 00 00 96 00 7e 27 00 00 7e 27 00 00 c8 97 09 fb 02 7f 00 ce 01 00 00 01 00 00 00 00 00 00 00 00 
[1786973847959] a0 7b 1c 00 00 7b 1c 00 00 43 52 10 00 b3 1e e1 13 01 00 00 00 8e 02 76 10 55 03 00 00 00 00 96 00 7e 27 00 00 7e 27 00 00 c8 97 09 fb 02 7e 00 ce 01 00 00 01 00 00 00 00 00 00 00 00 
[1786973847959] a0 7b 1c 00 00 7b 1c 00 00 43 52 10 00 b3 1e e1 13 01 00 00 00 8e 02 76 10 55 03 00 00 00 00 96 00 7e 27 00 00 7e 27 00 00 c8 97 09 fb 02 7e 00 ce 01 00 00 01 00 00 00 00 00 00 00 00 
[1786973847991] 1e 
[1786973848960] a0 7b 1c 00 00 7b 1c 00 00 43 52 10 00 b3 1e e1 13 01 00 00 00 8e 02 76 10 55 03 00 00 00 00 96 00 7e 27 00 00 7e 27 00 00 c8 97 09 fb 02 7d 00 ce 01 00 00 01 00 00 00 00 00 00 00 00 
[1786973848960] a0 7b 1c 00 00 7b 1c 00 00 43 52 10 00 b3 1e e1 13 01 00 00 00 8e 02 76 10 55 03 00 00 00 00 96 00 7e 27 00 00 7e 27 00 00 c8 97 09 fb 02 7d 00 ce 01 00 00 01 00 00 00 00 00 00 00 00 
[1786973849962] a0 7b 1c 00 00 7b 1c 00 00 43 52 10 00 b3 1e e1 13 01 00 00 00 8e 02 76 10 55 03 00 00 00 00 96 00 7e 27 00 00 7e 27 00 00 c8 97 09 fb 02 7c 00 ce 01 00 00 01 00 00 00 00 00 00 00 00 
[1786973849962] a0 7b 1c 00 00 7b 1c 00 00 43 52 10 00 b3 1e e1 13 01 00 00 00 8e 02 76 10 55 03 00 00 00 00 96 00 7e 27 00 00 7e 27 00 00 c8 97 09 fb 02 7c 00 ce 01 00 00 01 00 00 00 00 00 00 00 00 
[1786973850358] ef 0e 30 
[1786973850965] 1d 
[1786973850965] a0 7b 1c 00 00 7b 1c 00 00 43 52 10 00 b3 1e e1 13 01 00 00 00 8e 02 76 10 55 03 00 00 00 00 96 00 7e 27 00 00 7e 27 00 00 c8 97 09 fb 02 7b 00 ce 01 00 00 01 00 00 00 00 00 00 00 00 
[1786973850965] a0 7b 1c 00 00 7b 1c 00 00 43 52 10 00 b3 1e e1 13 01 00 00 00 8e 02 76 10 55 03 00 00 00 00 96 00 7e 27 00 00 7e 27 00 00 c8 97 09 fb 02 7b 00 ce 01 00 00 01 00 00 00 00 00 00 00 00 
[1786973851971] a0 7b 1c 00 00 7b 1c 00 00 43 52 10 00 b3 1e e1 13 01 00 00 00 8e 02 76 10 55 03 00 00 00 00 96 00 7e 27 00 00 7e 27 00 00 c8 97 09 fb 02 7a 00 ce 01 00 00 01 00 00 00 00 00 00 00 00 
[1786973851971] a0 7b 1c 00 00 7b 1c 00 00 43 52 10 00 b3 1e e1 13 01 00 00 00 8e 02 76 10 55 03 00 00 00 00 96 00 7e 27 00 00 7e 27 00 00 c8 97 09 fb 02 7a 00 ce 01 00 00 01 00 00 00 00 00 00 00 00 
[1786973852977] a0 7b 1c 00 00 7b 1c 00 00 43 52 10 00 b3 1e e1 13 01 00 00 00 8e 02 76 10 55 03 00 00 00 00 96 00 7e 27 00 00 7e 27 00 00 c8 97 09 fb 02 79 00 ce 01 00 00 01 00 00 00 00 00 00 00 00 
[1786973852977] a0 7b 1c 00 00 7b 1c 00 00 43 52 10 00 b3 1e e1 13 01 00 00 00 8e 02 76 10 55 03 00 00 00 00 96 00 7e 27 00 00 7e 27 00 00 c8 97 09 fb 02 79 00 ce 01 00 00 01 00 00 00 00 00 00 00 00 
[1786973853977] a0 7b 1c 00 00 7b 1c 00 00 43 52 10 00 b3 1e e1 13 01 00 00 00 8e 02 76 10 55 03 00 00 00 00 96 00 7e 27 00 00 7e 27 00 00 c8 97 09 fb 02 78 00 ce 01 00 00 01 00 00 00 00 00 00 00 00 
[1786973853977] a0 7b 1c 00 00 7b 1c 00 00 43 52 10 00 b3 1e e1 13 01 00 00 00 8e 02 76 10 55 03 00 00 00 00 96 00 7e 27 00 00 7e 27 00 00 c8 97 09 fb 02 78 00 ce 01 00 00 01 00 00 00 00 00 00 00 00 
[1786973854072] 1e 
[1786973854978] a0 7b 1c 00 00 7b 1c 00 00 43 52 10 00 b3 1e e1 13 01 00 00 00 8e 02 76 10 55 03 00 00 00 00 96 00 7e 27 00 00 7e 27 00 00 c8 97 09 fb 02 77 00 ce 01 00 00 01 00 00 00 00 00 00 00 00 
[1786973854978] a0 7b 1c 00 00 7b 1c 00 00 43 52 10 00 b3 1e e1 13 01 00 00 00 8e 02 76 10 55 03 00 00 00 00 96 00 7e 27 00 00 7e 27 00 00 c8 97 09 fb 02 77 00 ce 01 00 00 01 00 00 00 00 00 00 00 00 
[1786973855979] 1d 
[1786973855979] a0 7b 1c 00 00 7b 1c 00 00 43 52 10 00 b3 1e e1 13 01 00 00 00 8e 02 76 10 55 03 00 00 00 00 96 00 7e 27 00 00 7e 27 00 00 c8 97 09 fb 02 76 00 ce 01 00 00 01 00 00 00 00 00 00 00 00 
[1786973855979] a0 7b 1c 00 00 7b 1c 00 00 43 52 10 00 b3 1e e1 13 01 00 00 00 8e 02 76 10 55 03 00 00 00 00 96 00 7e 27 00 00 7e 27 00 00 c8 97 09 fb 02 76 00 ce 01 00 00 01 00 00 00 00 00 00 00 00 
[1786973856980] a0 7b 1c 00 00 7b 1c 00 00 43 52 10 00 b3 1e e1 13 01 00 00 00 8e 02 76 10 55 03 00 00 00 00 96 00 7e 27 00 00 7e 27 00 00 c8 97 09 fb 02 75 00 ce 01 00 00 01 00 00 00 00 00 00 00 00 
[1786973856980] a0 7b 1c 00 00 7b 1c 00 00 43 52 10 00 b3 1e e1 13 01 00 00 00 8e 02 76 10 55 03 00 00 00 00 96 00 7e 27 00 00 7e 27 00 00 c8 97 09 fb 02 75 00 ce 01 00 00 01 00 00 00 00 00 00 00 00 
[1786973858000] a0 7b 1c 00 00 7b 1c 00 00 43 52 10 00 b3 1e e1 13 01 00 00 00 8e 02 76 10 55 03 00 00 00 00 96 00 7e 27 00 00 7e 27 00 00 c8 97 09 fb 02 74 00 cf 01 00 00 01 00 00 00 00 00 00 00 00 
[1786973858000] a0 7b 1c 00 00 7b 1c 00 00 43 52 10 00 b3 1e e1 13 01 00 00 00 8e 02 76 10 55 03 00 00 00 00 96 00 7e 27 00 00 7e 27 00 00 c8 97 09 fb 02 74 00 cf 01 00 00 01 00 00 00 00 00 00 00 00 
[1786973858000] a0 7b 1c 00 00 7b 1c 00 00 43 52 10 00 b3 1e e1 13 01 00 00 00 8e 02 76 10 55 03 00 00 00 00 96 00 7e 27 00 00 7e 27 00 00 c8 97 09 fb 02 74 00 cf 01 00 00 01 00 00 00 00 00 00 00 00 
[1786973859002] a0 7b 1c 00 00 7b 1c 00 00 43 52 10 00 b3 1e e1 13 01 00 00 00 8e 02 76 10 55 03 00 00 00 00 96 00 7e 27 00 00 7e 27 00 00 c8 97 09 fb 02 73 00 cf 01 00 00 01 00 00 00 00 00 00 00 00 
[1786973859002] a0 7b 1c 00 00 7b 1c 00 00 43 52 10 00 b3 1e e1 13 01 00 00 00 8e 02 76 10 55 03 00 00 00 00 96 00 7e 27 00 00 7e 27 00 00 c8 97 09 fb 02 73 00 cf 01 00 00 01 00 00 00 00 00 00 00 00 
[1786973860002] a0 7b 1c 00 00 7b 1c 00 00 43 52 10 00 b3 1e e1 13 01 00 00 00 8e 02 76 10 55 03 00 00 00 00 96 00 7e 27 00 00 7e 27 00 00 c8 97 09 fb 02 72 00 cf 01 00 00 01 00 00 00 00 00 00 00 00 
[1786973860002] a0 7b 1c 00 00 7b 1c 00 00 43 52 10 00 b3 1e e1 13 01 00 00 00 8e 02 76 10 55 03 00 00 00 00 96 00 7e 27 00 00 7e 27 00 00 c8 97 09 fb 02 72 00 cf 01 00 00 01 00 00 00 00 00 00 00 00 
[1786973860043] 1e 
[1786973860358] ef 0e 34 
[1786973861004] 1d 
[1786973861004] a0 7b 1c 00 00 7b 1c 00 00 43 52 10 00 b3 1e e1 13 01 00 00 00 8e 02 76 10 55 03 00 00 00 00 96 00 7e 27 00 00 7e 27 00 00 c8 97 09 fb 02 71 00 cf 01 00 00 01 00 00 00 00 00 00 00 00 
[1786973861004] a0 7b 1c 00 00 7b 1c 00 00 43 52 10 00 b3 1e e1 13 01 00 00 00 8e 02 76 10 55 03 00 00 00 00 96 00 7e 27 00 00 7e 27 00 00 c8 97 09 fb 02 71 00 cf 01 00 00 01 00 00 00 00 00 00 00 00 
[1786973862004] a0 7b 1c 00 00 7b 1c 00 00 43 52 10 00 b3 1e e1 13 01 00 00 00 8e 02 76 10 55 03 00 00 00 00 96 00 7e 27 00 00 7e 27 00 00 c8 97 09 fb 02 70 00 cf 01 00 00 01 00 00 00 00 00 00 00 00 
[1786973862004] a0 7b 1c 00 00 7b 1c 00 00 43 52 10 00 b3 1e e1 13 01 00 00 00 8e 02 76 10 55 03 00 00 00 00 96 00 7e 27 00 00 7e 27 00 00 c8 97 09 fb 02 70 00 cf 01 00 00 01 00 00 00 00 00 00 00 00 
[1786973863011] a0 7b 1c 00 00 7b 1c 00 00 43 52 10 00 b3 1e e1 13 01 00 00 00 8e 02 76 10 55 03 00 00 00 00 96 00 7e 27 00 00 7e 27 00 00 c8 97 09 fb 02 6f 00 cf 01 00 00 01 00 00 00 00 00 00 00 00 
[1786973863011] a0 7b 1c 00 00 7b 1c 00 00 43 52 10 00 b3 1e e1 13 01 00 00 00 8e 02 76 10 55 03 00 00 00 00 96 00 7e 27 00 00 7e 27 00 00 c8 97 09 fb 02 6f 00 cf 01 00 00 01 00 00 00 00 00 00 00 00 
[1786973864017] a0 7b 1c 00 00 7b 1c 00 00 43 52 10 00 b3 1e e1 13 01 00 00 00 8e 02 76 10 55 03 00 00 00 00 96 00 7e 27 00 00 7e 27 00 00 c8 97 09 fb 02 6e 00 cf 01 00 00 01 00 00 00 00 00 00 00 00 
[1786973864017] a0 7b 1c 00 00 7b 1c 00 00 43 52 10 00 b3 1e e1 13 01 00 00 00 8e 02 76 10 55 03 00 00 00 00 96 00 7e 27 00 00 7e 27 00 00 c8 97 09 fb 02 6e 00 cf 01 00 00 01 00 00 00 00 00 00 00 00 
[1786973865018] a0 7b 1c 00 00 7b 1c 00 00 43 52 10 00 b3 1e e1 13 01 00 00 00 8e 02 76 10 55 03 00 00 00 00 96 00 7e 27 00 00 7e 27 00 00 c8 97 09 fb 02 6d 00 cf 01 00 00 01 00 00 00 00 00 00 00 00 
[1786973865018] a0 7b 1c 00 00 7b 1c 00 00 43 52 10 00 b3 1e e1 13 01 00 00 00 8e 02 76 10 55 03 00 00 00 00 96 00 7e 27 00 00 7e 27 00 00 c8 97 09 fb 02 6d 00 cf 01 00 00 01 00 00 00 00 00 00 00 00 
[1786973865433] 1e 
[1786973866019] 1d 
[1786973866019] a0 7b 1c 00 00 7b 1c 00 00 43 52 10 00 b3 1e e1 13 01 00 00 00 8e 02 76 10 55 03 00 00 00 00 96 00 7e 27 00 00 7e 27 00 00 c8 97 09 fb 02 6c 00 cf 01 00 00 01 00 00 00 00 00 00 00 00 
[1786973866019] a0 7b 1c 00 00 7b 1c 00 00 43 52 10 00 b3 1e e1 13 01 00 00 00 8e 02 76 10 55 03 00 00 00 00 96 00 7e 27 00 00 7e 27 00 00 c8 97 09 fb 02 6c 00 cf 01 00 00 01 00 00 00 00 00 00 00 00 
[1786973867019] a0 7b 1c 00 00 7b 1c 00 00 43 52 10 00 b3 1e e1 13 01 00 00 00 8e 02 76 10 55 03 00 00 00 00 96 00 7e 27 00 00 7e 27 00 00 c8 97 09 fb 02 6b 00 cf 01 00 00 01 00 00 00 00 00 00 00 00 
[1786973867019] a0 7b 1c 00 00 7b 1c 00 00 43 52 10 00 b3 1e e1 13 01 00 00 00 8e 02 76 10 55 03 00 00 00 00 96 00 7e 27 00 00 7e 27 00 00 c8 97 09 fb 02 6b 00 cf 01 00 00 01 00 00 00 00 00 00 00 00 
[1786973868019] a0 7b 1c 00 00 7b 1c 00 00 43 52 10 00 b3 1e e1 13 01 00 00 00 8e 02 76 10 55 03 00 00 00 00 96 00 7e 27 00 00 7e 27 00 00 c8 97 09 fb 02 6a 00 cf 01 00 00 01 00 00 00 00 00 00 00 00 
[1786973868019] a0 7b 1c 00 00 7b 1c 00 00 43 52 10 00 b3 1e e1 13 01 00 00 00 8e 02 76 10 55 03 00 00 00 00 96 00 7e 27 00 00 7e 27 00 00 c8 97 09 fb 02 6a 00 cf 01 00 00 01 00 00 00 00 00 00 00 00 
[1786973869035] a0 7b 1c 00 00 7b 1c 00 00 43 52 10 00 b3 1e e1 13 01 00 00 00 8e 02 76 10 55 03 00 00 00 00 96 00 7e 27 00 00 7e 27 00 00 c8 97 09 fb 02 69 00 cf 01 00 00 01 00 00 00 00 00 00 00 00 
[1786973869035] a0 7b 1c 00 00 7b 1c 00 00 43 52 10 00 b3 1e e1 13 01 00 00 00 8e 02 76 10 55 03 00 00 00 00 96 00 7e 27 00 00 7e 27 00 00 c8 97 09 fb 02 69 00 cf 01 00 00 01 00 00 00 00 00 00 00 00 
[1786973870049] a0 7b 1c 00 00 7b 1c 00 00 43 52 10 00 b3 1e e1 13 01 00 00 00 8e 02 76 10 55 03 00 00 00 00 96 00 7e 27 00 00 7e 27 00 00 c8 97 09 fb 02 68 00 cf 01 00 00 01 00 00 00 00 00 00 00 00 
[1786973870049] a0 7b 1c 00 00 7b 1c 00 00 43 52 10 00 b3 1e e1 13 01 00 00 00 8e 02 76 10 55 03 00 00 00 00 96 00 7e 27 00 00 7e 27 00 00 c8 97 09 fb 02 68 00 cf 01 00 00 01 00 00 00 00 00 00 00 00 
[1786973870358] ef 0e 38 
[1786973871050] 1d 
[1786973871050] a0 7b 1c 00 00 7b 1c 00 00 43 52 10 00 b3 1e e1 13 01 00 00 00 8e 02 76 10 55 03 00 00 00 00 96 00 7e 27 00 00 7e 27 00 00 c8 97 09 fb 02 67 00 cf 01 00 00 01 00 00 00 00 00 00 00 00 
[1786973871050] a0 7b 1c 00 00 7b 1c 00 00 43 52 10 00 b3 1e e1 13 01 00 00 00 8e 02 76 10 55 03 00 00 00 00 96 00 7e 27 00 00 7e 27 00 00 c8 97 09 fb 02 67 00 cf 01 00 00 01 00 00 00 00 00 00 00 00 
[1786973871084] 1e 
[1786973872052] a0 7b 1c 00 00 7b 1c 00 00 43 52 10 00 b3 1e e1 13 01 00 00 00 8e 02 76 10 55 03 00 00 00 00 96 00 7e 27 00 00 7e 27 00 00 c8 97 09 fb 02 66 00 cf 01 00 00 01 00 00 00 00 00 00 00 00 
[1786973872052] a0 7b 1c 00 00 7b 1c 00 00 43 52 10 00 b3 1e e1 13 01 00 00 00 8e 02 76 10 55 03 00 00 00 00 96 00 7e 27 00 00 7e 27 00 00 c8 97 09 fb 02 66 00 cf 01 00 00 01 00 00 00 00 00 00 00 00 
[1786973873053] a0 7b 1c 00 00 7b 1c 00 00 43 52 10 00 b3 1e e1 13 01 00 00 00 8e 02 76 10 55 03 00 00 00 00 96 00 7e 27 00 00 7e 27 00 00 c8 97 09 fb 02 65 00 cf 01 00 00 01 00 00 00 00 00 00 00 00 
[1786973873053] a0 7b 1c 00 00 7b 1c 00 00 43 52 10 00 b3 1e e1 13 01 00 00 00 8e 02 76 10 55 03 00 00 00 00 96 00 7e 27 00 00 7e 27 00 00 c8 97 09 fb 02 65 00 cf 01 00 00 01 00 00 00 00 00 00 00 00 
[1786973874053] a0 7b 1c 00 00 7b 1c 00 00 43 52 10 00 b3 1e e1 13 01 00 00 00 8e 02 76 10 55 03 00 00 00 00 96 00 7e 27 00 00 7e 27 00 00 c8 97 09 fb 02 64 00 cf 01 00 00 01 00 00 00 00 00 00 00 00 
[1786973874053] a0 7b 1c 00 00 7b 1c 00 00 43 52 10 00 b3 1e e1 13 01 00 00 00 8e 02 76 10 55 03 00 00 00 00 96 00 7e 27 00 00 7e 27 00 00 c8 97 09 fb 02 64 00 cf 01 00 00 01 00 00 00 00 00 00 00 00 
[1786973874053] 8f a2 00 00 10 fb 02 14 03 
[1786973874053] a9 01 01 95 00 41 63 74 69 76 65 20 52 65 73 74 69 6e 67 20 41 72 65 61 20 42 6f 6e 75 73 65 73 3a 20 0a 44 6f 75 62 6c 65 20 48 69 74 20 50 6f 69 6e 74 73 20 52 65 67 65 6e 65 72 61 74 69 6f 6e 2c 0a 44 6f 75 62 6c 65 20 4d 61 6e 61 20 50 6f 69 6e 74 73 20 52 65 67 65 6e 65 72 61 74 69 6f 6e 2c 0a 53 74 61 6d 69 6e 61 20 50 6f 69 6e 74 73 20 52 65 67 65 6e 65 72 61 74 69 6f 6e 2c 0a 53 6f 75 6c 20 50 6f 69 6e 74 73 20 52 65 67 65 6e 65 72 61 74 69 6f 6e 2e 
[1786973874053] a2 00 50 00 00 00 00 00 00 00 
[1786973875060] a0 7b 1c 00 00 7b 1c 00 00 43 52 10 00 b3 1e e1 13 01 00 00 00 8e 02 76 10 55 03 00 00 00 00 96 00 7e 27 00 00 7e 27 00 00 c8 97 09 fb 02 63 00 cf 01 00 00 01 00 00 00 00 00 00 00 00 
[1786973875060] a0 7b 1c 00 00 7b 1c 00 00 43 52 10 00 b3 1e e1 13 01 00 00 00 8e 02 76 10 55 03 00 00 00 00 96 00 7e 27 00 00 7e 27 00 00 c8 97 09 fb 02 63 00 cf 01 00 00 01 00 00 00 00 00 00 00 00 
[1786973876060] 1d 
[1786973876060] a0 7b 1c 00 00 7b 1c 00 00 43 52 10 00 b3 1e e1 13 01 00 00 00 8e 02 76 10 55 03 00 00 00 00 96 00 7e 27 00 00 7e 27 00 00 c8 97 09 fb 02 62 00 cf 01 00 00 01 00 00 00 00 00 00 00 00 
[1786973876060] a0 7b 1c 00 00 7b 1c 00 00 43 52 10 00 b3 1e e1 13 01 00 00 00 8e 02 76 10 55 03 00 00 00 00 96 00 7e 27 00 00 7e 27 00 00 c8 97 09 fb 02 62 00 cf 01 00 00 01 00 00 00 00 00 00 00 00 
[1786973877061] a0 7b 1c 00 00 7b 1c 00 00 43 52 10 00 b3 1e e1 13 01 00 00 00 8e 02 76 10 55 03 00 00 00 00 96 00 7e 27 00 00 7e 27 00 00 c8 97 09 fb 02 61 00 cf 01 00 00 01 00 00 00 00 00 00 00 00 
[1786973877061] a0 7b 1c 00 00 7b 1c 00 00 43 52 10 00 b3 1e e1 13 01 00 00 00 8e 02 76 10 55 03 00 00 00 00 96 00 7e 27 00 00 7e 27 00 00 c8 97 09 fb 02 61 00 cf 01 00 00 01 00 00 00 00 00 00 00 00 
[1786973877263] 1e 
[1786973878062] a0 7b 1c 00 00 7b 1c 00 00 43 52 10 00 b3 1e e1 13 01 00 00 00 8e 02 76 10 55 03 00 00 00 00 96 00 7e 27 00 00 7e 27 00 00 c8 97 09 fb 02 60 00 cf 01 00 00 01 00 00 00 00 00 00 00 00 
[1786973878062] a0 7b 1c 00 00 7b 1c 00 00 43 52 10 00 b3 1e e1 13 01 00 00 00 8e 02 76 10 55 03 00 00 00 00 96 00 7e 27 00 00 7e 27 00 00 c8 97 09 fb 02 60 00 cf 01 00 00 01 00 00 00 00 00 00 00 00 
[1786973879063] a0 7b 1c 00 00 7b 1c 00 00 43 52 10 00 b3 1e e1 13 01 00 00 00 8e 02 76 10 55 03 00 00 00 00 96 00 7e 27 00 00 7e 27 00 00 c8 97 09 fb 02 5f 00 cf 01 00 00 01 00 00 00 00 00 00 00 00 
[1786973879063] a0 7b 1c 00 00 7b 1c 00 00 43 52 10 00 b3 1e e1 13 01 00 00 00 8e 02 76 10 55 03 00 00 00 00 96 00 7e 27 00 00 7e 27 00 00 c8 97 09 fb 02 5f 00 cf 01 00 00 01 00 00 00 00 00 00 00 00 
[1786973879759] aa f4 67 00 00 06 00 45 6e 65 6d 6d 79 00 ac 02 24 62 7e e2 7d 07 06 00 4d 75 6e 63 68 2e 
[1786973879759] 83 62 7e e2 7d 07 06 02 f3 0a 00 
[1786973880064] a0 7b 1c 00 00 7b 1c 00 00 43 52 10 00 b3 1e e1 13 01 00 00 00 8e 02 76 10 55 03 00 00 00 00 96 00 7e 27 00 00 7e 27 00 00 c8 97 09 fb 02 5e 00 cf 01 00 00 01 00 00 00 00 00 00 00 00 
[1786973880064] a0 7b 1c 00 00 7b 1c 00 00 43 52 10 00 b3 1e e1 13 01 00 00 00 8e 02 76 10 55 03 00 00 00 00 96 00 7e 27 00 00 7e 27 00 00 c8 97 09 fb 02 5e 00 cf 01 00 00 01 00 00 00 00 00 00 00 00 
[1786973880358] ef 0f 00 
[1786973881064] 1d 
[1786973881064] a0 7b 1c 00 00 7b 1c 00 00 43 52 10 00 b3 1e e1 13 01 00 00 00 8e 02 76 10 55 03 00 00 00 00 96 00 7e 27 00 00 7e 27 00 00 c8 97 09 fb 02 5d 00 cf 01 00 00 01 00 00 00 00 00 00 00 00 
[1786973881064] a0 7b 1c 00 00 7b 1c 00 00 43 52 10 00 b3 1e e1 13 01 00 00 00 8e 02 76 10 55 03 00 00 00 00 96 00 7e 27 00 00 7e 27 00 00 c8 97 09 fb 02 5d 00 cf 01 00 00 01 00 00 00 00 00 00 00 00 
[1786973882078] a0 7b 1c 00 00 7b 1c 00 00 43 52 10 00 b3 1e e1 13 01 00 00 00 8e 02 76 10 55 03 00 00 00 00 96 00 7e 27 00 00 7e 27 00 00 c8 97 09 fb 02 5c 00 cf 01 00 00 01 00 00 00 00 00 00 00 00 
[1786973882078] a0 7b 1c 00 00 7b 1c 00 00 43 52 10 00 b3 1e e1 13 01 00 00 00 8e 02 76 10 55 03 00 00 00 00 96 00 7e 27 00 00 7e 27 00 00 c8 97 09 fb 02 5c 00 cf 01 00 00 01 00 00 00 00 00 00 00 00 
[1786973883078] a0 7b 1c 00 00 7b 1c 00 00 43 52 10 00 b3 1e e1 13 01 00 00 00 8e 02 76 10 55 03 00 00 00 00 96 00 7e 27 00 00 7e 27 00 00 c8 97 09 fb 02 5b 00 cf 01 00 00 01 00 00 00 00 00 00 00 00 
[1786973883078] a0 7b 1c 00 00 7b 1c 00 00 43 52 10 00 b3 1e e1 13 01 00 00 00 8e 02 76 10 55 03 00 00 00 00 96 00 7e 27 00 00 7e 27 00 00 c8 97 09 fb 02 5b 00 cf 01 00 00 01 00 00 00 00 00 00 00 00 
[1786973883169] 1e 
[1786973884080] a0 7b 1c 00 00 7b 1c 00 00 43 52 10 00 b3 1e e1 13 01 00 00 00 8e 02 76 10 55 03 00 00 00 00 96 00 7e 27 00 00 7e 27 00 00 c8 97 09 fb 02 5a 00 cf 01 00 00 01 00 00 00 00 00 00 00 00 
[1786973884080] a0 7b 1c 00 00 7b 1c 00 00 43 52 10 00 b3 1e e1 13 01 00 00 00 8e 02 76 10 55 03 00 00 00 00 96 00 7e 27 00 00 7e 27 00 00 c8 97 09 fb 02 5a 00 cf 01 00 00 01 00 00 00 00 00 00 00 00 
[1786973885083] a0 7b 1c 00 00 7b 1c 00 00 43 52 10 00 b3 1e e1 13 01 00 00 00 8e 02 76 10 55 03 00 00 00 00 96 00 7e 27 00 00 7e 27 00 00 c8 97 09 fb 02 59 00 cf 01 00 00 01 00 00 00 00 00 00 00 00 
[1786973885083] a0 7b 1c 00 00 7b 1c 00 00 43 52 10 00 b3 1e e1 13 01 00 00 00 8e 02 76 10 55 03 00 00 00 00 96 00 7e 27 00 00 7e 27 00 00 c8 97 09 fb 02 59 00 cf 01 00 00 01 00 00 00 00 00 00 00 00 
[1786973886083] 1d 
[1786973886083] a0 7b 1c 00 00 7b 1c 00 00 43 52 10 00 b3 1e e1 13 01 00 00 00 8e 02 76 10 55 03 00 00 00 00 96 00 7e 27 00 00 7e 27 00 00 c8 97 09 fb 02 58 00 cf 01 00 00 01 00 00 00 00 00 00 00 00 
[1786973886083] a0 7b 1c 00 00 7b 1c 00 00 43 52 10 00 b3 1e e1 13 01 00 00 00 8e 02 76 10 55 03 00 00 00 00 96 00 7e 27 00 00 7e 27 00 00 c8 97 09 fb 02 58 00 cf 01 00 00 01 00 00 00 00 00 00 00 00 
[1786973887085] a0 7b 1c 00 00 7b 1c 00 00 43 52 10 00 b3 1e e1 13 01 00 00 00 8e 02 76 10 55 03 00 00 00 00 96 00 7e 27 00 00 7e 27 00 00 c8 97 09 fb 02 57 00 cf 01 00 00 01 00 00 00 00 00 00 00 00 
[1786973887085] a0 7b 1c 00 00 7b 1c 00 00 43 52 10 00 b3 1e e1 13 01 00 00 00 8e 02 76 10 55 03 00 00 00 00 96 00 7e 27 00 00 7e 27 00 00 c8 97 09 fb 02 57 00 cf 01 00 00 01 00 00 00 00 00 00 00 00 
[1786973888104] a0 7b 1c 00 00 7b 1c 00 00 43 52 10 00 b3 1e e1 13 01 00 00 00 8e 02 76 10 55 03 00 00 00 00 96 00 7e 27 00 00 7e 27 00 00 c8 97 09 fb 02 56 00 cf 01 00 00 01 00 00 00 00 00 00 00 00 
[1786973888104] a0 7b 1c 00 00 7b 1c 00 00 43 52 10 00 b3 1e e1 13 01 00 00 00 8e 02 76 10 55 03 00 00 00 00 96 00 7e 27 00 00 7e 27 00 00 c8 97 09 fb 02 56 00 cf 01 00 00 01 00 00 00 00 00 00 00 00 
[1786973889105] a0 7b 1c 00 00 7b 1c 00 00 43 52 10 00 b3 1e e1 13 01 00 00 00 8e 02 76 10 55 03 00 00 00 00 96 00 7e 27 00 00 7e 27 00 00 c8 97 09 fb 02 55 00 cf 01 00 00 01 00 00 00 00 00 00 00 00 
[1786973889105] a0 7b 1c 00 00 7b 1c 00 00 43 52 10 00 b3 1e e1 13 01 00 00 00 8e 02 76 10 55 03 00 00 00 00 96 00 7e 27 00 00 7e 27 00 00 c8 97 09 fb 02 55 00 cf 01 00 00 01 00 00 00 00 00 00 00 00 
[1786973889183] 1e 
[1786973890117] a0 7b 1c 00 00 7b 1c 00 00 43 52 10 00 b3 1e e1 13 01 00 00 00 8e 02 76 10 55 03 00 00 00 00 96 00 7e 27 00 00 7e 27 00 00 c8 97 09 fb 02 54 00 cf 01 00 00 01 00 00 00 00 00 00 00 00 
[1786973890117] a0 7b 1c 00 00 7b 1c 00 00 43 52 10 00 b3 1e e1 13 01 00 00 00 8e 02 76 10 55 03 00 00 00 00 96 00 7e 27 00 00 7e 27 00 00 c8 97 09 fb 02 54 00 cf 01 00 00 01 00 00 00 00 00 00 00 00 
[1786973890359] ef 0f 04 
[1786973891117] 1d 
[1786973891117] a0 7b 1c 00 00 7b 1c 00 00 43 52 10 00 b3 1e e1 13 01 00 00 00 8e 02 76 10 55 03 00 00 00 00 96 00 7e 27 00 00 7e 27 00 00 c8 97 09 fb 02 53 00 cf 01 00 00 01 00 00 00 00 00 00 00 00 
[1786973891117] a0 7b 1c 00 00 7b 1c 00 00 43 52 10 00 b3 1e e1 13 01 00 00 00 8e 02 76 10 55 03 00 00 00 00 96 00 7e 27 00 00 7e 27 00 00 c8 97 09 fb 02 53 00 cf 01 00 00 01 00 00 00 00 00 00 00 00 
[1786973892123] a0 7b 1c 00 00 7b 1c 00 00 43 52 10 00 b3 1e e1 13 01 00 00 00 8e 02 76 10 55 03 00 00 00 00 96 00 7e 27 00 00 7e 27 00 00 c8 97 09 fb 02 52 00 cf 01 00 00 01 00 00 00 00 00 00 00 00 
[1786973892123] a0 7b 1c 00 00 7b 1c 00 00 43 52 10 00 b3 1e e1 13 01 00 00 00 8e 02 76 10 55 03 00 00 00 00 96 00 7e 27 00 00 7e 27 00 00 c8 97 09 fb 02 52 00 cf 01 00 00 01 00 00 00 00 00 00 00 00 
[1786973893125] a0 7b 1c 00 00 7b 1c 00 00 43 52 10 00 b3 1e e1 13 01 00 00 00 8e 02 76 10 55 03 00 00 00 00 96 00 7e 27 00 00 7e 27 00 00 c8 97 09 fb 02 51 00 cf 01 00 00 01 00 00 00 00 00 00 00 00 
[1786973893125] a0 7b 1c 00 00 7b 1c 00 00 43 52 10 00 b3 1e e1 13 01 00 00 00 8e 02 76 10 55 03 00 00 00 00 96 00 7e 27 00 00 7e 27 00 00 c8 97 09 fb 02 51 00 cf 01 00 00 01 00 00 00 00 00 00 00 00 
[1786973894125] a0 7b 1c 00 00 7b 1c 00 00 43 52 10 00 b3 1e e1 13 01 00 00 00 8e 02 76 10 55 03 00 00 00 00 96 00 7e 27 00 00 7e 27 00 00 c8 97 09 fb 02 50 00 cf 01 00 00 01 00 00 00 00 00 00 00 00 
[1786973894125] a0 7b 1c 00 00 7b 1c 00 00 43 52 10 00 b3 1e e1 13 01 00 00 00 8e 02 76 10 55 03 00 00 00 00 96 00 7e 27 00 00 7e 27 00 00 c8 97 09 fb 02 50 00 cf 01 00 00 01 00 00 00 00 00 00 00 00 
[1786973895126] a0 7b 1c 00 00 7b 1c 00 00 43 52 10 00 b3 1e e1 13 01 00 00 00 8e 02 76 10 55 03 00 00 00 00 96 00 7e 27 00 00 7e 27 00 00 c8 97 09 fb 02 4f 00 cf 01 00 00 01 00 00 00 00 00 00 00 00 
[1786973895126] a0 7b 1c 00 00 7b 1c 00 00 43 52 10 00 b3 1e e1 13 01 00 00 00 8e 02 76 10 55 03 00 00 00 00 96 00 7e 27 00 00 7e 27 00 00 c8 97 09 fb 02 4f 00 cf 01 00 00 01 00 00 00 00 00 00 00 00 
[1786973895173] 1e 
[1786973896126] 1d 
[1786973896126] a0 7b 1c 00 00 7b 1c 00 00 43 52 10 00 b3 1e e1 13 01 00 00 00 8e 02 76 10 55 03 00 00 00 00 96 00 7e 27 00 00 7e 27 00 00 c8 97 09 fb 02 4e 00 cf 01 00 00 01 00 00 00 00 00 00 00 00 
[1786973896126] a0 7b 1c 00 00 7b 1c 00 00 43 52 10 00 b3 1e e1 13 01 00 00 00 8e 02 76 10 55 03 00 00 00 00 96 00 7e 27 00 00 7e 27 00 00 c8 97 09 fb 02 4e 00 cf 01 00 00 01 00 00 00 00 00 00 00 00 
[1786973897137] a0 7b 1c 00 00 7b 1c 00 00 43 52 10 00 b3 1e e1 13 01 00 00 00 8e 02 76 10 55 03 00 00 00 00 96 00 7e 27 00 00 7e 27 00 00 c8 97 09 fb 02 4d 00 cf 01 00 00 01 00 00 00 00 00 00 00 00 
[1786973897137] a0 7b 1c 00 00 7b 1c 00 00 43 52 10 00 b3 1e e1 13 01 00 00 00 8e 02 76 10 55 03 00 00 00 00 96 00 7e 27 00 00 7e 27 00 00 c8 97 09 fb 02 4d 00 cf 01 00 00 01 00 00 00 00 00 00 00 00 
[1786973898137] a0 7b 1c 00 00 7b 1c 00 00 43 52 10 00 b3 1e e1 13 01 00 00 00 8e 02 76 10 55 03 00 00 00 00 96 00 7e 27 00 00 7e 27 00 00 c8 97 09 fb 02 4c 00 cf 01 00 00 01 00 00 00 00 00 00 00 00 
[1786973898137] a0 7b 1c 00 00 7b 1c 00 00 43 52 10 00 b3 1e e1 13 01 00 00 00 8e 02 76 10 55 03 00 00 00 00 96 00 7e 27 00 00 7e 27 00 00 c8 97 09 fb 02 4c 00 cf 01 00 00 01 00 00 00 00 00 00 00 00 
[1786973899140] a0 7b 1c 00 00 7b 1c 00 00 43 52 10 00 b3 1e e1 13 01 00 00 00 8e 02 76 10 55 03 00 00 00 00 96 00 7e 27 00 00 7e 27 00 00 c8 97 09 fb 02 4b 00 cf 01 00 00 01 00 00 00 00 00 00 00 00 
[1786973899140] a0 7b 1c 00 00 7b 1c 00 00 43 52 10 00 b3 1e e1 13 01 00 00 00 8e 02 76 10 55 03 00 00 00 00 96 00 7e 27 00 00 7e 27 00 00 c8 97 09 fb 02 4b 00 cf 01 00 00 01 00 00 00 00 00 00 00 00 
[1786973900141] a0 7b 1c 00 00 7b 1c 00 00 43 52 10 00 b3 1e e1 13 01 00 00 00 8e 02 76 10 55 03 00 00 00 00 96 00 7e 27 00 00 7e 27 00 00 c8 97 09 fb 02 4a 00 cf 01 00 00 01 00 00 00 00 00 00 00 00 
[1786973900141] a0 7b 1c 00 00 7b 1c 00 00 43 52 10 00 b3 1e e1 13 01 00 00 00 8e 02 76 10 55 03 00 00 00 00 96 00 7e 27 00 00 7e 27 00 00 c8 97 09 fb 02 4a 00 cf 01 00 00 01 00 00 00 00 00 00 00 00 
[1786973900359] ef 0f 08 
[1786973901143] 1d 
[1786973901143] a0 7b 1c 00 00 7b 1c 00 00 43 52 10 00 b3 1e e1 13 01 00 00 00 8e 02 76 10 55 03 00 00 00 00 96 00 7e 27 00 00 7e 27 00 00 c8 97 09 fb 02 49 00 cf 01 00 00 01 00 00 00 00 00 00 00 00 
[1786973901143] a0 7b 1c 00 00 7b 1c 00 00 43 52 10 00 b3 1e e1 13 01 00 00 00 8e 02 76 10 55 03 00 00 00 00 96 00 7e 27 00 00 7e 27 00 00 c8 97 09 fb 02 49 00 cf 01 00 00 01 00 00 00 00 00 00 00 00 
[1786973901237] 1e 
[1786973902144] a0 7b 1c 00 00 7b 1c 00 00 43 52 10 00 b3 1e e1 13 01 00 00 00 8e 02 76 10 55 03 00 00 00 00 96 00 7e 27 00 00 7e 27 00 00 c8 97 09 fb 02 48 00 cf 01 00 00 01 00 00 00 00 00 00 00 00 
[1786973902144] a0 7b 1c 00 00 7b 1c 00 00 43 52 10 00 b3 1e e1 13 01 00 00 00 8e 02 76 10 55 03 00 00 00 00 96 00 7e 27 00 00 7e 27 00 00 c8 97 09 fb 02 48 00 cf 01 00 00 01 00 00 00 00 00 00 00 00 
[1786973903160] a0 7b 1c 00 00 7b 1c 00 00 43 52 10 00 b3 1e e1 13 01 00 00 00 8e 02 76 10 55 03 00 00 00 00 96 00 7e 27 00 00 7e 27 00 00 c8 97 09 fb 02 47 00 cf 01 00 00 01 00 00 00 00 00 00 00 00 
[1786973903160] a0 7b 1c 00 00 7b 1c 00 00 43 52 10 00 b3 1e e1 13 01 00 00 00 8e 02 76 10 55 03 00 00 00 00 96 00 7e 27 00 00 7e 27 00 00 c8 97 09 fb 02 47 00 cf 01 00 00 01 00 00 00 00 00 00 00 00 
[1786973904161] a0 7b 1c 00 00 7b 1c 00 00 43 52 10 00 b3 1e e1 13 01 00 00 00 8e 02 76 10 55 03 00 00 00 00 96 00 7e 27 00 00 7e 27 00 00 c8 97 09 fb 02 46 00 cf 01 00 00 01 00 00 00 00 00 00 00 00 
[1786973904161] a0 7b 1c 00 00 7b 1c 00 00 43 52 10 00 b3 1e e1 13 01 00 00 00 8e 02 76 10 55 03 00 00 00 00 96 00 7e 27 00 00 7e 27 00 00 c8 97 09 fb 02 46 00 cf 01 00 00 01 00 00 00 00 00 00 00 00 
[1786973905161] a0 7b 1c 00 00 7b 1c 00 00 43 52 10 00 b3 1e e1 13 01 00 00 00 8e 02 76 10 55 03 00 00 00 00 96 00 7e 27 00 00 7e 27 00 00 c8 97 09 fb 02 45 00 cf 01 00 00 01 00 00 00 00 00 00 00 00 
[1786973905161] a0 7b 1c 00 00 7b 1c 00 00 43 52 10 00 b3 1e e1 13 01 00 00 00 8e 02 76 10 55 03 00 00 00 00 96 00 7e 27 00 00 7e 27 00 00 c8 97 09 fb 02 45 00 cf 01 00 00 01 00 00 00 00 00 00 00 00 
[1786973906161] 1d 
[1786973906161] a0 7b 1c 00 00 7b 1c 00 00 43 52 10 00 b3 1e e1 13 01 00 00 00 8e 02 76 10 55 03 00 00 00 00 96 00 7e 27 00 00 7e 27 00 00 c8 97 09 fb 02 44 00 cf 01 00 00 01 00 00 00 00 00 00 00 00 
[1786973906161] a0 7b 1c 00 00 7b 1c 00 00 43 52 10 00 b3 1e e1 13 01 00 00 00 8e 02 76 10 55 03 00 00 00 00 96 00 7e 27 00 00 7e 27 00 00 c8 97 09 fb 02 44 00 cf 01 00 00 01 00 00 00 00 00 00 00 00 
[1786973907162] a0 7b 1c 00 00 7b 1c 00 00 43 52 10 00 b3 1e e1 13 01 00 00 00 8e 02 76 10 55 03 00 00 00 00 96 00 7e 27 00 00 7e 27 00 00 c8 97 09 fb 02 43 00 cf 01 00 00 01 00 00 00 00 00 00 00 00 
[1786973907162] a0 7b 1c 00 00 7b 1c 00 00 43 52 10 00 b3 1e e1 13 01 00 00 00 8e 02 76 10 55 03 00 00 00 00 96 00 7e 27 00 00 7e 27 00 00 c8 97 09 fb 02 43 00 cf 01 00 00 01 00 00 00 00 00 00 00 00 
[1786973907185] 1e 
[1786973908162] a0 7b 1c 00 00 7b 1c 00 00 43 52 10 00 b3 1e e1 13 01 00 00 00 8e 02 76 10 55 03 00 00 00 00 96 00 7e 27 00 00 7e 27 00 00 c8 97 09 fb 02 42 00 cf 01 00 00 01 00 00 00 00 00 00 00 00 
[1786973908162] a0 7b 1c 00 00 7b 1c 00 00 43 52 10 00 b3 1e e1 13 01 00 00 00 8e 02 76 10 55 03 00 00 00 00 96 00 7e 27 00 00 7e 27 00 00 c8 97 09 fb 02 42 00 cf 01 00 00 01 00 00 00 00 00 00 00 00 
[1786973909163] a0 7b 1c 00 00 7b 1c 00 00 43 52 10 00 b3 1e e1 13 01 00 00 00 8e 02 76 10 55 03 00 00 00 00 96 00 7e 27 00 00 7e 27 00 00 c8 97 09 fb 02 41 00 cf 01 00 00 01 00 00 00 00 00 00 00 00 
[1786973909163] a0 7b 1c 00 00 7b 1c 00 00 43 52 10 00 b3 1e e1 13 01 00 00 00 8e 02 76 10 55 03 00 00 00 00 96 00 7e 27 00 00 7e 27 00 00 c8 97 09 fb 02 41 00 cf 01 00 00 01 00 00 00 00 00 00 00 00 
[1786973909266] a0 7b 1c 00 00 7b 1c 00 00 43 52 10 00 b3 1e e1 13 01 00 00 00 8e 02 76 10 55 03 00 00 00 00 96 00 7e 27 00 00 7e 27 00 00 c8 a1 09 fb 02 40 00 cf 01 00 00 01 00 00 00 00 00 00 00 00 
[1786973909266] b4 15 28 00 31 30 20 6d 69 6e 75 74 65 73 20 6f 66 20 73 74 61 6d 69 6e 61 20 68 61 73 20 62 65 65 6e 20 72 65 66 69 6c 6c 65 64 2e 
[1786973910187] a0 7b 1c 00 00 7b 1c 00 00 43 52 10 00 b3 1e e1 13 01 00 00 00 8e 02 76 10 55 03 00 00 00 00 96 00 7e 27 00 00 7e 27 00 00 c8 a1 09 fb 02 40 00 cf 01 00 00 01 00 00 00 00 00 00 00 00 
[1786973910187] a0 7b 1c 00 00 7b 1c 00 00 43 52 10 00 b3 1e e1 13 01 00 00 00 8e 02 76 10 55 03 00 00 00 00 96 00 7e 27 00 00 7e 27 00 00 c8 a1 09 fb 02 40 00 cf 01 00 00 01 00 00 00 00 00 00 00 00 
[1786973910360] ef 0f 0c 
[1786973911188] 1d 
[1786973911188] a0 7b 1c 00 00 7b 1c 00 00 43 52 10 00 b3 1e e1 13 01 00 00 00 8e 02 76 10 55 03 00 00 00 00 96 00 7e 27 00 00 7e 27 00 00 c8 a1 09 fb 02 3f 00 cf 01 00 00 01 00 00 00 00 00 00 00 00 
[1786973911188] a0 7b 1c 00 00 7b 1c 00 00 43 52 10 00 b3 1e e1 13 01 00 00 00 8e 02 76 10 55 03 00 00 00 00 96 00 7e 27 00 00 7e 27 00 00 c8 a1 09 fb 02 3f 00 cf 01 00 00 01 00 00 00 00 00 00 00 00 
[1786973912189] a0 7b 1c 00 00 7b 1c 00 00 43 52 10 00 b3 1e e1 13 01 00 00 00 8e 02 76 10 55 03 00 00 00 00 96 00 7e 27 00 00 7e 27 00 00 c8 a1 09 fb 02 3e 00 cf 01 00 00 01 00 00 00 00 00 00 00 00 
[1786973912189] a0 7b 1c 00 00 7b 1c 00 00 43 52 10 00 b3 1e e1 13 01 00 00 00 8e 02 76 10 55 03 00 00 00 00 96 00 7e 27 00 00 7e 27 00 00 c8 a1 09 fb 02 3e 00 cf 01 00 00 01 00 00 00 00 00 00 00 00 
[1786973913190] a0 7b 1c 00 00 7b 1c 00 00 43 52 10 00 b3 1e e1 13 01 00 00 00 8e 02 76 10 55 03 00 00 00 00 96 00 7e 27 00 00 7e 27 00 00 c8 a1 09 fb 02 3d 00 cf 01 00 00 01 00 00 00 00 00 00 00 00 
[1786973913190] a0 7b 1c 00 00 7b 1c 00 00 43 52 10 00 b3 1e e1 13 01 00 00 00 8e 02 76 10 55 03 00 00 00 00 96 00 7e 27 00 00 7e 27 00 00 c8 a1 09 fb 02 3d 00 cf 01 00 00 01 00 00 00 00 00 00 00 00 
[1786973913250] 1e 
[1786973914198] a0 7b 1c 00 00 7b 1c 00 00 43 52 10 00 b3 1e e1 13 01 00 00 00 8e 02 76 10 55 03 00 00 00 00 96 00 7e 27 00 00 7e 27 00 00 c8 a1 09 fb 02 3c 00 cf 01 00 00 01 00 00 00 00 00 00 00 00 
[1786973914198] a0 7b 1c 00 00 7b 1c 00 00 43 52 10 00 b3 1e e1 13 01 00 00 00 8e 02 76 10 55 03 00 00 00 00 96 00 7e 27 00 00 7e 27 00 00 c8 a1 09 fb 02 3c 00 cf 01 00 00 01 00 00 00 00 00 00 00 00 
[1786973915199] a0 7b 1c 00 00 7b 1c 00 00 43 52 10 00 b3 1e e1 13 01 00 00 00 8e 02 76 10 55 03 00 00 00 00 96 00 7e 27 00 00 7e 27 00 00 c8 a1 09 fb 02 3b 00 cf 01 00 00 01 00 00 00 00 00 00 00 00 
[1786973915199] a0 7b 1c 00 00 7b 1c 00 00 43 52 10 00 b3 1e e1 13 01 00 00 00 8e 02 76 10 55 03 00 00 00 00 96 00 7e 27 00 00 7e 27 00 00 c8 a1 09 fb 02 3b 00 cf 01 00 00 01 00 00 00 00 00 00 00 00 
[1786973916201] 1d 
[1786973916201] a0 7b 1c 00 00 7b 1c 00 00 43 52 10 00 b3 1e e1 13 01 00 00 00 8e 02 76 10 55 03 00 00 00 00 96 00 7e 27 00 00 7e 27 00 00 c8 a1 09 fb 02 3a 00 cf 01 00 00 01 00 00 00 00 00 00 00 00 
[1786973916201] a0 7b 1c 00 00 7b 1c 00 00 43 52 10 00 b3 1e e1 13 01 00 00 00 8e 02 76 10 55 03 00 00 00 00 96 00 7e 27 00 00 7e 27 00 00 c8 a1 09 fb 02 3a 00 cf 01 00 00 01 00 00 00 00 00 00 00 00 
[1786973917201] a0 7b 1c 00 00 7b 1c 00 00 43 52 10 00 b3 1e e1 13 01 00 00 00 8e 02 76 10 55 03 00 00 00 00 96 00 7e 27 00 00 7e 27 00 00 c8 a1 09 fb 02 39 00 cf 01 00 00 01 00 00 00 00 00 00 00 00 
[1786973917201] a0 7b 1c 00 00 7b 1c 00 00 43 52 10 00 b3 1e e1 13 01 00 00 00 8e 02 76 10 55 03 00 00 00 00 96 00 7e 27 00 00 7e 27 00 00 c8 a1 09 fb 02 39 00 cf 01 00 00 01 00 00 00 00 00 00 00 00 
[1786973918202] a0 7b 1c 00 00 7b 1c 00 00 43 52 10 00 b3 1e e1 13 01 00 00 00 8e 02 76 10 55 03 00 00 00 00 96 00 7e 27 00 00 7e 27 00 00 c8 a1 09 fb 02 38 00 d0 01 00 00 01 00 00 00 00 00 00 00 00 
[1786973918202] a0 7b 1c 00 00 7b 1c 00 00 43 52 10 00 b3 1e e1 13 01 00 00 00 8e 02 76 10 55 03 00 00 00 00 96 00 7e 27 00 00 7e 27 00 00 c8 a1 09 fb 02 38 00 d0 01 00 00 01 00 00 00 00 00 00 00 00 
[1786973918202] a0 7b 1c 00 00 7b 1c 00 00 43 52 10 00 b3 1e e1 13 01 00 00 00 8e 02 76 10 55 03 00 00 00 00 96 00 7e 27 00 00 7e 27 00 00 c8 a1 09 fb 02 38 00 d0 01 00 00 01 00 00 00 00 00 00 00 00 
[1786973919203] a0 7b 1c 00 00 7b 1c 00 00 43 52 10 00 b3 1e e1 13 01 00 00 00 8e 02 76 10 55 03 00 00 00 00 96 00 7e 27 00 00 7e 27 00 00 c8 a1 09 fb 02 37 00 d0 01 00 00 01 00 00 00 00 00 00 00 00 
[1786973919203] a0 7b 1c 00 00 7b 1c 00 00 43 52 10 00 b3 1e e1 13 01 00 00 00 8e 02 76 10 55 03 00 00 00 00 96 00 7e 27 00 00 7e 27 00 00 c8 a1 09 fb 02 37 00 d0 01 00 00 01 00 00 00 00 00 00 00 00 
[1786973919298] 1e 
[1786973920203] a0 7b 1c 00 00 7b 1c 00 00 43 52 10 00 b3 1e e1 13 01 00 00 00 8e 02 76 10 55 03 00 00 00 00 96 00 7e 27 00 00 7e 27 00 00 c8 a1 09 fb 02 36 00 d0 01 00 00 01 00 00 00 00 00 00 00 00 
[1786973920203] a0 7b 1c 00 00 7b 1c 00 00 43 52 10 00 b3 1e e1 13 01 00 00 00 8e 02 76 10 55 03 00 00 00 00 96 00 7e 27 00 00 7e 27 00 00 c8 a1 09 fb 02 36 00 d0 01 00 00 01 00 00 00 00 00 00 00 00 
[1786973920360] ef 0f 10 
[1786973921231] 1d 
[1786973921231] a0 7b 1c 00 00 7b 1c 00 00 43 52 10 00 b3 1e e1 13 01 00 00 00 8e 02 76 10 55 03 00 00 00 00 96 00 7e 27 00 00 7e 27 00 00 c8 a1 09 fb 02 35 00 d0 01 00 00 01 00 00 00 00 00 00 00 00 
[1786973921231] a0 7b 1c 00 00 7b 1c 00 00 43 52 10 00 b3 1e e1 13 01 00 00 00 8e 02 76 10 55 03 00 00 00 00 96 00 7e 27 00 00 7e 27 00 00 c8 a1 09 fb 02 35 00 d0 01 00 00 01 00 00 00 00 00 00 00 00 
[1786973922232] a0 7b 1c 00 00 7b 1c 00 00 43 52 10 00 b3 1e e1 13 01 00 00 00 8e 02 76 10 55 03 00 00 00 00 96 00 7e 27 00 00 7e 27 00 00 c8 a1 09 fb 02 34 00 d0 01 00 00 01 00 00 00 00 00 00 00 00 
[1786973922232] a0 7b 1c 00 00 7b 1c 00 00 43 52 10 00 b3 1e e1 13 01 00 00 00 8e 02 76 10 55 03 00 00 00 00 96 00 7e 27 00 00 7e 27 00 00 c8 a1 09 fb 02 34 00 d0 01 00 00 01 00 00 00 00 00 00 00 00 
[1786973923233] a0 7b 1c 00 00 7b 1c 00 00 43 52 10 00 b3 1e e1 13 01 00 00 00 8e 02 76 10 55 03 00 00 00 00 96 00 7e 27 00 00 7e 27 00 00 c8 a1 09 fb 02 33 00 d0 01 00 00 01 00 00 00 00 00 00 00 00 
[1786973923233] a0 7b 1c 00 00 7b 1c 00 00 43 52 10 00 b3 1e e1 13 01 00 00 00 8e 02 76 10 55 03 00 00 00 00 96 00 7e 27 00 00 7e 27 00 00 c8 a1 09 fb 02 33 00 d0 01 00 00 01 00 00 00 00 00 00 00 00 
[1786973924234] a0 7b 1c 00 00 7b 1c 00 00 43 52 10 00 b3 1e e1 13 01 00 00 00 8e 02 76 10 55 03 00 00 00 00 96 00 7e 27 00 00 7e 27 00 00 c8 a1 09 fb 02 32 00 d0 01 00 00 01 00 00 00 00 00 00 00 00 
[1786973924234] a0 7b 1c 00 00 7b 1c 00 00 43 52 10 00 b3 1e e1 13 01 00 00 00 8e 02 76 10 55 03 00 00 00 00 96 00 7e 27 00 00 7e 27 00 00 c8 a1 09 fb 02 32 00 d0 01 00 00 01 00 00 00 00 00 00 00 00 
[1786973925238] a0 7b 1c 00 00 7b 1c 00 00 43 52 10 00 b3 1e e1 13 01 00 00 00 8e 02 76 10 55 03 00 00 00 00 96 00 7e 27 00 00 7e 27 00 00 c8 a1 09 fb 02 31 00 d0 01 00 00 01 00 00 00 00 00 00 00 00 
[1786973925238] a0 7b 1c 00 00 7b 1c 00 00 43 52 10 00 b3 1e e1 13 01 00 00 00 8e 02 76 10 55 03 00 00 00 00 96 00 7e 27 00 00 7e 27 00 00 c8 a1 09 fb 02 31 00 d0 01 00 00 01 00 00 00 00 00 00 00 00 
[1786973925301] 1e 
[1786973926238] 1d 
[1786973926238] a0 7b 1c 00 00 7b 1c 00 00 43 52 10 00 b3 1e e1 13 01 00 00 00 8e 02 76 10 55 03 00 00 00 00 96 00 7e 27 00 00 7e 27 00 00 c8 a1 09 fb 02 30 00 d0 01 00 00 01 00 00 00 00 00 00 00 00 
[1786973926238] a0 7b 1c 00 00 7b 1c 00 00 43 52 10 00 b3 1e e1 13 01 00 00 00 8e 02 76 10 55 03 00 00 00 00 96 00 7e 27 00 00 7e 27 00 00 c8 a1 09 fb 02 30 00 d0 01 00 00 01 00 00 00 00 00 00 00 00 
[1786973927238] a0 7b 1c 00 00 7b 1c 00 00 43 52 10 00 b3 1e e1 13 01 00 00 00 8e 02 76 10 55 03 00 00 00 00 96 00 7e 27 00 00 7e 27 00 00 c8 a1 09 fb 02 2f 00 d0 01 00 00 01 00 00 00 00 00 00 00 00 
[1786973927238] a0 7b 1c 00 00 7b 1c 00 00 43 52 10 00 b3 1e e1 13 01 00 00 00 8e 02 76 10 55 03 00 00 00 00 96 00 7e 27 00 00 7e 27 00 00 c8 a1 09 fb 02 2f 00 d0 01 00 00 01 00 00 00 00 00 00 00 00 
[1786973928239] a0 7b 1c 00 00 7b 1c 00 00 43 52 10 00 b3 1e e1 13 01 00 00 00 8e 02 76 10 55 03 00 00 00 00 96 00 7e 27 00 00 7e 27 00 00 c8 a1 09 fb 02 2e 00 d0 01 00 00 01 00 00 00 00 00 00 00 00 
[1786973928239] a0 7b 1c 00 00 7b 1c 00 00 43 52 10 00 b3 1e e1 13 01 00 00 00 8e 02 76 10 55 03 00 00 00 00 96 00 7e 27 00 00 7e 27 00 00 c8 a1 09 fb 02 2e 00 d0 01 00 00 01 00 00 00 00 00 00 00 00 
[1786973929240] a0 7b 1c 00 00 7b 1c 00 00 43 52 10 00 b3 1e e1 13 01 00 00 00 8e 02 76 10 55 03 00 00 00 00 96 00 7e 27 00 00 7e 27 00 00 c8 a1 09 fb 02 2d 00 d0 01 00 00 01 00 00 00 00 00 00 00 00 
[1786973929240] a0 7b 1c 00 00 7b 1c 00 00 43 52 10 00 b3 1e e1 13 01 00 00 00 8e 02 76 10 55 03 00 00 00 00 96 00 7e 27 00 00 7e 27 00 00 c8 a1 09 fb 02 2d 00 d0 01 00 00 01 00 00 00 00 00 00 00 00 
[1786973930240] a0 7b 1c 00 00 7b 1c 00 00 43 52 10 00 b3 1e e1 13 01 00 00 00 8e 02 76 10 55 03 00 00 00 00 96 00 7e 27 00 00 7e 27 00 00 c8 a1 09 fb 02 2c 00 d0 01 00 00 01 00 00 00 00 00 00 00 00 
[1786973930240] a0 7b 1c 00 00 7b 1c 00 00 43 52 10 00 b3 1e e1 13 01 00 00 00 8e 02 76 10 55 03 00 00 00 00 96 00 7e 27 00 00 7e 27 00 00 c8 a1 09 fb 02 2c 00 d0 01 00 00 01 00 00 00 00 00 00 00 00 
[1786973930360] ef 0f 14 
[1786973931240] 1d 
[1786973931240] a0 7b 1c 00 00 7b 1c 00 00 43 52 10 00 b3 1e e1 13 01 00 00 00 8e 02 76 10 55 03 00 00 00 00 96 00 7e 27 00 00 7e 27 00 00 c8 a1 09 fb 02 2b 00 d0 01 00 00 01 00 00 00 00 00 00 00 00 
[1786973931240] a0 7b 1c 00 00 7b 1c 00 00 43 52 10 00 b3 1e e1 13 01 00 00 00 8e 02 76 10 55 03 00 00 00 00 96 00 7e 27 00 00 7e 27 00 00 c8 a1 09 fb 02 2b 00 d0 01 00 00 01 00 00 00 00 00 00 00 00 
[1786973931344] 1e 
[1786973932241] a0 7b 1c 00 00 7b 1c 00 00 43 52 10 00 b3 1e e1 13 01 00 00 00 8e 02 76 10 55 03 00 00 00 00 96 00 7e 27 00 00 7e 27 00 00 c8 a1 09 fb 02 2a 00 d0 01 00 00 01 00 00 00 00 00 00 00 00 
[1786973932241] a0 7b 1c 00 00 7b 1c 00 00 43 52 10 00 b3 1e e1 13 01 00 00 00 8e 02 76 10 55 03 00 00 00 00 96 00 7e 27 00 00 7e 27 00 00 c8 a1 09 fb 02 2a 00 d0 01 00 00 01 00 00 00 00 00 00 00 00 
[1786973933242] a0 7b 1c 00 00 7b 1c 00 00 43 52 10 00 b3 1e e1 13 01 00 00 00 8e 02 76 10 55 03 00 00 00 00 96 00 7e 27 00 00 7e 27 00 00 c8 a1 09 fb 02 29 00 d0 01 00 00 01 00 00 00 00 00 00 00 00 
[1786973933242] a0 7b 1c 00 00 7b 1c 00 00 43 52 10 00 b3 1e e1 13 01 00 00 00 8e 02 76 10 55 03 00 00 00 00 96 00 7e 27 00 00 7e 27 00 00 c8 a1 09 fb 02 29 00 d0 01 00 00 01 00 00 00 00 00 00 00 00 
[1786973934248] a0 7b 1c 00 00 7b 1c 00 00 43 52 10 00 b3 1e e1 13 01 00 00 00 8e 02 76 10 55 03 00 00 00 00 96 00 7e 27 00 00 7e 27 00 00 c8 a1 09 fb 02 28 00 d0 01 00 00 01 00 00 00 00 00 00 00 00 
[1786973934248] a0 7b 1c 00 00 7b 1c 00 00 43 52 10 00 b3 1e e1 13 01 00 00 00 8e 02 76 10 55 03 00 00 00 00 96 00 7e 27 00 00 7e 27 00 00 c8 a1 09 fb 02 28 00 d0 01 00 00 01 00 00 00 00 00 00 00 00 
[1786973935250] a0 7b 1c 00 00 7b 1c 00 00 43 52 10 00 b3 1e e1 13 01 00 00 00 8e 02 76 10 55 03 00 00 00 00 96 00 7e 27 00 00 7e 27 00 00 c8 a1 09 fb 02 27 00 d0 01 00 00 01 00 00 00 00 00 00 00 00 
[1786973935250] a0 7b 1c 00 00 7b 1c 00 00 43 52 10 00 b3 1e e1 13 01 00 00 00 8e 02 76 10 55 03 00 00 00 00 96 00 7e 27 00 00 7e 27 00 00 c8 a1 09 fb 02 27 00 d0 01 00 00 01 00 00 00 00 00 00 00 00 
[1786973936252] 1d 
[1786973936252] a0 7b 1c 00 00 7b 1c 00 00 43 52 10 00 b3 1e e1 13 01 00 00 00 8e 02 76 10 55 03 00 00 00 00 96 00 7e 27 00 00 7e 27 00 00 c8 a1 09 fb 02 26 00 d0 01 00 00 01 00 00 00 00 00 00 00 00 
[1786973936252] a0 7b 1c 00 00 7b 1c 00 00 43 52 10 00 b3 1e e1 13 01 00 00 00 8e 02 76 10 55 03 00 00 00 00 96 00 7e 27 00 00 7e 27 00 00 c8 a1 09 fb 02 26 00 d0 01 00 00 01 00 00 00 00 00 00 00 00 
[1786973937254] a0 7b 1c 00 00 7b 1c 00 00 43 52 10 00 b3 1e e1 13 01 00 00 00 8e 02 76 10 55 03 00 00 00 00 96 00 7e 27 00 00 7e 27 00 00 c8 a1 09 fb 02 25 00 d0 01 00 00 01 00 00 00 00 00 00 00 00 
[1786973937254] a0 7b 1c 00 00 7b 1c 00 00 43 52 10 00 b3 1e e1 13 01 00 00 00 8e 02 76 10 55 03 00 00 00 00 96 00 7e 27 00 00 7e 27 00 00 c8 a1 09 fb 02 25 00 d0 01 00 00 01 00 00 00 00 00 00 00 00 
[1786973937418] 1e 
[1786973938255] a0 7b 1c 00 00 7b 1c 00 00 43 52 10 00 b3 1e e1 13 01 00 00 00 8e 02 76 10 55 03 00 00 00 00 96 00 7e 27 00 00 7e 27 00 00 c8 a1 09 fb 02 24 00 d0 01 00 00 01 00 00 00 00 00 00 00 00 
[1786973938255] a0 7b 1c 00 00 7b 1c 00 00 43 52 10 00 b3 1e e1 13 01 00 00 00 8e 02 76 10 55 03 00 00 00 00 96 00 7e 27 00 00 7e 27 00 00 c8 a1 09 fb 02 24 00 d0 01 00 00 01 00 00 00 00 00 00 00 00 
[1786973939257] a0 7b 1c 00 00 7b 1c 00 00 43 52 10 00 b3 1e e1 13 01 00 00 00 8e 02 76 10 55 03 00 00 00 00 96 00 7e 27 00 00 7e 27 00 00 c8 a1 09 fb 02 23 00 d0 01 00 00 01 00 00 00 00 00 00 00 00 
[1786973939257] a0 7b 1c 00 00 7b 1c 00 00 43 52 10 00 b3 1e e1 13 01 00 00 00 8e 02 76 10 55 03 00 00 00 00 96 00 7e 27 00 00 7e 27 00 00 c8 a1 09 fb 02 23 00 d0 01 00 00 01 00 00 00 00 00 00 00 00 
[1786973940259] a0 7b 1c 00 00 7b 1c 00 00 43 52 10 00 b3 1e e1 13 01 00 00 00 8e 02 76 10 55 03 00 00 00 00 96 00 7e 27 00 00 7e 27 00 00 c8 a1 09 fb 02 22 00 d0 01 00 00 01 00 00 00 00 00 00 00 00 
[1786973940259] a0 7b 1c 00 00 7b 1c 00 00 43 52 10 00 b3 1e e1 13 01 00 00 00 8e 02 76 10 55 03 00 00 00 00 96 00 7e 27 00 00 7e 27 00 00 c8 a1 09 fb 02 22 00 d0 01 00 00 01 00 00 00 00 00 00 00 00 
[1786973940360] ef 0f 18 
[1786973941259] 1d 
[1786973941259] a0 7b 1c 00 00 7b 1c 00 00 43 52 10 00 b3 1e e1 13 01 00 00 00 8e 02 76 10 55 03 00 00 00 00 96 00 7e 27 00 00 7e 27 00 00 c8 a1 09 fb 02 21 00 d0 01 00 00 01 00 00 00 00 00 00 00 00 
[1786973941259] a0 7b 1c 00 00 7b 1c 00 00 43 52 10 00 b3 1e e1 13 01 00 00 00 8e 02 76 10 55 03 00 00 00 00 96 00 7e 27 00 00 7e 27 00 00 c8 a1 09 fb 02 21 00 d0 01 00 00 01 00 00 00 00 00 00 00 00 
[1786973942278] a0 7b 1c 00 00 7b 1c 00 00 43 52 10 00 b3 1e e1 13 01 00 00 00 8e 02 76 10 55 03 00 00 00 00 96 00 7e 27 00 00 7e 27 00 00 c8 a1 09 fb 02 20 00 d0 01 00 00 01 00 00 00 00 00 00 00 00 
[1786973942278] a0 7b 1c 00 00 7b 1c 00 00 43 52 10 00 b3 1e e1 13 01 00 00 00 8e 02 76 10 55 03 00 00 00 00 96 00 7e 27 00 00 7e 27 00 00 c8 a1 09 fb 02 20 00 d0 01 00 00 01 00 00 00 00 00 00 00 00 
[1786973943285] a0 7b 1c 00 00 7b 1c 00 00 43 52 10 00 b3 1e e1 13 01 00 00 00 8e 02 76 10 55 03 00 00 00 00 96 00 7e 27 00 00 7e 27 00 00 c8 a1 09 fb 02 1f 00 d0 01 00 00 01 00 00 00 00 00 00 00 00 
[1786973943285] a0 7b 1c 00 00 7b 1c 00 00 43 52 10 00 b3 1e e1 13 01 00 00 00 8e 02 76 10 55 03 00 00 00 00 96 00 7e 27 00 00 7e 27 00 00 c8 a1 09 fb 02 1f 00 d0 01 00 00 01 00 00 00 00 00 00 00 00 
[1786973943338] 1e 
[1786973944287] a0 7b 1c 00 00 7b 1c 00 00 43 52 10 00 b3 1e e1 13 01 00 00 00 8e 02 76 10 55 03 00 00 00 00 96 00 7e 27 00 00 7e 27 00 00 c8 a1 09 fb 02 1e 00 d0 01 00 00 01 00 00 00 00 00 00 00 00 
[1786973944287] a0 7b 1c 00 00 7b 1c 00 00 43 52 10 00 b3 1e e1 13 01 00 00 00 8e 02 76 10 55 03 00 00 00 00 96 00 7e 27 00 00 7e 27 00 00 c8 a1 09 fb 02 1e 00 d0 01 00 00 01 00 00 00 00 00 00 00 00 
[1786973945287] a0 7b 1c 00 00 7b 1c 00 00 43 52 10 00 b3 1e e1 13 01 00 00 00 8e 02 76 10 55 03 00 00 00 00 96 00 7e 27 00 00 7e 27 00 00 c8 a1 09 fb 02 1d 00 d0 01 00 00 01 00 00 00 00 00 00 00 00 
[1786973945287] a0 7b 1c 00 00 7b 1c 00 00 43 52 10 00 b3 1e e1 13 01 00 00 00 8e 02 76 10 55 03 00 00 00 00 96 00 7e 27 00 00 7e 27 00 00 c8 a1 09 fb 02 1d 00 d0 01 00 00 01 00 00 00 00 00 00 00 00 
[1786973946288] 1d 
[1786973946288] a0 7b 1c 00 00 7b 1c 00 00 43 52 10 00 b3 1e e1 13 01 00 00 00 8e 02 76 10 55 03 00 00 00 00 96 00 7e 27 00 00 7e 27 00 00 c8 a1 09 fb 02 1c 00 d0 01 00 00 01 00 00 00 00 00 00 00 00 
[1786973946288] a0 7b 1c 00 00 7b 1c 00 00 43 52 10 00 b3 1e e1 13 01 00 00 00 8e 02 76 10 55 03 00 00 00 00 96 00 7e 27 00 00 7e 27 00 00 c8 a1 09 fb 02 1c 00 d0 01 00 00 01 00 00 00 00 00 00 00 00 
[1786973947288] a0 7b 1c 00 00 7b 1c 00 00 43 52 10 00 b3 1e e1 13 01 00 00 00 8e 02 76 10 55 03 00 00 00 00 96 00 7e 27 00 00 7e 27 00 00 c8 a1 09 fb 02 1b 00 d0 01 00 00 01 00 00 00 00 00 00 00 00 
[1786973947288] a0 7b 1c 00 00 7b 1c 00 00 43 52 10 00 b3 1e e1 13 01 00 00 00 8e 02 76 10 55 03 00 00 00 00 96 00 7e 27 00 00 7e 27 00 00 c8 a1 09 fb 02 1b 00 d0 01 00 00 01 00 00 00 00 00 00 00 00 
[1786973948288] a0 7b 1c 00 00 7b 1c 00 00 43 52 10 00 b3 1e e1 13 01 00 00 00 8e 02 76 10 55 03 00 00 00 00 96 00 7e 27 00 00 7e 27 00 00 c8 a1 09 fb 02 1a 00 d0 01 00 00 01 00 00 00 00 00 00 00 00 
[1786973948288] a0 7b 1c 00 00 7b 1c 00 00 43 52 10 00 b3 1e e1 13 01 00 00 00 8e 02 76 10 55 03 00 00 00 00 96 00 7e 27 00 00 7e 27 00 00 c8 a1 09 fb 02 1a 00 d0 01 00 00 01 00 00 00 00 00 00 00 00 
[1786973949297] a0 7b 1c 00 00 7b 1c 00 00 43 52 10 00 b3 1e e1 13 01 00 00 00 8e 02 76 10 55 03 00 00 00 00 96 00 7e 27 00 00 7e 27 00 00 c8 a1 09 fb 02 19 00 d0 01 00 00 01 00 00 00 00 00 00 00 00 
[1786973949297] a0 7b 1c 00 00 7b 1c 00 00 43 52 10 00 b3 1e e1 13 01 00 00 00 8e 02 76 10 55 03 00 00 00 00 96 00 7e 27 00 00 7e 27 00 00 c8 a1 09 fb 02 19 00 d0 01 00 00 01 00 00 00 00 00 00 00 00 
[1786973949345] 1e 
[1786973950298] a0 7b 1c 00 00 7b 1c 00 00 43 52 10 00 b3 1e e1 13 01 00 00 00 8e 02 76 10 55 03 00 00 00 00 96 00 7e 27 00 00 7e 27 00 00 c8 a1 09 fb 02 18 00 d0 01 00 00 01 00 00 00 00 00 00 00 00 
[1786973950298] a0 7b 1c 00 00 7b 1c 00 00 43 52 10 00 b3 1e e1 13 01 00 00 00 8e 02 76 10 55 03 00 00 00 00 96 00 7e 27 00 00 7e 27 00 00 c8 a1 09 fb 02 18 00 d0 01 00 00 01 00 00 00 00 00 00 00 00 
[1786973950360] ef 0f 1c 
[1786973951298] 1d 
[1786973951298] a0 7b 1c 00 00 7b 1c 00 00 43 52 10 00 b3 1e e1 13 01 00 00 00 8e 02 76 10 55 03 00 00 00 00 96 00 7e 27 00 00 7e 27 00 00 c8 a1 09 fb 02 17 00 d0 01 00 00 01 00 00 00 00 00 00 00 00 
[1786973951298] a0 7b 1c 00 00 7b 1c 00 00 43 52 10 00 b3 1e e1 13 01 00 00 00 8e 02 76 10 55 03 00 00 00 00 96 00 7e 27 00 00 7e 27 00 00 c8 a1 09 fb 02 17 00 d0 01 00 00 01 00 00 00 00 00 00 00 00 
[1786973952299] a0 7b 1c 00 00 7b 1c 00 00 43 52 10 00 b3 1e e1 13 01 00 00 00 8e 02 76 10 55 03 00 00 00 00 96 00 7e 27 00 00 7e 27 00 00 c8 a1 09 fb 02 16 00 d0 01 00 00 01 00 00 00 00 00 00 00 00 
[1786973952299] a0 7b 1c 00 00 7b 1c 00 00 43 52 10 00 b3 1e e1 13 01 00 00 00 8e 02 76 10 55 03 00 00 00 00 96 00 7e 27 00 00 7e 27 00 00 c8 a1 09 fb 02 16 00 d0 01 00 00 01 00 00 00 00 00 00 00 00 
[1786973953301] a0 7b 1c 00 00 7b 1c 00 00 43 52 10 00 b3 1e e1 13 01 00 00 00 8e 02 76 10 55 03 00 00 00 00 96 00 7e 27 00 00 7e 27 00 00 c8 a1 09 fb 02 15 00 d0 01 00 00 01 00 00 00 00 00 00 00 00 
[1786973953301] a0 7b 1c 00 00 7b 1c 00 00 43 52 10 00 b3 1e e1 13 01 00 00 00 8e 02 76 10 55 03 00 00 00 00 96 00 7e 27 00 00 7e 27 00 00 c8 a1 09 fb 02 15 00 d0 01 00 00 01 00 00 00 00 00 00 00 00 
[1786973954312] a0 7b 1c 00 00 7b 1c 00 00 43 52 10 00 b3 1e e1 13 01 00 00 00 8e 02 76 10 55 03 00 00 00 00 96 00 7e 27 00 00 7e 27 00 00 c8 a1 09 fb 02 14 00 d0 01 00 00 01 00 00 00 00 00 00 00 00 
[1786973954312] a0 7b 1c 00 00 7b 1c 00 00 43 52 10 00 b3 1e e1 13 01 00 00 00 8e 02 76 10 55 03 00 00 00 00 96 00 7e 27 00 00 7e 27 00 00 c8 a1 09 fb 02 14 00 d0 01 00 00 01 00 00 00 00 00 00 00 00 
[1786973955313] a0 7b 1c 00 00 7b 1c 00 00 43 52 10 00 b3 1e e1 13 01 00 00 00 8e 02 76 10 55 03 00 00 00 00 96 00 7e 27 00 00 7e 27 00 00 c8 a1 09 fb 02 13 00 d0 01 00 00 01 00 00 00 00 00 00 00 00 
[1786973955313] a0 7b 1c 00 00 7b 1c 00 00 43 52 10 00 b3 1e e1 13 01 00 00 00 8e 02 76 10 55 03 00 00 00 00 96 00 7e 27 00 00 7e 27 00 00 c8 a1 09 fb 02 13 00 d0 01 00 00 01 00 00 00 00 00 00 00 00 
[1786973955384] 1e 
[1786973956320] 1d 
[1786973956320] a0 7b 1c 00 00 7b 1c 00 00 43 52 10 00 b3 1e e1 13 01 00 00 00 8e 02 76 10 55 03 00 00 00 00 96 00 7e 27 00 00 7e 27 00 00 c8 a1 09 fb 02 12 00 d0 01 00 00 01 00 00 00 00 00 00 00 00 
[1786973956320] a0 7b 1c 00 00 7b 1c 00 00 43 52 10 00 b3 1e e1 13 01 00 00 00 8e 02 76 10 55 03 00 00 00 00 96 00 7e 27 00 00 7e 27 00 00 c8 a1 09 fb 02 12 00 d0 01 00 00 01 00 00 00 00 00 00 00 00 
[1786973957321] a0 7b 1c 00 00 7b 1c 00 00 43 52 10 00 b3 1e e1 13 01 00 00 00 8e 02 76 10 55 03 00 00 00 00 96 00 7e 27 00 00 7e 27 00 00 c8 a1 09 fb 02 11 00 d0 01 00 00 01 00 00 00 00 00 00 00 00 
[1786973957321] a0 7b 1c 00 00 7b 1c 00 00 43 52 10 00 b3 1e e1 13 01 00 00 00 8e 02 76 10 55 03 00 00 00 00 96 00 7e 27 00 00 7e 27 00 00 c8 a1 09 fb 02 11 00 d0 01 00 00 01 00 00 00 00 00 00 00 00 
[1786973958321] a0 7b 1c 00 00 7b 1c 00 00 43 52 10 00 b3 1e e1 13 01 00 00 00 8e 02 76 10 55 03 00 00 00 00 96 00 7e 27 00 00 7e 27 00 00 c8 a1 09 fb 02 10 00 d0 01 00 00 01 00 00 00 00 00 00 00 00 
[1786973958321] a0 7b 1c 00 00 7b 1c 00 00 43 52 10 00 b3 1e e1 13 01 00 00 00 8e 02 76 10 55 03 00 00 00 00 96 00 7e 27 00 00 7e 27 00 00 c8 a1 09 fb 02 10 00 d0 01 00 00 01 00 00 00 00 00 00 00 00 
[1786973959327] a0 7b 1c 00 00 7b 1c 00 00 43 52 10 00 b3 1e e1 13 01 00 00 00 8e 02 76 10 55 03 00 00 00 00 96 00 7e 27 00 00 7e 27 00 00 c8 a1 09 fb 02 0f 00 d0 01 00 00 01 00 00 00 00 00 00 00 00 
[1786973959327] a0 7b 1c 00 00 7b 1c 00 00 43 52 10 00 b3 1e e1 13 01 00 00 00 8e 02 76 10 55 03 00 00 00 00 96 00 7e 27 00 00 7e 27 00 00 c8 a1 09 fb 02 0f 00 d0 01 00 00 01 00 00 00 00 00 00 00 00 
[1786973960355] a0 7b 1c 00 00 7b 1c 00 00 43 52 10 00 b3 1e e1 13 01 00 00 00 8e 02 76 10 55 03 00 00 00 00 96 00 7e 27 00 00 7e 27 00 00 c8 a1 09 fb 02 0e 00 d0 01 00 00 01 00 00 00 00 00 00 00 00 
[1786973960355] a0 7b 1c 00 00 7b 1c 00 00 43 52 10 00 b3 1e e1 13 01 00 00 00 8e 02 76 10 55 03 00 00 00 00 96 00 7e 27 00 00 7e 27 00 00 c8 a1 09 fb 02 0e 00 d0 01 00 00 01 00 00 00 00 00 00 00 00 
[1786973960360] ef 0f 20 
[1786973961356] 1d 
[1786973961356] a0 7b 1c 00 00 7b 1c 00 00 43 52 10 00 b3 1e e1 13 01 00 00 00 8e 02 76 10 55 03 00 00 00 00 96 00 7e 27 00 00 7e 27 00 00 c8 a1 09 fb 02 0d 00 d0 01 00 00 01 00 00 00 00 00 00 00 00 
[1786973961356] a0 7b 1c 00 00 7b 1c 00 00 43 52 10 00 b3 1e e1 13 01 00 00 00 8e 02 76 10 55 03 00 00 00 00 96 00 7e 27 00 00 7e 27 00 00 c8 a1 09 fb 02 0d 00 d0 01 00 00 01 00 00 00 00 00 00 00 00 
[1786973961386] 1e 
[1786973961767] 6d 62 7e e2 7d 07 01 62 7e e3 7d 07 
[1786973961768] 6b 62 7e e2 7d 07 00 a1 27 
[1786973961867] 6d 62 7e e3 7d 07 01 62 7e e4 7d 07 
[1786973961967] 6d 62 7e e4 7d 07 01 61 7e e4 7d 07 
[1786973962067] 6d 61 7e e4 7d 07 01 60 7e e4 7d 07 
[1786973962167] 6d 60 7e e4 7d 07 01 5f 7e e4 7d 07 
[1786973962268] 6d 5f 7e e4 7d 07 01 5e 7e e4 7d 07 
[1786973962357] a0 7b 1c 00 00 7b 1c 00 00 43 52 10 00 b3 1e e1 13 01 00 00 00 8e 02 76 10 55 03 00 00 00 00 96 00 7e 27 00 00 7e 27 00 00 c8 a1 09 fb 02 0c 00 d0 01 00 00 01 00 00 00 00 00 00 00 00 
[1786973962357] a0 7b 1c 00 00 7b 1c 00 00 43 52 10 00 b3 1e e1 13 01 00 00 00 8e 02 76 10 55 03 00 00 00 00 96 00 7e 27 00 00 7e 27 00 00 c8 a1 09 fb 02 0c 00 d0 01 00 00 01 00 00 00 00 00 00 00 00 
[1786973962368] 6d 5e 7e e4 7d 07 01 5d 7e e4 7d 07 
[1786973962693] 6d 5d 7e e4 7d 07 01 5c 7e e4 7d 07 
[1786973962794] 6d 5c 7e e4 7d 07 01 5b 7e e4 7d 07 
[1786973962894] 6d 5b 7e e4 7d 07 01 5b 7e e3 7d 07 
[1786973962994] 6d 5b 7e e3 7d 07 01 5a 7e e3 7d 07 
[1786973963094] 6d 5a 7e e3 7d 07 01 59 7e e3 7d 07 
[1786973963194] 6d 59 7e e3 7d 07 01 59 7e e2 7d 07 
[1786973963294] 6d 59 7e e2 7d 07 01 59 7e e1 7d 07 
[1786973963357] a0 7b 1c 00 00 7b 1c 00 00 43 52 10 00 b3 1e e1 13 01 00 00 00 8e 02 76 10 55 03 00 00 00 00 96 00 7e 27 00 00 7e 27 00 00 c8 a1 09 fb 02 0b 00 d0 01 00 00 01 00 00 00 00 00 00 00 00 
[1786973963357] a0 7b 1c 00 00 7b 1c 00 00 43 52 10 00 b3 1e e1 13 01 00 00 00 8e 02 76 10 55 03 00 00 00 00 96 00 7e 27 00 00 7e 27 00 00 c8 a1 09 fb 02 0b 00 d0 01 00 00 01 00 00 00 00 00 00 00 00 
[1786973964084] 6d 59 7e e1 7d 07 01 58 7e e1 7d 07 
[1786973964184] 6c 58 7e e1 7d 07 01 
[1786973964359] a0 7b 1c 00 00 7b 1c 00 00 43 52 10 00 b3 1e e1 13 01 00 00 00 8e 02 76 10 55 03 00 00 00 00 96 00 7e 27 00 00 7e 27 00 00 c8 a1 09 fb 02 0a 00 d0 01 00 00 01 00 00 00 00 00 00 00 00 
[1786973964359] a0 7b 1c 00 00 7b 1c 00 00 43 52 10 00 b3 1e e1 13 01 00 00 00 8e 02 76 10 55 03 00 00 00 00 96 00 7e 27 00 00 7e 27 00 00 c8 a1 09 fb 02 0a 00 d0 01 00 00 01 00 00 00 00 00 00 00 00 
[1786973965359] a0 7b 1c 00 00 7b 1c 00 00 43 52 10 00 b3 1e e1 13 01 00 00 00 8e 02 76 10 55 03 00 00 00 00 96 00 7e 27 00 00 7e 27 00 00 c8 a1 09 fb 02 09 00 d0 01 00 00 01 00 00 00 00 00 00 00 00 
[1786973965359] a0 7b 1c 00 00 7b 1c 00 00 43 52 10 00 b3 1e e1 13 01 00 00 00 8e 02 76 10 55 03 00 00 00 00 96 00 7e 27 00 00 7e 27 00 00 c8 a1 09 fb 02 09 00 d0 01 00 00 01 00 00 00 00 00 00 00 00 
[1786973966359] 1d 
[1786973966359] a0 7b 1c 00 00 7b 1c 00 00 43 52 10 00 b3 1e e1 13 01 00 00 00 8e 02 76 10 55 03 00 00 00 00 96 00 7e 27 00 00 7e 27 00 00 c8 a1 09 fb 02 08 00 d0 01 00 00 01 00 00 00 00 00 00 00 00 
[1786973966359] a0 7b 1c 00 00 7b 1c 00 00 43 52 10 00 b3 1e e1 13 01 00 00 00 8e 02 76 10 55 03 00 00 00 00 96 00 7e 27 00 00 7e 27 00 00 c8 a1 09 fb 02 08 00 d0 01 00 00 01 00 00 00 00 00 00 00 00 
[1786973966839] 1e 
[1786973967361] a0 7b 1c 00 00 7b 1c 00 00 43 52 10 00 b3 1e e1 13 01 00 00 00 8e 02 76 10 55 03 00 00 00 00 96 00 7e 27 00 00 7e 27 00 00 c8 a1 09 fb 02 07 00 d0 01 00 00 01 00 00 00 00 00 00 00 00 
[1786973967361] a0 7b 1c 00 00 7b 1c 00 00 43 52 10 00 b3 1e e1 13 01 00 00 00 8e 02 76 10 55 03 00 00 00 00 96 00 7e 27 00 00 7e 27 00 00 c8 a1 09 fb 02 07 00 d0 01 00 00 01 00 00 00 00 00 00 00 00 
[1786973968361] a0 7b 1c 00 00 7b 1c 00 00 43 52 10 00 b3 1e e1 13 01 00 00 00 8e 02 76 10 55 03 00 00 00 00 96 00 7e 27 00 00 7e 27 00 00 c8 a1 09 fb 02 06 00 d0 01 00 00 01 00 00 00 00 00 00 00 00 
[1786973968361] a0 7b 1c 00 00 7b 1c 00 00 43 52 10 00 b3 1e e1 13 01 00 00 00 8e 02 76 10 55 03 00 00 00 00 96 00 7e 27 00 00 7e 27 00 00 c8 a1 09 fb 02 06 00 d0 01 00 00 01 00 00 00 00 00 00 00 00 
[1786973969362] a0 7b 1c 00 00 7b 1c 00 00 43 52 10 00 b3 1e e1 13 01 00 00 00 8e 02 76 10 55 03 00 00 00 00 96 00 7e 27 00 00 7e 27 00 00 c8 a1 09 fb 02 05 00 d0 01 00 00 01 00 00 00 00 00 00 00 00 
[1786973969362] a0 7b 1c 00 00 7b 1c 00 00 43 52 10 00 b3 1e e1 13 01 00 00 00 8e 02 76 10 55 03 00 00 00 00 96 00 7e 27 00 00 7e 27 00 00 c8 a1 09 fb 02 05 00 d0 01 00 00 01 00 00 00 00 00 00 00 00 
[1786973970361] ef 0f 24 
[1786973970367] a0 7b 1c 00 00 7b 1c 00 00 43 52 10 00 b3 1e e1 13 01 00 00 00 8e 02 76 10 55 03 00 00 00 00 96 00 7e 27 00 00 7e 27 00 00 c8 a1 09 fb 02 04 00 d0 01 00 00 01 00 00 00 00 00 00 00 00 
[1786973970367] a0 7b 1c 00 00 7b 1c 00 00 43 52 10 00 b3 1e e1 13 01 00 00 00 8e 02 76 10 55 03 00 00 00 00 96 00 7e 27 00 00 7e 27 00 00 c8 a1 09 fb 02 04 00 d0 01 00 00 01 00 00 00 00 00 00 00 00 
[1786973971379] 1d 
[1786973971379] a0 7b 1c 00 00 7b 1c 00 00 43 52 10 00 b3 1e e1 13 01 00 00 00 8e 02 76 10 55 03 00 00 00 00 96 00 7e 27 00 00 7e 27 00 00 c8 a1 09 fb 02 03 00 d0 01 00 00 01 00 00 00 00 00 00 00 00 
[1786973971379] a0 7b 1c 00 00 7b 1c 00 00 43 52 10 00 b3 1e e1 13 01 00 00 00 8e 02 76 10 55 03 00 00 00 00 96 00 7e 27 00 00 7e 27 00 00 c8 a1 09 fb 02 03 00 d0 01 00 00 01 00 00 00 00 00 00 00 00 
[1786973971379] a0 7b 1c 00 00 7b 1c 00 00 43 52 10 00 b3 1e e1 13 01 00 00 00 8e 02 76 10 55 03 00 00 00 00 96 00 7e 27 00 00 7e 27 00 00 c8 a1 09 fb 02 00 00 d0 01 00 00 01 00 00 00 00 00 00 00 00 
[1786973971379] a9 01 01 95 00 41 63 74 69 76 65 20 52 65 73 74 69 6e 67 20 41 72 65 61 20 42 6f 6e 75 73 65 73 3a 20 0a 44 6f 75 62 6c 65 20 48 69 74 20 50 6f 69 6e 74 73 20 52 65 67 65 6e 65 72 61 74 69 6f 6e 2c 0a 44 6f 75 62 6c 65 20 4d 61 6e 61 20 50 6f 69 6e 74 73 20 52 65 67 65 6e 65 72 61 74 69 6f 6e 2c 0a 53 74 61 6d 69 6e 61 20 50 6f 69 6e 74 73 20 52 65 67 65 6e 65 72 61 74 69 6f 6e 2c 0a 53 6f 75 6c 20 50 6f 69 6e 74 73 20 52 65 67 65 6e 65 72 61 74 69 6f 6e 2e 
[1786973971379] a2 00 50 00 00 00 00 00 00 00 
[1786973972442] 1e 
[1786973976397] 1d 
[1786973978399] a0 7b 1c 00 00 7b 1c 00 00 43 52 10 00 b3 1e e1 13 01 00 00 00 8e 02 76 10 55 03 00 00 00 00 96 00 7e 27 00 00 7e 27 00 00 c8 a1 09 fb 02 00 00 d1 01 00 00 01 00 00 00 00 00 00 00 00 
[1786973979642] 6a 58 7e dc 7d 07 01 62 00 a5 00 00 10 64 01 73 07 51 72 72 00 03 00 00 05 d5 b4 03 00 00 00 00 0b 00 ff 00 00 
[1786973979823] 6d 58 7e dc 7d 07 01 59 7e dc 7d 07 
[1786973980361] ef 0f 28 
[1786973981119] 6a 5b 7e dc 7d 07 01 61 00 00 00 00 00 58 00 00 10 00 03 00 5a 61 63 64 02 5b 05 13 09 00 00 02 00 06 06 53 55 00 05 d7 48 05 00 00 00 00 00 0c 00 ff 00 00 
[1786973981233] 6d 5b 7e dc 7d 07 01 5b 7e dd 7d 07 
[1786973981344] 6d 5b 7e dd 7d 07 01 5b 7e de 7d 07 
[1786973981403] 1d 
[1786973981451] 6d 5b 7e de 7d 07 01 5b 7e df 7d 07 
[1786973981566] 6d 5b 7e df 7d 07 01 5b 7e e0 7d 07 
[1786973981678] 6d 5b 7e e0 7d 07 01 5b 7e e1 7d 07 
[1786973981785] 6d 5b 7e e1 7d 07 01 5b 7e e2 7d 07 
[1786973981894] 6d 5b 7e e2 7d 07 01 5c 7e e2 7d 07 
[1786973982121] 6d 5c 7e e2 7d 07 01 5d 7e e2 7d 07 
[1786973982255] 6d 5d 7e e2 7d 07 01 5e 7e e2 7d 07 
[1786973982255] 6c 5e 7e e2 7d 07 02 
[1786973982255] 6a 5e 7e e1 7d 06 01 62 00 58 00 00 10 64 01 5b 05 13 09 00 00 02 00 06 06 53 55 00 05 d7 48 05 00 00 00 00 0c 00 ff 00 00 
[1786973982255] 6b 5e 7e e1 7d 06 01 63 00 58 00 00 10 00 00 
[1786973982504] 6d 5e 7e e1 7d 06 01 5d 7e e1 7d 06 
[1786973982647] 6d 5d 7e e1 7d 06 01 5d 7e e0 7d 06 
[1786973982757] 8f a5 00 00 10 19 03 59 06 
[1786973982757] 83 59 7e dc 7d 07 03 0f 00 02 00 
[1786973982757] 83 59 7e dc 7d 07 06 02 6b 04 00 
[1786973982757] aa 21 68 00 00 06 00 45 6e 65 6d 6d 79 00 ac 02 24 59 7e dc 7d 07 0f 00 75 74 61 6e 69 20 74 65 6d 70 6f 20 68 75 72 
[1786973982901] 6d 5d 7e e0 7d 06 01 5d 7e df 7d 06 
[1786973982962] 6d 59 7e dc 7d 07 01 5a 7e dc 7d 07 
[1786973983012] 6d 5d 7e df 7d 06 01 5d 7e de 7d 06 
[1786973983072] 6c 5a 7e dc 7d 07 01 
[1786973983112] 6d 5d 7e de 7d 06 01 5c 7e de 7d 06 
[1786973983299] 6d 5c 7e de 7d 06 01 5b 7e de 7d 06 
[1786973983404] 6d 5b 7e de 7d 06 01 5a 7e de 7d 06 
[1786973983450] 1e 
[1786973983521] 6d 5a 7e de 7d 06 01 59 7e de 7d 06 
[1786973984476] 83 59 7e de 7d 06 03 1d 00 00 00 
[1786973985903] 6d 59 7e de 7d 06 01 5a 7e de 7d 06 
[1786973986003] 6d 5a 7e de 7d 06 01 5b 7e de 7d 06 
[1786973986103] 6d 5b 7e de 7d 06 01 5b 7e df 7d 06 
[1786973986203] 6d 5b 7e df 7d 06 01 5c 7e df 7d 06 
[1786973986303] 6d 5c 7e df 7d 06 01 5d 7e df 7d 06 
[1786973986403] 6d 5d 7e df 7d 06 01 5d 7e e0 7d 06 
[1786973986457] 1d 
[1786973986503] 6d 5d 7e e0 7d 06 01 5d 7e e1 7d 06 
[1786973986606] 6d 5d 7e e1 7d 06 01 5d 7e e2 7d 06 
[1786973986706] 6d 5d 7e e2 7d 06 01 5e 7e e2 7d 06 
[1786973986706] 6c 5e 7e e2 7d 06 01 
[1786973986706] 6a 5e 7e e3 7d 07 01 62 00 58 00 00 10 64 01 5b 05 13 09 00 00 02 00 06 06 53 55 00 05 d7 48 05 00 00 00 00 0c 00 ff 00 00 
[1786973986706] 6b 5e 7e e3 7d 07 01 63 00 58 00 00 10 02 00 
[1786973987460] 8f 58 00 00 10 8e 02 3d 03 
[1786973987523] 6d 5e 7e e3 7d 07 01 5d 7e e3 7d 07 
[1786973988422] 6d 5d 7e e3 7d 07 01 5c 7e e3 7d 07 
[1786973988528] 6d 5c 7e e3 7d 07 01 5c 7e e2 7d 07 
[1786973988595] 1e 
[1786973988767] 6d 5c 7e e2 7d 07 01 5c 7e e1 7d 07 
[1786973988877] 6d 5c 7e e1 7d 07 01 5c 7e e0 7d 07 
[1786973988983] 6d 5c 7e e0 7d 07 01 5c 7e df 7d 07 
[1786973989094] 6d 5c 7e df 7d 07 01 5c 7e de 7d 07 
[1786973989199] 6d 5c 7e de 7d 07 01 5c 7e dd 7d 07 
[1786973989302] 6d 5c 7e dd 7d 07 01 5b 7e dd 7d 07 
[1786973989409] 6d 5b 7e dd 7d 07 01 5b 7e dc 7d 07 
[1786973989587] 6c 5b 7e dc 7d 07 01 
[1786973990361] ef 0f 2c 
[1786973991468] 1d 
[1786973993850] 1e 
[1786973996490] 1d 
[1786974000201] 72 02 00 00 00 00 
[1786974000201] f5 39 00 01 00 00 01 02 00 00 01 03 00 00 01 04 00 00 01 05 00 00 01 06 00 00 01 07 00 00 01 08 00 00 01 09 00 00 01 0a 00 00 01 0b 00 00 01 26 0b 00 01 33 0b 00 01 34 0b 00 01 35 0b 00 01 36 0b 00 01 37 0b 00 01 99 0b 00 01 bb 0b 00 01 c2 0b 00 01 e8 0b 00 32 eb 0b 00 01 09 0c 00 14 1a 0c 00 01 81 0d 00 01 a9 16 00 01 13 1d 00 14 f2 3e 00 01 95 3f 00 01 a3 53 00 0a 0b 56 00 01 f4 57 00 06 4e 5b 00 42 86 66 5b 00 01 e5 5b 00 01 e9 5b 00 0b f6 5b 00 09 a9 5c 00 01 77 65 00 01 78 65 00 01 79 65 00 01 7f 6f 00 01 2e 70 00 01 f5 72 00 01 b9 76 00 01 5b 7b 00 01 81 7b 00 01 74 7f 00 01 28 85 00 01 d8 89 00 01 bd 8a 00 01 3d 8c 00 4c b3 3e 8c 00 40 8f ed 98 00 01 ee 98 00 01 57 ab 00 01 0a cb 00 01 
[1786974000201] a0 7b 1c 00 00 7b 1c 00 00 43 52 10 00 b3 1e e1 13 01 00 00 00 8e 02 76 10 55 03 00 00 00 00 96 00 7e 27 00 00 7e 27 00 00 c8 a1 09 fb 02 00 00 d1 01 00 00 01 00 00 00 00 00 00 00 00 
[1786974000201] f5 39 00 01 00 00 01 02 00 00 01 03 00 00 01 04 00 00 01 05 00 00 01 06 00 00 01 07 00 00 01 08 00 00 01 09 00 00 01 0a 00 00 01 0b 00 00 01 26 0b 00 01 33 0b 00 01 34 0b 00 01 35 0b 00 01 36 0b 00 01 37 0b 00 01 99 0b 00 01 bb 0b 00 01 c2 0b 00 01 e8 0b 00 32 eb 0b 00 01 09 0c 00 14 1a 0c 00 01 81 0d 00 01 a9 16 00 01 13 1d 00 14 f2 3e 00 01 95 3f 00 01 a3 53 00 0a 0b 56 00 01 f4 57 00 06 4e 5b 00 42 86 66 5b 00 01 e5 5b 00 01 e9 5b 00 0b f6 5b 00 09 a9 5c 00 01 77 65 00 01 78 65 00 01 79 65 00 01 7f 6f 00 01 2e 70 00 01 f5 72 00 01 b9 76 00 01 5b 7b 00 01 81 7b 00 01 74 7f 00 01 28 85 00 01 d8 89 00 01 bd 8a 00 01 3d 8c 00 4c b3 3e 8c 00 40 8f ed 98 00 01 ee 98 00 01 57 ab 00 01 0a cb 00 01 
[1786974000201] a0 7b 1c 00 00 7b 1c 00 00 43 52 10 00 b3 1e e1 13 01 00 00 00 8e 02 76 10 55 03 00 00 00 00 96 00 7e 27 00 00 7e 27 00 00 c8 a1 09 fb 02 00 00 d1 01 00 00 01 00 00 00 00 00 00 00 00 
[1786974000201] 83 60 7e e2 7d 07 06 01 e2 0a 00 
[1786974000361] ef 0f 30 
[1786974001502] 1d 
[1786974005299] 1e 
[1786974006530] 1d 
[1786974010361] ef 0f 34 
[1786974011540] 1d 
[1786974015437] 1e 
[1786974016559] 1d 
[1786974020361] ef 0f 38 
[1786974021592] 1d 
[1786974025435] 1e 
[1786974026606] 1d 
[1786974030361] ef 10 00 
[1786974031656] 1d 
[1786974035450] 1e 
[1786974036675] 1d 
[1786974038687] a0 7b 1c 00 00 7b 1c 00 00 43 52 10 00 b3 1e e1 13 01 00 00 00 8e 02 76 10 55 03 00 00 00 00 96 00 7e 27 00 00 7e 27 00 00 c8 a1 09 fb 02 00 00 d2 01 00 00 01 00 00 00 00 00 00 00 00 
[1786974040361] ef 10 04 
[1786974041705] 1d 
[1786974043743] 1e 
[1786974046741] 1d 
[1786974050361] ef 10 08 
[1786974051743] 1d 
[1786974055436] 1e 
[1786974056766] 1d 
[1786974060361] ef 10 0c 
[1786974061778] 1d 
[1786974065449] 1e 
[1786974066802] 1d 
[1786974070368] ef 10 10 
[1786974071807] 1d 
[1786974075440] 1e 
[1786974076811] 1d 
[1786974080368] ef 10 14 
[1786974081814] 1d 
[1786974085441] 1e 
[1786974086830] 1d 
[1786974090368] ef 10 18 
[1786974091840] 1d 
[1786974095433] 1e 
[1786974096869] 1d 
[1786974098871] a0 7b 1c 00 00 7b 1c 00 00 43 52 10 00 b3 1e e1 13 01 00 00 00 8e 02 76 10 55 03 00 00 00 00 96 00 7e 27 00 00 7e 27 00 00 c8 a1 09 fb 02 00 00 d3 01 00 00 01 00 00 00 00 00 00 00 00 
[1786974100368] ef 10 1c 
[1786974101891] 1d 
[1786974103935] 1e 
[1786974106909] 1d 
[1786974110380] ef 10 20 
[1786974111932] 1d 
[1786974115437] 1e 
[1786974116977] 1d 
[1786974120380] ef 10 24 
[1786974121993] 1d 
[1786974125453] 1e 
[1786974127012] 1d 
[1786974130380] ef 10 28 
[1786974132033] 1d 
[1786974135437] 1e 
[1786974137047] 1d 
[1786974140380] ef 10 2c 
[1786974142058] 1d 
[1786974145461] 1e 
[1786974147084] 1d 
[1786974150380] ef 10 30 
[1786974152102] 1d 
[1786974155447] 1e 
[1786974157117] 1d 
[1786974159117] a0 7b 1c 00 00 7b 1c 00 00 43 52 10 00 b3 1e e1 13 01 00 00 00 8e 02 76 10 55 03 00 00 00 00 96 00 7e 27 00 00 7e 27 00 00 c8 a1 09 fb 02 00 00 d4 01 00 00 01 00 00 00 00 00 00 00 00 
[1786974160380] ef 10 34 
[1786974162139] 1d 
[1786974164169] 1e 
[1786974167159] 1d 
[1786974170380] ef 10 38 
[1786974172183] 1d 
[1786974175463] 1e 
[1786974177188] 1d 
[1786974178368] a0 7b 1c 00 00 7b 1c 00 00 43 52 10 00 b3 1e e1 13 01 00 00 00 8e 02 76 10 55 03 00 00 00 00 96 00 7e 27 00 00 7e 27 00 00 c8 a2 09 fb 02 00 00 d4 01 00 00 01 00 00 00 00 00 00 00 00 
[1786974178368] b4 15 28 00 4f 6e 65 20 6d 69 6e 75 74 65 20 6f 66 20 73 74 61 6d 69 6e 61 20 68 61 73 20 62 65 65 6e 20 72 65 66 69 6c 6c 65 64 2e 
[1786974180381] ef 11 00 
[1786974182203] 1d 
[1786974183449] 1e 
[1786974187275] 1d 
[1786974187449] 79 02 
[1786974187449] 70 00 00 00 f5 72 
[1786974187449] a9 01 01 95 00 41 63 74 69 76 65 20 52 65 73 74 69 6e 67 20 41 72 65 61 20 42 6f 6e 75 73 65 73 3a 20 0a 44 6f 75 62 6c 65 20 48 69 74 20 50 6f 69 6e 74 73 20 52 65 67 65 6e 65 72 61 74 69 6f 6e 2c 0a 44 6f 75 62 6c 65 20 4d 61 6e 61 20 50 6f 69 6e 74 73 20 52 65 67 65 6e 65 72 61 74 69 6f 6e 2c 0a 53 74 61 6d 69 6e 61 20 50 6f 69 6e 74 73 20 52 65 67 65 6e 65 72 61 74 69 6f 6e 2c 0a 53 6f 75 6c 20 50 6f 69 6e 74 73 20 52 65 67 65 6e 65 72 61 74 69 6f 6e 2e 
[1786974187449] a2 00 50 00 00 00 00 00 00 00 
[1786974187449] a0 7b 1c 00 00 7b 1c 00 00 43 52 10 00 b3 1e e1 13 01 00 00 00 8e 02 76 10 55 03 00 00 00 00 96 00 7e 27 00 00 7e 27 00 00 c8 a2 09 fb 02 00 00 d4 01 00 00 01 00 00 00 00 00 00 00 00 
[1786974187449] a1 27 00 20 00 20 00 e7 16 13 00 13 00 13 00 7b 11 0a 00 0a 00 0a 00 00 00 0a 00 0a 00 0a 00 00 00 0a 00 0a 00 0a 00 00 00 9a 00 6a 00 6a 00 91 1e 4d 00 4d 00 4d 00 11 06 0a 00 0a 00 0a 00 00 00 00 5a 3c 19 00 28 a5 14 00 7d 00 ad 01 00 04 ff ff ff 7f 00 04 57 1b 00 80 04 9f 0f 00 80 04 97 08 00 80 04 27 23 00 80 04 ff ff ff 7f 00 00 26 00 00 00 04 7c 00 00 80 04 ff ff ff 7f 00 00 07 00 04 10 03 00 80 03 04 6f 03 00 80 02 04 8c 04 00 80 01 04 f0 0a 00 80 04 04 f3 01 00 80 05 04 8c 04 00 80 06 04 f3 01 00 80 04 ff ff ff 7f 04 ff ff ff 7f 04 ff ff ff 7f 
[1786974187449] f5 39 00 01 00 00 01 02 00 00 01 03 00 00 01 04 00 00 01 05 00 00 01 06 00 00 01 07 00 00 01 08 00 00 01 09 00 00 01 0a 00 00 01 0b 00 00 01 26 0b 00 01 33 0b 00 01 34 0b 00 01 35 0b 00 01 36 0b 00 01 37 0b 00 01 99 0b 00 01 bb 0b 00 01 c2 0b 00 01 e8 0b 00 32 eb 0b 00 01 09 0c 00 14 1a 0c 00 01 81 0d 00 01 a9 16 00 01 13 1d 00 14 f2 3e 00 01 95 3f 00 01 a3 53 00 0a 0b 56 00 01 f4 57 00 06 4e 5b 00 42 86 66 5b 00 01 e5 5b 00 01 e9 5b 00 0b f6 5b 00 09 a9 5c 00 01 77 65 00 01 78 65 00 01 79 65 00 01 7f 6f 00 01 2e 70 00 01 f5 72 00 01 b9 76 00 01 5b 7b 00 01 81 7b 00 01 74 7f 00 01 28 85 00 01 d8 89 00 01 bd 8a 00 01 3d 8c 00 4c b3 3e 8c 00 40 8f ed 98 00 01 ee 98 00 01 57 ab 00 01 0a cb 00 01 
[1786974187449] a0 7b 1c 00 00 7b 1c 00 00 43 52 10 00 b3 1e e1 13 01 00 00 00 8e 02 76 10 55 03 00 00 00 00 96 00 7e 27 00 00 7e 27 00 00 c8 a2 09 fb 02 00 00 d4 01 00 00 01 00 00 00 00 00 00 00 00 
[1786974187449] f5 39 00 01 00 00 01 02 00 00 01 03 00 00 01 04 00 00 01 05 00 00 01 06 00 00 01 07 00 00 01 08 00 00 01 09 00 00 01 0a 00 00 01 0b 00 00 01 26 0b 00 01 33 0b 00 01 34 0b 00 01 35 0b 00 01 36 0b 00 01 37 0b 00 01 99 0b 00 01 bb 0b 00 01 c2 0b 00 01 e8 0b 00 32 eb 0b 00 01 09 0c 00 14 1a 0c 00 01 81 0d 00 01 a9 16 00 01 13 1d 00 14 f2 3e 00 01 95 3f 00 01 a3 53 00 0a 0b 56 00 01 f4 57 00 06 4e 5b 00 42 86 66 5b 00 01 e5 5b 00 01 e9 5b 00 0b f6 5b 00 09 a9 5c 00 01 77 65 00 01 78 65 00 01 79 65 00 01 7f 6f 00 01 2e 70 00 01 f5 72 00 01 b9 76 00 01 5b 7b 00 01 81 7b 00 01 74 7f 00 01 28 85 00 01 d8 89 00 01 bd 8a 00 01 3d 8c 00 4c b3 3e 8c 00 40 8f ed 98 00 01 ee 98 00 01 57 ab 00 01 0a cb 00 01 
[1786974187449] a0 7b 1c 00 00 7b 1c 00 00 43 52 10 00 b3 1e e1 13 01 00 00 00 8e 02 76 10 55 03 00 00 00 00 96 00 7e 27 00 00 7e 27 00 00 c8 a2 09 fb 02 00 00 d4 01 00 00 01 00 00 00 00 00 00 00 00 
[1786974187449] 83 60 7e e2 7d 07 06 01 e2 0a 00 
[1786974187677] 6d 60 7e e2 7d 07 01 60 7e e3 7d 07 67 98 01 da 09 00 ff 98 01 da 09 00 ff 98 01 f6 04 00 ff 70 01 4c 0b 01 29 0c 01 4e 0b 01 00 ff 70 01 0f 09 4c 0b 01 00 ff 70 01 3b 0b 01 0f 09 00 ff 70 01 0f 09 4e 0b 01 00 ff 70 01 8b 08 26 09 00 ff 70 01 8b 08 27 09 b1 2c 00 ff a6 11 f6 04 00 ff ab 11 00 ff ad 11 4a 18 00 ff aa 11 26 19 00 ff 98 01 82 09 00 00 ff 98 01 00 ff 98 01 00 ff 98 01 00 ff 98 01 24 19 00 ff 98 01 00 ff 98 01 c9 06 06 ff f8 04 58 06 02 ff b9 01 6c 08 00 ff 98 01 00 ff 98 01 00 ff 98 01 00 ff 98 01 00 ff 98 01 00 ff ba 01 6d 08 00 ff 90 04 00 ff 90 04 00 ff 90 04 00 ff 90 04 00 ff 90 04 00 ff 90 04 00 ff 90 04 00 ff 90 04 09 ff 85 04 5a ff 
[1786974187677] 6b 60 7e e2 7d 07 00 a1 27 
[1786974187677] 2a 00 00 
[1786974187919] 6d 60 7e e3 7d 07 01 60 7e e4 7d 07 67 98 01 62 00 7a 02 00 80 64 00 89 00 60 65 78 78 03 00 00 00 d7 37 00 00 00 00 02 02 ff 00 01 00 ff 98 01 00 ff 98 01 c9 06 00 ff 70 01 00 ff 70 01 00 ff 70 01 00 ff 70 01 00 ff 70 01 00 ff 70 01 00 ff a3 11 f6 04 00 ff b2 11 00 ff ad 11 00 ff a4 11 01 05 00 ff 98 01 82 09 00 00 ff 98 01 37 09 00 ff 98 01 0f 09 00 ff 98 01 a8 09 00 00 ff 98 01 01 05 2c 25 00 ff 98 01 00 ff 98 01 c9 06 06 ff f8 04 58 06 02 ff b9 01 6c 08 00 ff 98 01 a6 0b 00 ff 98 01 00 ff 98 01 00 ff 98 01 00 ff 98 01 a6 0b 00 ff ba 01 6d 08 00 ff 90 04 00 ff 90 04 00 ff 90 04 00 ff 90 04 00 ff 90 04 00 ff 90 04 00 ff 90 04 00 ff 90 04 09 ff 85 04 5a ff 
[1786974188022] 6d 60 7e e4 7d 07 01 5f 7e e4 7d 07 68 ad 01 00 ff ad 01 00 ff ad 01 00 ff ad 01 00 ff ad 01 00 ff ad 01 00 ff ad 01 1b 09 00 ff ad 01 12 09 00 ff ad 01 12 09 00 ff ad 01 1d 09 00 ff ad 01 0f 05 70 21 00 ff a9 11 f7 04 00 ff 98 01 9c 07 00 ff 98 01 00 ff 98 01 de 09 00 ff 98 01 0f 05 00 ff 98 01 11 09 ab 0d 00 00 ff a1 27 00 ff 98 01 00 ff 98 01 00 ff 98 01 00 ff a1 27 00 ff 98 01 11 09 a9 0d 00 00 ff 98 01 17 05 00 ff f7 04 00 ff 98 01 00 ff 98 01 00 ff 98 01 00 ff 98 01 0f 05 00 ff 98 01 11 09 00 ff 98 01 74 08 00 ff 98 01 74 08 00 ff 98 01 00 ff 98 01 74 08 00 ff 98 01 74 08 00 ff 98 01 11 09 00 ff 98 01 0f 05 19 22 00 ff 8f 04 00 ff 90 04 00 ff 90 04 00 ff 90 04 00 ff 90 04 00 ff 86 04 00 ff 86 04 00 ff 86 04 00 ff 86 04 00 ff 86 04 00 ff 86 04 00 ff 86 04 00 ff 86 04 3e ff 
[1786974188199] 6d 5f 7e e4 7d 07 01 5e 7e e4 7d 07 68 ad 01 00 ff ad 01 00 ff ad 01 00 ff ad 01 00 ff ad 01 00 ff ad 01 00 ff ad 01 13 09 00 ff ad 01 00 ff ad 01 62 00 77 02 00 80 64 00 81 00 39 71 5f 71 00 00 00 00 d7 37 00 00 00 00 02 01 ff 00 01 00 ff ad 01 00 ff ad 01 0f 05 00 ff a3 11 bf 01 f7 04 00 ff 98 01 da 09 00 ff 98 01 00 ff 86 04 0e 05 00 ff 86 04 15 05 00 ff 86 04 0e 05 00 ff 86 04 0e 05 00 ff 86 04 0e 05 00 ff 86 04 0e 05 5c 0b 00 ff 86 04 0e 05 00 ff 86 04 0e 05 00 ff 86 04 0e 05 00 ff 86 04 15 05 70 21 00 ff f7 04 00 ff b0 01 00 ff 98 01 00 ff 98 01 00 ff 98 01 0f 05 00 ff 98 01 11 09 ab 0d 00 00 ff a1 27 00 ff 98 01 00 ff 98 01 00 ff 98 01 00 ff a1 27 00 ff 98 01 11 09 a9 0d 00 00 ff 98 01 0f 05 00 ff 8f 04 00 ff 90 04 00 ff 90 04 00 ff 90 04 00 ff 90 04 00 ff 86 04 00 ff 86 04 00 ff 86 04 00 ff 86 04 00 ff 86 04 00 ff 86 04 00 ff 86 04 00 ff 86 04 3e ff 
[1786974188200] 8f a2 00 00 10 fb 02 ec 03 
[1786974188200] a9 01 01 95 00 41 63 74 69 76 65 20 52 65 73 74 69 6e 67 20 41 72 65 61 20 42 6f 6e 75 73 65 73 3a 20 0a 44 6f 75 62 6c 65 20 48 69 74 20 50 6f 69 6e 74 73 20 52 65 67 65 6e 65 72 61 74 69 6f 6e 2c 0a 44 6f 75 62 6c 65 20 4d 61 6e 61 20 50 6f 69 6e 74 73 20 52 65 67 65 6e 65 72 61 74 69 6f 6e 2c 0a 53 74 61 6d 69 6e 61 20 50 6f 69 6e 74 73 20 52 65 67 65 6e 65 72 61 74 69 6f 6e 2c 0a 53 6f 75 6c 20 50 6f 69 6e 74 73 20 52 65 67 65 6e 65 72 61 74 69 6f 6e 2e 
[1786974188200] a2 40 50 00 00 00 00 00 00 00 
[1786974188200] 83 5e 7e e4 7d 07 03 0f 00 01 00 
[1786974188200] a4 06 00 d0 07 00 00 
[1786974188200] a9 01 01 95 00 41 63 74 69 76 65 20 52 65 73 74 69 6e 67 20 41 72 65 61 20 42 6f 6e 75 73 65 73 3a 20 0a 44 6f 75 62 6c 65 20 48 69 74 20 50 6f 69 6e 74 73 20 52 65 67 65 6e 65 72 61 74 69 6f 6e 2c 0a 44 6f 75 62 6c 65 20 4d 61 6e 61 20 50 6f 69 6e 74 73 20 52 65 67 65 6e 65 72 61 74 69 6f 6e 2c 0a 53 74 61 6d 69 6e 61 20 50 6f 69 6e 74 73 20 52 65 67 65 6e 65 72 61 74 69 6f 6e 2c 0a 53 6f 75 6c 20 50 6f 69 6e 74 73 20 52 65 67 65 6e 65 72 61 74 69 6f 6e 2e 
[1786974188200] a2 40 50 00 00 00 00 00 00 00 
[1786974188200] a5 03 d0 07 00 00 
[1786974188200] a9 01 01 95 00 41 63 74 69 76 65 20 52 65 73 74 69 6e 67 20 41 72 65 61 20 42 6f 6e 75 73 65 73 3a 20 0a 44 6f 75 62 6c 65 20 48 69 74 20 50 6f 69 6e 74 73 20 52 65 67 65 6e 65 72 61 74 69 6f 6e 2c 0a 44 6f 75 62 6c 65 20 4d 61 6e 61 20 50 6f 69 6e 74 73 20 52 65 67 65 6e 65 72 61 74 69 6f 6e 2c 0a 53 74 61 6d 69 6e 61 20 50 6f 69 6e 74 73 20 52 65 67 65 6e 65 72 61 74 69 6f 6e 2c 0a 53 6f 75 6c 20 50 6f 69 6e 74 73 20 52 65 67 65 6e 65 72 61 74 69 6f 6e 2e 
[1786974188200] a2 40 50 00 00 00 00 00 00 00 
[1786974188200] 83 5e 7e e4 7d 07 06 01 ee 03 00 
[1786974188200] a0 7b 1c 00 00 7b 1c 00 00 43 52 10 00 b3 1e e1 13 01 00 00 00 8e 02 76 10 55 03 00 00 00 00 96 00 7e 27 00 00 7e 27 00 00 c8 a2 09 fb 02 00 00 d4 01 00 00 01 00 00 00 00 00 00 00 00 
[1786974188200] a1 27 00 20 00 20 00 e7 16 13 00 13 00 13 00 7b 11 0a 00 0a 00 0a 00 00 00 0a 00 0a 00 0a 00 00 00 0a 00 0a 00 0a 00 00 00 9a 00 6a 00 6a 00 91 1e 4d 00 4d 00 4d 00 11 06 0a 00 0a 00 0a 00 00 00 00 5a 3c 19 00 28 a5 14 00 7d 00 ad 01 00 04 ff ff ff 7f 00 04 57 1b 00 80 04 9f 0f 00 80 04 97 08 00 80 04 27 23 00 80 04 ff ff ff 7f 00 00 26 00 00 00 04 7c 00 00 80 04 ff ff ff 7f 00 00 07 00 04 10 03 00 80 03 04 6f 03 00 80 02 04 8c 04 00 80 01 04 f0 0a 00 80 04 04 f3 01 00 80 05 04 8c 04 00 80 06 04 f3 01 00 80 04 ff ff ff 7f 04 ff ff ff 7f 04 ff ff ff 7f 
[1786974188200] a0 7b 1c 00 00 7b 1c 00 00 43 52 10 00 b3 1e e1 13 01 00 00 00 8e 02 76 10 55 03 00 00 00 00 96 00 42 27 00 00 7e 27 00 00 c8 a2 09 fb 02 00 00 d4 01 00 00 01 00 00 00 00 00 00 00 00 
[1786974188200] aa 09 6a 00 00 08 00 4b 75 6b 75 72 65 6a 61 00 8e 02 24 5e 7e e4 7d 07 09 00 75 74 61 6e 69 20 68 75 72 
[1786974188225] 6d 56 7e e6 7d 07 01 56 7e e7 7d 07 
[1786974188303] 6d 5e 7e e4 7d 07 01 5d 7e e4 7d 07 68 ad 01 00 ff ad 01 00 ff ad 01 00 ff ad 01 00 ff ad 01 00 ff ad 01 00 ff ad 01 16 09 00 ff ad 01 29 09 e3 0b 03 00 ff ad 01 b5 09 00 00 ff ad 01 2a 16 00 ff ad 01 0f 05 00 ff 67 00 b4 11 f7 04 00 ff 98 01 da 09 00 ff 98 01 00 ff 86 04 00 ff 86 04 00 ff 86 04 00 ff 86 04 00 ff 86 04 00 ff 86 04 00 ff 86 04 00 ff 86 04 00 ff 86 04 00 ff 86 04 00 ff f7 04 00 ff 98 01 b7 09 00 ff 98 01 b8 09 00 ff 98 01 00 ff 15 05 00 ff 0e 05 00 ff 0e 05 00 ff cb 06 00 ff 0e 05 5c 0b 00 ff cb 06 00 ff 0e 05 00 ff 0e 05 00 ff 13 05 70 21 00 ff 8f 04 00 ff 90 04 00 ff 90 04 00 ff 90 04 00 ff 90 04 00 ff 86 04 00 ff 86 04 00 ff 86 04 00 ff 86 04 00 ff 86 04 00 ff 86 04 00 ff 86 04 00 ff 86 04 3e ff 
[1786974188325] 6c 58 7e eb 7d 07 01 
[1786974188403] 6d 5d 7e e4 7d 07 01 5c 7e e4 7d 07 68 66 03 8d 16 00 ff 66 03 8d 16 00 ff 66 03 8d 16 00 ff 66 03 8d 16 00 ff 66 03 0e 05 77 21 00 ff 66 03 0e 05 00 ff 66 03 0e 05 5c 0b 00 ff 66 03 0e 05 00 ff 66 03 0e 05 00 ff 66 03 0e 05 00 ff 66 03 15 05 70 21 00 ff 66 03 31 12 f8 04 00 ff 66 03 31 12 f6 04 00 ff 66 03 31 12 f6 04 73 0b 00 ff 86 04 00 ff 86 04 00 ff 86 04 00 ff 86 04 00 ff 86 04 00 ff 86 04 00 ff 86 04 00 ff 86 04 00 ff 86 04 00 ff 86 04 00 ff f7 04 00 ff 98 01 b7 09 00 ff 98 01 b8 09 00 ff 98 01 09 ff 8f 04 00 ff 90 04 00 ff 90 04 00 ff 90 04 00 ff 90 04 00 ff 85 04 00 ff 85 04 00 ff 85 04 00 ff 85 04 00 ff 85 04 00 ff 85 04 00 ff 85 04 00 ff 85 04 3e ff 
[1786974188503] 6d 5c 7e e4 7d 07 01 5c 7e e3 7d 07 65 66 03 0e 05 78 21 00 ff ad 01 fb 14 00 ff ad 01 00 ff ad 01 00 ff ad 01 00 ff ad 01 00 ff ad 01 00 ff ad 01 00 ff ad 01 00 ff ad 01 ad 0d 00 ff ad 01 00 ff ad 01 00 ff ad 01 00 ff ad 01 00 ff ad 01 00 ff ad 01 0e 05 00 ff ad 01 08 05 00 ff 98 01 04 05 00 ff 86 04 00 ff 86 04 00 ff 86 04 0e 05 00 ff 98 01 ca 64 00 ff 98 01 00 ff 98 01 00 ff 98 01 00 ff 98 01 00 ff 98 01 00 ff 98 01 00 ff 98 01 cb 06 00 ff 86 04 00 ff 86 04 00 ff 86 04 00 ff 86 04 00 ff 98 01 26 19 00 ff b2 01 00 ff 98 01 01 ff 0e 05 00 ff 98 01 de 09 00 ff 98 01 00 ff 98 01 3e 08 00 ff 98 01 00 ff 98 01 00 ff 98 01 00 ff 98 01 ad 0d 00 ff 98 01 0e 05 04 ff 82 04 00 ff 80 04 00 ff 80 04 00 ff 80 04 00 ff 85 04 00 ff 86 04 00 ff 86 04 00 ff 86 04 00 ff 86 04 00 ff 86 04 00 ff 89 04 00 ff 87 04 00 ff 87 04 00 ff 8c 04 88 04 00 ff 8c 04 00 ff 8c 04 00 ff 8c 04 00 ff 8d 04 4c ff 
[1786974188723] 6d 5c 7e e3 7d 07 01 5c 7e e2 7d 07 65 66 03 0e 05 00 ff ad 01 95 6f 00 ff ad 01 00 ff ad 01 00 ff ad 01 00 ff ad 01 00 ff ad 01 00 ff ad 01 00 ff ad 01 18 09 00 ff ad 01 13 09 00 ff ad 01 19 09 00 ff ad 01 00 ff ad 01 00 ff ad 01 00 ff ad 01 00 ff ad 01 0e 05 00 ff ad 01 01 05 00 ff 98 01 6f 0b 82 09 00 00 ff 86 04 00 ff 86 04 00 ff 86 04 0e 05 00 ff 98 01 00 ff 98 01 00 ff 98 01 00 ff 98 01 00 ff 98 01 00 ff 98 01 00 ff 98 01 00 ff 98 01 0e 05 00 ff 86 04 00 ff 86 04 00 ff 86 04 00 ff 86 04 00 ff 01 05 00 ff 98 01 00 ff 98 01 01 ff cb 06 00 ff 98 01 00 ff 98 01 00 ff 98 01 00 ff 98 01 00 ff 98 01 00 ff 98 01 00 ff 98 01 00 ff 98 01 cb 06 04 ff 82 04 00 ff 80 04 00 ff 80 04 00 ff 80 04 00 ff 85 04 00 ff 86 04 00 ff 86 04 00 ff 86 04 00 ff 86 04 00 ff 86 04 00 ff 89 04 00 ff 87 04 00 ff 87 04 00 ff 88 04 50 ff 
[1786974188823] 6d 5c 7e e2 7d 07 01 5c 7e e1 7d 07 65 66 03 10 05 00 ff 66 03 0f 05 00 ff 66 03 12 05 00 ff ad 01 00 ff ad 01 00 ff ad 01 00 ff ad 01 00 ff ad 01 00 ff ad 01 1c 09 00 ff ad 01 62 00 6c 02 00 80 64 01 80 00 74 4f 75 4c 00 00 00 00 d7 37 00 00 00 00 02 02 ff 00 01 00 ff ad 01 1c 09 00 ff ad 01 00 ff ad 01 00 ff ad 01 fc 43 00 ff ad 01 f8 43 00 ff ad 01 30 12 0e 05 00 ff ad 01 01 05 00 ff 98 01 a6 0b 00 ff 86 04 00 ff 86 04 00 ff 86 04 0e 05 00 ff 98 01 00 ff 98 01 74 08 00 ff 98 01 00 ff 98 01 0e 05 00 ff 98 01 00 ff 98 01 74 08 00 ff 98 01 00 ff 98 01 cb 06 00 ff 86 04 00 ff 86 04 00 ff 86 04 00 ff 86 04 00 ff b9 01 03 05 6c 08 00 ff 98 01 02 05 00 ff 98 01 02 05 01 ff 0e 05 00 ff 98 01 00 ff 98 01 00 ff 98 01 00 ff 98 01 00 ff 98 01 00 ff 98 01 00 ff 98 01 00 ff 98 01 0e 05 04 ff 82 04 00 ff 80 04 00 ff 80 04 00 ff 80 04 00 ff 85 04 00 ff 86 04 00 ff 86 04 00 ff 86 04 00 ff 86 04 00 ff 86 04 00 ff 89 04 00 ff 87 04 00 ff 87 04 00 ff 88 04 50 ff 
[1786974188972] 6d 5c 7e e1 7d 07 01 5c 7e e0 7d 07 65 66 03 00 ff 66 03 3d 08 00 ff 66 03 0e 05 00 ff ad 01 95 6f 00 ff ad 01 00 ff ad 01 00 ff ad 01 00 ff ad 01 00 ff ad 01 12 09 00 ff ad 01 fa 14 a6 0b 00 ff ad 01 12 09 00 ff ad 01 00 ff ad 01 00 ff ad 01 f5 43 00 ff ad 01 f4 43 62 00 6b 02 00 80 64 02 92 00 55 07 0c 13 02 00 00 00 d7 37 00 00 00 00 02 01 ff 00 01 00 ff 67 00 8b 16 15 05 00 ff ad 01 03 05 00 ff 67 00 02 05 00 ff 8b 04 00 ff 8b 04 85 04 00 ff 86 04 0e 05 00 ff a1 27 00 ff 98 01 74 08 00 ff a1 27 00 ff 98 01 0e 05 00 ff a1 27 00 ff 98 01 74 08 00 ff a1 27 00 ff 98 01 0e 05 1a 22 00 ff 86 04 00 ff 86 04 00 ff 86 04 00 ff 86 04 00 ff b9 01 6c 08 88 04 00 ff 98 01 a5 0b 00 ff 98 01 01 ff 0e 05 00 ff 98 01 00 ff 98 01 74 08 00 ff 98 01 00 ff 98 01 0e 05 00 ff 98 01 00 ff 98 01 74 08 00 ff 98 01 00 ff 98 01 cb 06 04 ff 83 04 00 ff 81 04 00 ff 81 04 00 ff 81 04 00 ff 85 04 00 ff 86 04 00 ff 86 04 00 ff 86 04 00 ff 86 04 00 ff 86 04 00 ff 89 04 00 ff 87 04 00 ff 87 04 00 ff 88 04 50 ff 
[1786974189072] 6d 5c 7e e0 7d 07 01 5c 7e df 7d 07 65 66 03 00 ff 66 03 00 ff 66 03 10 05 70 21 00 ff 66 03 8b 16 0f 05 70 21 00 ff 66 03 8b 16 fb 14 00 ff 66 03 8b 16 00 ff 66 03 8b 16 00 ff 66 03 8b 16 00 ff 66 03 8b 16 0f 05 71 21 00 ff 66 03 0f 05 00 ff 66 03 0f 05 00 ff 66 03 11 05 00 ff 66 03 32 12 0f 05 00 ff 66 03 32 12 0f 05 00 ff 66 03 32 12 0f 05 00 ff 66 03 32 12 0f 05 00 ff 66 03 32 12 00 ff 66 03 32 12 d6 14 01 ff 85 04 00 ff 86 04 0e 05 00 ff 98 01 11 09 ab 0d 00 00 ff 98 01 11 09 00 ff 98 01 11 09 ab 0d 00 00 ff 98 01 0e 05 00 ff 98 01 11 09 ab 0d 00 00 ff 98 01 11 09 00 ff 98 01 11 09 ab 0d 00 00 ff 98 01 0e 05 00 ff 8b 04 00 ff 8b 04 00 ff 8b 04 00 ff 8b 04 00 ff bf 01 8d 04 00 ff b7 01 6a 08 00 ff b7 01 6a 08 01 ff 0e 05 00 ff a1 27 00 ff 98 01 74 08 00 ff a1 27 00 ff 98 01 0e 05 00 ff a1 27 00 ff 98 01 74 08 00 ff a1 27 00 ff 98 01 0e 05 1a 22 08 ff 85 04 00 ff 86 04 00 ff 86 04 00 ff 86 04 00 ff 86 04 00 ff 86 04 00 ff 89 04 00 ff 87 04 00 ff 87 04 00 ff 88 04 50 ff 
[1786974189172] 6d 5c 7e df 7d 07 01 5c 7e de 7d 07 65 66 03 00 ff 66 03 00 ff 66 03 00 ff 66 03 00 ff 66 03 69 07 00 ff 66 03 00 ff 66 03 00 ff 66 03 6a 07 00 ff 66 03 00 ff 66 03 6a 07 00 ff 66 03 6b 07 00 ff 66 03 00 ff 66 03 6c 07 00 ff 66 03 00 ff 66 03 00 ff 66 03 00 ff 66 03 6b 07 00 ff 66 03 01 ff 8a 04 00 ff 10 05 70 21 00 ff 0f 05 00 ff 0f 05 00 ff 0f 05 00 ff 17 05 00 ff 0f 05 00 ff 0f 05 00 ff 0f 05 00 ff 11 05 78 21 08 ff 0e 05 00 ff 98 01 11 09 ab 0d 00 00 ff 98 01 11 09 00 ff 98 01 11 09 ab 0d 00 00 ff 98 01 0e 05 00 ff 98 01 11 09 ab 0d 00 00 ff 98 01 11 09 00 ff 98 01 11 09 ab 0d 00 00 ff 98 01 0e 05 08 ff 85 04 00 ff 86 04 00 ff 86 04 00 ff 86 04 00 ff 86 04 00 ff 86 04 00 ff 89 04 00 ff 87 04 00 ff 87 04 00 ff 88 04 50 ff 
[1786974189272] 6d 5c 7e de 7d 07 01 5b 7e de 7d 07 68 66 03 00 ff 66 03 00 ff 66 03 00 ff 66 03 00 ff 66 03 00 ff 66 03 00 ff 66 03 00 ff 66 03 00 ff 66 03 00 ff 66 03 00 ff 66 03 b3 01 00 ff 66 03 00 ff 66 03 00 ff 66 03 02 ff 8a 04 00 ff 85 04 00 ff 85 04 00 ff 85 04 00 ff 85 04 00 ff 85 04 00 ff 85 04 00 ff 85 04 00 ff 85 04 00 ff 85 04 00 ff 85 04 00 ff 85 04 54 ff 
[1786974189414] 6d 5b 7e de 7d 07 01 5b 7e dd 7d 07 65 66 03 6b 07 00 ff 66 03 00 ff 66 03 00 ff 66 03 00 ff 66 03 00 ff 66 03 62 00 1c 66 01 50 64 02 20 00 00 00 00 00 00 00 00 00 00 3e 00 00 00 00 01 00 ff 00 01 00 ff 66 03 6b 07 00 ff 66 03 00 ff 66 03 00 ff 66 03 69 07 00 ff 66 03 6b 07 00 ff 66 03 6b 07 00 ff 66 03 00 ff 66 03 00 ff 66 03 00 ff 66 03 00 ff 66 03 00 ff 66 03 14 ff 10 05 70 21 00 ff 0f 05 00 ff 0f 05 00 ff 0f 05 00 ff 17 05 00 ff 0f 05 00 ff 0f 05 00 ff 0f 05 00 ff 11 05 78 21 08 ff 85 04 00 ff 86 04 00 ff 86 04 00 ff 86 04 00 ff 86 04 00 ff 86 04 00 ff 89 04 00 ff 87 04 00 ff 87 04 00 ff 88 04 4f ff 
[1786974189663] 6d 5b 7e dd 7d 07 01 5b 7e dc 7d 07 65 66 03 00 ff 66 03 00 ff 66 03 00 ff 66 03 00 ff 66 03 00 ff 66 03 00 ff 66 03 b3 01 00 ff 66 03 6b 07 00 ff 66 03 69 07 00 ff 66 03 00 ff 66 03 69 07 00 ff 66 03 00 ff 66 03 00 ff 66 03 00 ff 66 03 00 ff 66 03 69 07 00 ff 66 03 69 07 00 ff 66 03 25 ff 8a 04 00 ff 8b 04 00 ff 8b 04 00 ff 8b 04 00 ff 8b 04 00 ff 8b 04 00 ff 8e 04 00 ff 8c 04 00 ff 8c 04 00 ff 8d 04 4f ff 
[1786974189767] 6d 5b 7e dc 7d 07 01 5b 7e db 7d 07 65 66 03 30 12 00 ff 66 03 30 12 6a 07 00 ff 66 03 30 12 69 07 00 ff 66 03 34 12 6a 07 00 ff 66 03 69 07 00 ff 66 03 00 ff 66 03 6d 45 00 ff 66 03 e5 07 00 ff 66 03 00 ff 66 03 00 ff 66 03 00 ff 66 03 3d 08 00 ff 66 03 35 12 5a 45 00 ff 66 03 30 12 6b 07 00 ff 66 03 30 12 00 ff 66 03 30 12 00 ff 66 03 30 12 00 ff 66 03 30 12 7e ff 
[1786974189883] 6d 5b 7e db 7d 07 01 5b 7e da 7d 07 65 98 01 b8 01 1f 14 2d 25 00 ff 98 01 b8 01 1f 14 2d 25 00 ff 98 01 b8 01 02 05 2d 25 00 ff 98 01 c1 01 05 05 2d 25 2c 25 00 ff 66 03 00 ff 66 03 3d 08 00 ff 66 03 06 05 00 ff 98 01 02 05 2d 25 00 ff 98 01 02 05 46 45 2d 25 00 ff 98 01 69 06 00 ff 98 01 69 06 00 ff 98 01 02 05 2d 25 00 ff 98 01 31 12 09 05 2d 25 2c 25 00 ff 67 00 fb 04 70 21 00 ff 98 01 f7 04 00 ff 98 01 f7 04 00 ff 98 01 45 44 f7 04 00 ff 98 01 3d 44 f7 04 00 ff bc 13 00 ff bc 13 00 ff bc 13 00 ff ba 13 01 ff c2 01 8b 08 00 ff b8 01 8b 08 6e 08 00 ff b8 01 8b 08 6b 08 00 ff b8 01 8b 08 6b 08 00 ff b8 01 8b 08 6b 08 00 ff b8 01 8b 08 6b 08 00 ff b8 01 8b 08 6b 08 00 ff c1 01 8b 08 be 13 00 ff bc 13 00 ff bc 13 00 ff bc 13 00 ff bc 13 00 ff bc 13 05 ff 8b 08 00 ff 8b 08 00 ff 8b 08 00 ff 8b 08 00 ff 8b 08 00 ff 8b 08 00 ff 8b 08 00 ff 8b 08 5f ff 
[1786974189984] 6d 5b 7e da 7d 07 01 5b 7e d9 7d 07 65 98 01 1c 09 eb 98 00 00 ff 98 01 00 ff 98 01 00 ff 98 01 ba 01 21 14 2c 25 00 ff 66 03 00 ff 66 03 00 ff 66 03 01 05 00 ff 98 01 00 ff 98 01 00 ff 98 01 00 ff 98 01 00 ff 98 01 00 ff 98 01 31 12 01 05 2c 25 00 ff 67 00 f6 04 00 ff 98 01 db 09 00 00 ff 98 01 db 09 00 00 ff 98 01 db 09 00 00 ff 98 01 89 0d 01 00 ff 80 04 00 ff 80 04 00 ff 80 04 00 ff b9 13 01 ff 8b 08 01 05 00 ff 98 01 33 97 06 06 00 00 00 00 03 00 00 02 00 00 ff 98 01 00 ff 98 01 33 97 e5 00 00 00 00 00 00 00 00 02 00 00 ff 98 01 33 97 0c 00 02 5e 4e 4f 00 00 00 02 00 00 ff 98 01 33 97 c9 00 00 00 00 00 00 00 00 02 00 00 ff 98 01 03 05 00 ff ba 01 8b 08 6d 08 82 04 00 ff 80 04 00 ff 80 04 00 ff 80 04 00 ff 80 04 00 ff 80 04 fb 04 70 21 04 ff be 13 00 ff 8b 08 bc 13 00 ff 8b 08 bc 13 00 ff 8b 08 bc 13 00 ff 8b 08 bc 13 00 ff 8b 08 bc 13 00 ff 8b 08 bc 13 00 ff 8b 08 ba 13 00 ff 8b 08 03 ff be 13 00 ff bc 13 5a ff 
[1786974189984] a9 00 01 95 00 41 63 74 69 76 65 20 52 65 73 74 69 6e 67 20 41 72 65 61 20 42 6f 6e 75 73 65 73 3a 20 0a 44 6f 75 62 6c 65 20 48 69 74 20 50 6f 69 6e 74 73 20 52 65 67 65 6e 65 72 61 74 69 6f 6e 2c 0a 44 6f 75 62 6c 65 20 4d 61 6e 61 20 50 6f 69 6e 74 73 20 52 65 67 65 6e 65 72 61 74 69 6f 6e 2c 0a 53 74 61 6d 69 6e 61 20 50 6f 69 6e 74 73 20 52 65 67 65 6e 65 72 61 74 69 6f 6e 2c 0a 53 6f 75 6c 20 50 6f 69 6e 74 73 20 52 65 67 65 6e 65 72 61 74 69 6f 6e 2e 
[1786974189984] a2 40 10 00 00 00 00 00 00 00 
[1786974189984] 5d 09 01 ed 98 00 02 01 0d 00 50 6f 77 65 72 66 75 6c 20 56 6f 69 64 33 00 ae e7 02 00 00 01 11 00 50 6f 77 65 72 66 75 6c 20 45 70 69 70 68 61 6e 79 42 00 ae e7 02 00 00 03 e5 5b 09 00 00 00 00 00 00 00 80 01 01 13 00 42 61 73 69 63 20 46 65 61 74 68 65 72 77 65 69 67 68 74 4c 00 1d 70 00 00 00 04 74 7f 00 02 01 12 00 50 6f 77 65 72 66 75 6c 20 56 61 6d 70 69 72 69 73 6d 30 00 49 22 03 00 00 01 14 00 50 6f 77 65 72 66 75 6c 20 44 72 61 67 6f 6e 20 48 69 64 65 24 00 49 22 03 00 00 05 ee 98 0b 00 00 00 00 ee 01 00 00 00 00 00 00 00 06 28 85 00 03 01 0d 00 50 6f 77 65 72 66 75 6c 20 56 6f 69 64 33 00 84 f9 02 00 00 01 0f 00 50 6f 77 65 72 66 75 6c 20 53 74 72 69 6b 65 03 00 84 f9 02 00 00 01 12 00 50 6f 77 65 72 66 75 6c 20 56 61 6d 70 69 72 69 73 6d 30 00 84 f9 02 00 00 07 bd 8a 00 00 08 81 7b 00 01 00 0a 79 65 00 0b 64 5b 00 00 
[1786974189984] 5e 01 00 01 00 00 00 e0 a5 01 00 00 
[1786974189984] 92 a2 00 00 10 00 
[1786974189984] a9 00 01 95 00 41 63 74 69 76 65 20 52 65 73 74 69 6e 67 20 41 72 65 61 20 42 6f 6e 75 73 65 73 3a 20 0a 44 6f 75 62 6c 65 20 48 69 74 20 50 6f 69 6e 74 73 20 52 65 67 65 6e 65 72 61 74 69 6f 6e 2c 0a 44 6f 75 62 6c 65 20 4d 61 6e 61 20 50 6f 69 6e 74 73 20 52 65 67 65 6e 65 72 61 74 69 6f 6e 2c 0a 53 74 61 6d 69 6e 61 20 50 6f 69 6e 74 73 20 52 65 67 65 6e 65 72 61 74 69 6f 6e 2c 0a 53 6f 75 6c 20 50 6f 69 6e 74 73 20 52 65 67 65 6e 65 72 61 74 69 6f 6e 2e 
[1786974189984] a2 40 10 00 00 00 00 00 00 00 
[1786974189984] b4 15 48 00 59 6f 75 20 61 72 65 20 6e 6f 20 6c 6f 6e 67 65 72 20 72 65 66 69 6c 6c 69 6e 67 20 73 74 61 6d 69 6e 61 2c 20 73 69 6e 63 65 20 79 6f 75 20 6c 65 66 74 20 61 20 72 65 67 65 6e 65 72 61 74 69 6f 6e 20 7a 6f 6e 65 2e 
[1786974190068] b4 15 12 00 59 6f 75 20 61 72 65 20 65 78 68 61 75 73 74 65 64 2e 
[1786974190068] 83 5b 7e d9 7d 07 03 03 00 00 00 
[1786974190092] 6d 5b 7e d9 7d 07 02 5b 7e d8 7d 07 65 98 01 ec 98 00 22 09 00 ff 98 01 eb 98 00 00 ff 98 01 00 ff 98 01 ba 01 21 14 2c 25 00 ff 66 03 00 ff 66 03 06 05 00 ff 98 01 04 05 00 ff 98 01 87 75 01 00 ff 98 01 07 2f 01 00 ff 98 01 00 ff 98 01 00 ff 98 01 f5 83 01 00 ff 98 01 31 12 d0 58 01 05 2c 25 00 ff 67 00 f6 04 5c 0b 00 ff 98 01 25 0b 00 a7 09 00 00 ff 98 01 00 ff 98 01 00 ff 98 01 00 ff 80 04 00 ff 80 04 00 ff 80 04 00 ff b9 13 01 ff 8b 08 01 05 00 ff 98 01 00 ff 98 01 00 ff 98 01 00 ff 98 01 00 ff 98 01 00 ff 98 01 00 ff ba 01 8b 08 6d 08 82 04 00 ff 80 04 00 ff 80 04 00 ff 80 04 00 ff 80 04 00 ff 98 01 f6 04 04 ff 82 04 00 ff 80 04 00 ff 80 04 00 ff 80 04 00 ff 80 04 00 ff 80 04 00 ff 80 04 00 ff 8b 08 b9 13 00 ff 8b 08 03 ff 82 04 00 ff 80 04 5a ff 
[1786974190196] 6d 5b 7e d8 7d 07 01 5b 7e d7 7d 07 65 98 01 15 09 eb 98 00 00 ff 98 01 a8 09 00 00 ff 98 01 33 97 4c 03 00 00 00 00 00 00 00 02 00 00 ff 98 01 ba 01 01 05 2c 25 00 ff 66 03 00 ff 66 03 01 05 cb 58 00 ff 98 01 da 75 00 ff 98 01 16 1d 00 ff 98 01 d0 58 00 ff 98 01 d0 58 00 ff 98 01 d0 58 f7 58 00 ff 98 01 d0 58 00 ff 98 01 31 12 d0 58 01 05 2c 25 00 ff 67 00 f6 04 00 ff 98 01 00 ff 98 01 00 ff 98 01 00 ff 98 01 00 ff 80 04 00 ff 80 04 00 ff 80 04 00 ff b9 13 00 ff 06 05 00 ff 98 01 0a 05 00 ff 98 01 02 05 00 ff 98 01 23 19 00 ff 98 01 1f 14 5e 0b 00 ff 98 01 09 05 00 ff 98 01 69 06 00 ff 98 01 05 05 00 ff c0 01 82 04 00 ff 80 04 00 ff 80 04 00 ff 80 04 00 ff 80 04 00 ff 98 01 f6 04 03 ff be 13 00 ff bd 13 00 ff 80 04 00 ff 80 04 00 ff 80 04 00 ff 80 04 00 ff 80 04 00 ff 80 04 00 ff 8b 08 b9 13 00 ff 8b 08 03 ff 82 04 00 ff 80 04 5a ff 
[1786974190296] 6d 5b 7e d7 7d 07 01 5c 7e d7 7d 07 66 98 01 58 06 00 ff 98 01 59 06 00 ff 98 01 f6 04 00 ff 98 01 fe 04 e9 17 00 ff 66 03 30 12 00 ff 66 03 00 ff 66 03 ff 0d 12 6b 07 00 ff 66 03 00 ff 66 03 32 12 d6 14 00 ff 67 00 02 05 00 ff 98 01 a6 0b 00 ff 98 01 6f 0b 82 09 00 00 ff 98 01 04 05 00 ff 98 01 9b 07 00 ff 98 01 00 ff 98 01 a5 0b 00 ff 98 01 29 19 00 ff ba 13 04 ff b7 01 6a 08 00 ff 98 01 00 ff 98 01 02 05 00 ff 98 01 00 ff 98 01 00 ff 98 01 00 ff 80 04 00 ff 80 04 00 ff bc 13 06 ff 81 04 00 ff 80 04 00 ff 80 04 00 ff 80 04 00 ff 80 04 46 ff 
[1786974190299] a9 00 01 95 00 41 63 74 69 76 65 20 52 65 73 74 69 6e 67 20 41 72 65 61 20 42 6f 6e 75 73 65 73 3a 20 0a 44 6f 75 62 6c 65 20 48 69 74 20 50 6f 69 6e 74 73 20 52 65 67 65 6e 65 72 61 74 69 6f 6e 2c 0a 44 6f 75 62 6c 65 20 4d 61 6e 61 20 50 6f 69 6e 74 73 20 52 65 67 65 6e 65 72 61 74 69 6f 6e 2c 0a 53 74 61 6d 69 6e 61 20 50 6f 69 6e 74 73 20 52 65 67 65 6e 65 72 61 74 69 6f 6e 2c 0a 53 6f 75 6c 20 50 6f 69 6e 74 73 20 52 65 67 65 6e 65 72 61 74 69 6f 6e 2e 
[1786974190299] a2 40 10 00 00 00 00 00 00 00 
[1786974190299] a9 00 01 95 00 41 63 74 69 76 65 20 52 65 73 74 69 6e 67 20 41 72 65 61 20 42 6f 6e 75 73 65 73 3a 20 0a 44 6f 75 62 6c 65 20 48 69 74 20 50 6f 69 6e 74 73 20 52 65 67 65 6e 65 72 61 74 69 6f 6e 2c 0a 44 6f 75 62 6c 65 20 4d 61 6e 61 20 50 6f 69 6e 74 73 20 52 65 67 65 6e 65 72 61 74 69 6f 6e 2c 0a 53 74 61 6d 69 6e 61 20 50 6f 69 6e 74 73 20 52 65 67 65 6e 65 72 61 74 69 6f 6e 2c 0a 53 6f 75 6c 20 50 6f 69 6e 74 73 20 52 65 67 65 6e 65 72 61 74 69 6f 6e 2e 
[1786974190299] a2 40 10 00 00 00 00 00 00 00 
[1786974190381] ef 11 04 
[1786974190469] 6d 5c 7e d7 7d 07 01 5d 7e d7 7d 07 66 98 01 00 ff 98 01 00 ff 98 01 00 ff 98 01 f7 04 00 ff 66 03 30 12 00 ff 66 03 00 ff 66 03 00 ff 66 03 00 ff 66 03 36 12 00 ff 66 03 33 12 02 05 5e 0b 00 ff 98 01 00 ff 98 01 00 ff 98 01 00 ff 98 01 00 ff 98 01 00 ff 98 01 a5 0b 00 ff 98 01 f7 04 05 ff b7 01 6a 08 00 ff 98 01 00 ff 98 01 60 06 00 ff 98 01 00 ff 98 01 00 ff 98 01 00 ff 80 04 00 ff 80 04 00 ff bc 13 06 ff 81 04 00 ff 80 04 00 ff 80 04 00 ff 80 04 00 ff 80 04 46 ff 
[1786974190574] 6d 5d 7e d7 7d 07 01 5e 7e d7 7d 07 66 98 01 10 09 00 ff 98 01 10 09 00 ff 98 01 10 09 6f 0b 00 ff 98 01 29 19 00 ff 66 03 30 12 00 ff 66 03 00 ff 66 03 6a 07 00 ff 66 03 00 ff 66 03 00 ff 66 03 60 06 00 ff 98 01 00 ff 98 01 00 ff 98 01 00 ff 98 01 00 ff 98 01 f3 13 00 ff 98 01 f6 04 00 ff 98 01 fe 04 05 ff b7 01 6a 08 00 ff 98 01 00 ff 98 01 02 05 5e 0b 00 ff 98 01 83 09 00 00 ff 98 01 00 ff 98 01 83 09 00 00 ff 80 04 00 ff 80 04 00 ff bc 13 06 ff 81 04 00 ff 80 04 00 ff 80 04 00 ff 80 04 00 ff 80 04 46 ff 
[1786974190614] 83 5e 7e cc 7d 07 04 04 00 ff 02 00 00 
[1786974190679] 6d 5e 7e d7 7d 07 01 5f 7e d7 7d 07 66 98 01 d5 15 00 ff 98 01 d5 15 00 ff 98 01 d8 15 00 ff 98 01 f7 04 71 0b 00 ff 66 03 30 12 00 ff 66 03 00 ff 66 03 00 ff 66 03 00 ff 66 03 00 ff 66 03 60 06 00 ff 98 01 00 ff 98 01 00 ff 98 01 83 09 00 00 ff 98 01 00 ff 98 01 00 ff 98 01 00 ff 98 01 f7 04 05 ff b7 01 6a 08 00 ff 98 01 00 ff 98 01 02 05 00 ff 98 01 84 09 00 00 ff 98 01 00 ff 98 01 84 09 00 00 ff 80 04 00 ff 80 04 00 ff bc 13 06 ff 81 04 00 ff 80 04 00 ff 80 04 00 ff 80 04 00 ff 80 04 46 ff 
[1786974190746] 6d 58 7e d7 7d 07 01 59 7e d7 7d 07 
[1786974190791] 6d 5f 7e d7 7d 07 01 60 7e d7 7d 07 66 98 01 d6 15 00 ff 98 01 d6 15 00 ff 98 01 d9 15 00 ff 98 01 f7 04 00 ff 66 03 30 12 00 ff 66 03 00 ff 66 03 6c 07 00 ff 66 03 00 ff 66 03 00 ff 66 03 02 05 5e 0b 00 ff 98 01 00 ff 98 01 00 ff 98 01 84 09 00 00 ff 98 01 00 ff 98 01 00 ff 98 01 00 ff 98 01 f7 04 05 ff b7 01 6a 08 00 ff 98 01 00 ff 98 01 02 05 00 ff 98 01 84 09 00 00 ff 98 01 00 ff 98 01 84 09 00 00 ff 80 04 00 ff 80 04 00 ff bc 13 06 ff 81 04 00 ff 80 04 00 ff 80 04 00 ff 80 04 00 ff 80 04 46 ff 
[1786974190891] 6d 60 7e d7 7d 07 01 61 7e d7 7d 07 66 98 01 d6 15 36 09 00 ff 98 01 d6 15 00 ff 98 01 d9 15 eb 09 00 ff 98 01 29 19 00 ff 66 03 30 12 69 07 00 ff 66 03 6b 07 00 ff 66 03 00 ff 66 03 00 ff 66 03 37 12 00 ff 66 03 31 12 02 05 00 ff 98 01 a6 0b 00 ff 98 01 00 ff 98 01 85 09 00 00 ff 98 01 00 ff 98 01 00 ff 98 01 00 ff 98 01 29 19 05 ff b7 01 6a 08 00 ff 98 01 00 ff 98 01 04 05 00 ff 98 01 01 05 00 ff 98 01 26 19 00 ff 98 01 22 14 00 ff 80 04 00 ff 80 04 00 ff bc 13 06 ff b8 13 00 ff b9 13 00 ff b9 13 b8 13 00 ff b9 13 00 ff b9 13 46 ff 
[1786974190991] 6d 61 7e d7 7d 07 01 62 7e d7 7d 07 66 98 01 d6 15 00 ff 98 01 d6 15 00 ff 98 01 d9 15 00 ff 98 01 f7 04 00 ff 66 03 30 12 00 ff 66 03 6b 07 00 ff 66 03 00 ff 66 03 00 ff 66 03 32 12 00 ff 67 00 04 05 00 ff 98 01 01 05 2c 25 00 ff 98 01 01 05 2c 25 00 ff 98 01 26 19 00 ff 98 01 21 14 2c 25 00 ff 98 01 00 ff 98 01 00 ff 98 01 f7 04 05 ff c0 01 85 14 00 ff ba 01 6d 08 6f 08 00 ff ba 01 6d 08 00 ff c1 01 02 ff 80 04 00 ff 80 04 00 ff bc 13 51 ff 
[1786974191091] 6d 62 7e d7 7d 07 01 63 7e d7 7d 07 66 98 01 d7 15 00 ff 98 01 d7 15 00 ff 98 01 da 15 00 ff 98 01 f7 04 00 ff 66 03 30 12 3e 45 00 ff 66 03 00 ff 66 03 00 ff 66 03 69 07 00 ff 66 03 32 12 00 ff 67 00 53 45 00 ff 67 00 eb 11 00 ff 68 00 00 ff 68 00 00 ff 68 00 00 ff 98 01 2a 19 00 ff 98 01 f6 04 00 ff 98 01 fa 04 70 21 0b ff b9 13 00 ff b9 13 00 ff ba 13 51 ff 
[1786974191191] 6d 63 7e d7 7d 07 01 64 7e d7 7d 07 66 98 01 f6 04 00 ff 98 01 2a 19 00 ff 98 01 f6 04 00 ff 98 01 fa 04 70 21 00 ff 66 03 30 12 ad 0d 00 ff 66 03 6c 07 00 ff 66 03 6b 07 00 ff 66 03 6b 07 00 ff 66 03 32 12 00 ff 67 00 ba 11 00 ff 67 00 eb 11 6a 02 00 ff 68 00 6a 02 00 ff 68 00 b4 11 00 ff 68 00 b4 11 62 ff 
[1786974191291] 6d 64 7e d7 7d 07 01 65 7e d7 7d 07 66 66 03 36 12 a5 0b 00 ff 66 03 33 12 a5 0b 00 ff 66 03 33 12 de 09 00 ff 66 03 33 12 e6 07 00 ff 66 03 34 12 5b 45 6a 07 00 ff 66 03 00 ff 66 03 00 ff 66 03 6a 07 00 ff 66 03 36 12 3d 08 00 ff 66 03 33 12 b5 11 47 18 00 ff a3 11 26 0e 00 ff a3 11 49 0e 00 ff a3 11 26 0e 00 ff a3 11 af 55 62 ff 
[1786974191397] 6d 65 7e d7 7d 07 01 66 7e d7 7d 07 66 66 03 00 ff 66 03 00 ff 66 03 00 ff 66 03 00 ff 66 03 6c 07 00 ff 66 03 6c 07 00 ff 66 03 00 ff 66 03 00 ff 66 03 00 ff 66 03 b9 11 00 ff 66 03 b6 11 00 ff 66 03 b6 11 00 ff 66 03 b6 11 00 ff 66 03 b6 11 62 ff 
[1786974191498] 6d 66 7e d7 7d 07 01 67 7e d7 7d 07 66 66 03 00 ff 66 03 00 ff 66 03 00 ff 66 03 00 ff 66 03 6a 07 00 ff 66 03 6a 07 00 ff 66 03 6b 07 00 ff 66 03 6c 07 00 ff 66 03 00 ff 66 03 00 ff 66 03 00 ff 66 03 00 ff 66 03 00 ff 66 03 62 ff 
[1786974191598] 6d 67 7e d7 7d 07 01 68 7e d7 7d 07 66 66 03 00 ff 66 03 00 ff 66 03 00 ff 66 03 00 ff 66 03 00 ff 66 03 00 ff 66 03 00 ff 66 03 00 ff 66 03 00 ff 66 03 00 ff 66 03 00 ff 66 03 00 ff 66 03 00 ff 66 03 62 ff 
[1786974191698] 6d 68 7e d7 7d 07 01 69 7e d7 7d 07 66 66 03 b4 11 00 ff 66 03 b8 11 00 ff 66 03 00 ff 66 03 62 00 68 02 00 80 64 00 8c 00 60 51 4f 5f 00 00 00 00 d7 37 00 00 00 00 02 01 ff 00 01 00 ff 66 03 b3 01 00 ff 66 03 00 ff 66 03 6c 07 00 ff 66 03 00 ff 66 03 00 ff 66 03 ba 11 00 ff 66 03 b4 11 00 ff 66 03 b4 11 00 ff 66 03 b4 11 00 ff 66 03 b4 11 62 ff 
[1786974191805] 6d 69 7e d7 7d 07 01 6a 7e d7 7d 07 66 a3 11 26 0e 00 ff 66 03 bc 11 00 ff 66 03 b4 11 00 ff 66 03 b4 11 3d 08 00 ff 66 03 b8 11 3f 45 00 ff 66 03 00 ff 66 03 00 ff 66 03 6a 07 00 ff 66 03 37 12 00 ff 66 03 31 12 b5 11 00 ff a3 11 26 0e 00 ff a3 11 49 0e 00 ff b0 11 26 0e 00 ff a6 11 46 0e 62 ff 
[1786974191905] 6d 6a 7e d7 7d 07 01 6b 7e d7 7d 07 66 a3 11 00 ff a6 11 00 ff ac 11 00 ff a3 11 00 ff 66 03 b3 11 e5 07 69 07 00 ff 66 03 6b 07 00 ff 66 03 00 ff 66 03 6c 07 00 ff 66 03 32 12 00 ff 67 00 b9 11 63 45 00 ff 67 00 eb 11 b6 11 00 ff 68 00 b6 11 00 ff 68 00 b6 11 00 ff 68 00 b6 11 62 ff 
[1786974192005] 6d 6b 7e d7 7d 07 01 6c 7e d7 7d 07 66 b0 11 00 ff a3 11 21 0e 00 ff a3 11 00 ff a5 11 00 ff 66 03 b3 11 00 ff 66 03 6c 07 00 ff 66 03 6b 07 00 ff 66 03 6c 07 00 ff 66 03 32 12 00 ff 67 00 00 ff 67 00 eb 11 00 ff 68 00 00 ff 68 00 00 ff 68 00 62 ff 
[1786974192109] 6d 6c 7e d7 7d 07 01 6d 7e d7 7d 07 66 a3 11 00 ff a8 11 e0 21 00 ff f5 11 e7 21 00 ff a7 11 e6 21 00 ff 66 03 b3 11 00 ff 66 03 00 ff 66 03 00 ff 66 03 00 ff 66 03 32 12 00 ff 67 00 00 ff 67 00 eb 11 00 ff 68 00 00 ff 68 00 00 ff 68 00 01 ff 0f 1f 06 ff bf 01 00 ff b9 01 6c 08 00 ff b9 01 6c 08 00 ff b9 01 6c 08 00 ff b9 01 6c 08 00 ff b9 01 6c 08 54 ff 
[1786974192226] 6d 6d 7e d7 7d 07 01 6e 7e d7 7d 07 66 aa 11 46 0e 00 ff f5 11 e1 21 00 ff a3 11 e8 21 00 ff f5 11 e5 21 00 ff 66 03 b3 11 00 ff 66 03 6b 07 00 ff 66 03 6b 07 00 ff 66 03 6a 07 00 ff 66 03 32 12 62 45 00 ff 67 00 03 05 00 ff 67 00 21 14 00 ff 21 14 00 ff a6 11 21 14 00 ff a3 11 01 05 5c 0b 08 ff b7 01 6a 08 00 ff 98 01 00 ff b2 01 00 ff 98 01 00 ff 98 01 00 ff 98 01 54 ff 
[1786974192301] 1d 
[1786974192301] a9 00 01 95 00 41 63 74 69 76 65 20 52 65 73 74 69 6e 67 20 41 72 65 61 20 42 6f 6e 75 73 65 73 3a 20 0a 44 6f 75 62 6c 65 20 48 69 74 20 50 6f 69 6e 74 73 20 52 65 67 65 6e 65 72 61 74 69 6f 6e 2c 0a 44 6f 75 62 6c 65 20 4d 61 6e 61 20 50 6f 69 6e 74 73 20 52 65 67 65 6e 65 72 61 74 69 6f 6e 2c 0a 53 74 61 6d 69 6e 61 20 50 6f 69 6e 74 73 20 52 65 67 65 6e 65 72 61 74 69 6f 6e 2c 0a 53 6f 75 6c 20 50 6f 69 6e 74 73 20 52 65 67 65 6e 65 72 61 74 69 6f 6e 2e 
[1786974192301] a2 40 10 00 00 00 00 00 00 00 
[1786974192329] 6d 6e 7e d7 7d 07 01 6f 7e d7 7d 07 66 ae 11 00 ff a3 11 e2 21 00 ff f5 11 e3 21 00 ff a3 11 e4 21 00 ff 66 03 b3 11 00 ff 66 03 00 ff 66 03 6a 07 00 ff 66 03 00 ff 66 03 32 12 00 ff 67 00 20 14 00 ff 98 01 07 05 00 ff 98 01 9b 07 00 ff 98 01 00 ff 98 01 08 ff b7 01 6a 08 00 ff 98 01 00 ff 98 01 00 ff 98 01 00 ff 98 01 00 ff 98 01 07 ff 8a 04 00 ff 85 04 00 ff 85 04 00 ff 85 04 00 ff 85 04 00 ff 85 04 00 ff 85 04 46 ff 
[1786974192436] 6d 6f 7e d7 7d 07 01 70 7e d7 7d 07 66 a3 11 00 ff ae 11 00 ff a9 11 00 ff aa 11 de 07 00 ff 66 03 b3 11 00 ff 66 03 00 ff 66 03 6c 07 00 ff 66 03 00 ff 66 03 36 12 00 ff 66 03 33 12 1f 14 00 ff 98 01 00 ff 98 01 00 ff 98 01 00 ff 98 01 08 ff 03 05 6a 08 00 ff 98 01 01 05 00 ff 98 01 01 05 00 ff 98 01 01 05 5b 0b 00 ff 98 01 66 06 00 ff 98 01 08 05 07 ff 8b 04 00 ff 86 04 00 ff 86 04 00 ff 86 04 00 ff 86 04 00 ff 86 04 00 ff 86 04 46 ff 
[1786974192536] 6d 70 7e d7 7d 07 01 71 7e d7 7d 07 66 a3 11 21 0e 00 ff a3 11 4a 18 00 ff a6 11 00 ff a3 11 26 0e 00 ff 66 03 b3 11 6c 07 00 ff 66 03 00 ff 66 03 00 ff 66 03 00 ff 66 03 00 ff 66 03 62 06 00 ff 98 01 00 ff 98 01 00 ff 98 01 00 ff 98 01 03 05 08 ff 02 05 00 ff 98 01 00 ff 98 01 00 ff 98 01 16 09 00 ff 98 01 00 ff 98 01 02 05 07 ff 8b 04 00 ff 86 04 00 ff 86 04 00 ff 86 04 00 ff 86 04 00 ff 86 04 00 ff 86 04 46 ff 
[1786974192537] 1e 
[1786974192636] 6d 71 7e d7 7d 07 01 72 7e d7 7d 07 66 34 25 33 01 00 ff 34 25 33 01 00 ff 35 25 33 01 00 ff 66 03 43 25 34 01 b6 11 00 ff 66 03 b7 11 00 ff 66 03 00 ff 66 03 00 ff 66 03 6c 07 00 ff 66 03 00 ff 66 03 63 06 00 ff 98 01 00 ff 98 01 00 ff 98 01 00 ff 98 01 02 05 08 ff 02 05 26 0a 00 ff 98 01 00 ff 98 01 00 ff 98 01 17 09 00 ff 98 01 00 ff 98 01 02 05 07 ff 8e 04 00 ff 89 04 00 ff 89 04 00 ff 89 04 00 ff 89 04 00 ff 89 04 00 ff 89 04 46 ff 
[1786974192739] 6d 72 7e d7 7d 07 01 72 7e d8 7d 07 67 98 01 85 09 00 00 ff 98 01 21 14 2c 25 00 ff 68 00 00 ff 68 00 b4 11 00 ff a3 11 26 0e 00 ff 66 03 b6 11 00 ff 66 03 00 ff 66 03 b3 01 00 ff 66 03 b4 11 00 ff ae 11 26 0e 00 ff 68 00 b6 11 00 ff 68 00 00 ff 68 00 00 ff a3 11 26 19 00 ff 98 01 00 ff 98 01 00 ff 98 01 01 05 00 ff 98 01 00 ff 98 01 26 19 0b ff b9 01 6c 08 00 ff 98 01 00 ff 98 01 00 ff 98 01 66 06 00 ff 98 01 00 ff 98 01 00 ff b9 13 0a ff 8a 04 00 ff 8b 04 00 ff 8b 04 00 ff 85 04 8b 04 00 ff 86 04 00 ff 86 04 00 ff 89 04 5a ff 
[1786974192752] 6d 72 7e d4 7d 07 01 71 7e d4 7d 07 
[1786974192895] 6d 72 7e d8 7d 07 01 72 7e d9 7d 07 67 98 01 00 ff 98 01 26 19 00 ff 68 00 00 ff 68 00 b4 11 00 ff a3 11 49 0e 00 ff 66 03 b6 11 00 ff 66 03 00 ff 66 03 00 ff 66 03 b4 11 00 ff a3 11 49 0e 00 ff 68 00 b6 11 00 ff 68 00 00 ff 68 00 00 ff a3 11 7c 12 21 14 00 ff 98 01 00 ff 98 01 00 ff 98 01 66 06 00 ff 98 01 00 ff 98 01 22 14 0b ff b9 01 03 05 6c 08 00 ff 98 01 02 05 00 ff 98 01 02 05 00 ff 98 01 07 05 5b 0b 00 ff 98 01 16 09 00 ff 98 01 17 09 00 ff b9 13 0a ff 85 04 00 ff 86 04 00 ff 86 04 00 ff 86 04 00 ff 86 04 00 ff 86 04 00 ff 89 04 5a ff 
[1786974193003] 6d 72 7e d9 7d 07 01 72 7e da 7d 07 67 98 01 85 09 00 00 ff 98 01 21 14 2c 25 00 ff 68 00 00 ff 68 00 b4 11 00 ff af 11 26 0e 00 ff 66 03 b6 11 00 ff 66 03 00 ff 66 03 00 ff 66 03 b4 11 00 ff ae 11 26 0e 00 ff 68 00 b6 11 00 ff 68 00 00 ff 68 00 00 ff a3 11 79 12 08 05 00 ff 98 01 02 05 00 ff 98 01 02 05 00 ff 98 01 07 05 5b 0b 00 ff 98 01 16 09 00 ff 98 01 26 19 0b ff 01 05 00 ff 98 01 00 ff 98 01 00 ff 98 01 01 05 2d 0a 00 ff 98 01 00 ff 98 01 00 ff b9 13 0a ff 85 04 00 ff 86 04 00 ff 86 04 00 ff 86 04 00 ff 86 04 00 ff 86 04 00 ff 89 04 5a ff 
[1786974193107] 6d 72 7e da 7d 07 02 72 7e db 7d 07 67 98 01 00 ff 98 01 21 14 2c 25 00 ff 68 00 00 ff 68 00 b4 11 00 ff a3 11 46 0e 00 ff 66 03 b6 11 00 ff 66 03 00 ff 66 03 00 ff 66 03 b4 11 00 ff ae 11 46 0e 00 ff 68 00 b6 11 00 ff 68 00 00 ff 68 00 00 ff a3 11 79 12 01 05 00 ff 98 01 00 ff 98 01 00 ff 98 01 01 05 2d 0a 00 ff 98 01 00 ff 98 01 22 14 0b ff 21 14 5b 0b 00 ff 98 01 00 ff 98 01 00 ff 98 01 01 05 2d 0a 00 ff 98 01 00 ff 98 01 00 ff b9 13 0a ff 85 04 00 ff 86 04 00 ff 86 04 00 ff 86 04 00 ff 86 04 00 ff 86 04 00 ff 89 04 5a ff 
[1786974193207] 6d 72 7e db 7d 07 02 71 7e db 7d 07 68 66 03 30 12 00 ff 66 03 00 ff 66 03 6c 07 00 ff 66 03 00 ff 66 03 00 ff 66 03 02 05 5e 0b 00 ff 98 01 00 ff 98 01 00 ff 98 01 84 09 00 00 ff 98 01 00 ff 98 01 84 09 00 00 ff 98 01 00 ff 98 01 84 09 00 00 ff 98 01 04 ff b7 01 6a 08 00 ff 98 01 00 ff 98 01 02 05 00 ff 98 01 84 09 00 00 ff 98 01 00 ff 98 01 84 09 00 00 ff 98 01 00 ff 98 01 85 09 00 00 ff 98 01 00 ff 98 01 39 09 05 ff 81 04 00 ff 80 04 00 ff 80 04 00 ff 80 04 00 ff 80 04 00 ff 80 04 00 ff 80 04 00 ff 80 04 00 ff 80 04 46 ff 
[1786974193307] 6d 71 7e db 7d 07 01 71 7e dc 7d 07 67 98 01 6f 0b 0f 09 00 ff 98 01 39 09 00 ff 98 01 24 19 00 ff 68 00 00 ff 68 00 b4 11 00 ff a3 11 26 0e 00 ff 66 03 b6 11 00 ff 66 03 00 ff 66 03 00 ff 66 03 b4 11 00 ff a3 11 26 0e 00 ff 68 00 b6 11 00 ff 68 00 00 ff 68 00 00 ff a3 11 79 12 21 14 5b 0b 00 ff 98 01 00 ff 98 01 00 ff 98 01 01 05 2d 0a 00 ff 98 01 02 05 00 ff 98 01 05 05 0b ff 21 14 00 ff 98 01 00 ff 98 01 00 ff 98 01 66 06 00 ff 98 01 00 ff bc 13 00 ff ba 13 0a ff 85 04 00 ff 86 04 00 ff 86 04 00 ff 86 04 00 ff 86 04 00 ff 86 04 5a ff 
[1786974193528] 6d 71 7e dc 7d 07 01 71 7e dd 7d 07 67 98 01 f0 11 0a 05 00 ff 98 01 02 05 2d 25 00 ff 98 01 05 05 2c 25 2d 25 00 ff 68 00 00 ff 68 00 b4 11 00 ff a7 11 48 0e 00 ff 66 03 b6 11 00 ff 66 03 00 ff 66 03 00 ff 66 03 b4 11 00 ff a6 11 48 0e 00 ff 68 00 b6 11 00 ff 68 00 00 ff 68 00 b4 11 00 ff a3 11 7a 12 21 14 00 ff 98 01 00 ff 98 01 00 ff 98 01 66 06 0d ff 08 05 00 ff 98 01 0a 05 00 ff 98 01 02 05 00 ff 98 01 09 05 00 ff 98 01 02 05 5d 0b 00 ff 8a 04 00 ff 8b 04 00 ff 8b 04 00 ff 8b 04 00 ff 8b 04 00 ff 8b 04 00 ff 8e 04 00 ff 8c 04 00 ff 8c 04 00 ff 8c 04 00 ff 8c 04 00 ff 8c 04 00 ff 8c 04 00 ff 82 04 8d 04 00 ff 80 04 00 ff 80 04 00 ff 80 04 00 ff 80 04 5a ff 
[1786974193633] 6d 71 7e dd 7d 07 01 71 7e de 7d 07 67 98 01 01 05 2c 25 00 ff 68 00 00 ff 68 00 00 ff 68 00 00 ff 68 00 b4 11 00 ff a7 11 47 18 00 ff 66 03 b6 11 00 ff 66 03 00 ff 66 03 00 ff 66 03 b4 11 00 ff a7 11 49 0e 00 ff 68 00 b6 11 00 ff 68 00 00 ff 68 00 b4 11 00 ff ae 11 08 05 00 ff 98 01 0a 05 00 ff 98 01 02 05 00 ff 98 01 09 05 01 ff 10 05 00 ff 0f 05 00 ff 0f 05 00 ff 0f 05 70 21 00 ff 79 21 00 ff 79 21 00 ff 79 21 00 ff 79 21 00 ff 79 21 00 ff 0f 05 71 21 00 ff 0f 05 00 ff 0f 05 00 ff 17 05 00 ff 01 05 00 ff 98 01 00 ff 98 01 00 ff 98 01 14 09 00 ff 85 04 00 ff 86 04 00 ff 86 04 00 ff 86 04 00 ff 86 04 00 ff 86 04 00 ff 89 04 00 ff 87 04 00 ff 87 04 00 ff 87 04 00 ff 87 04 00 ff 87 04 00 ff 87 04 00 ff 82 04 88 04 00 ff 80 04 00 ff 80 04 00 ff 80 04 00 ff 80 04 5a ff 
[1786974193734] 6d 71 7e de 7d 07 01 71 7e df 7d 07 67 98 01 01 05 2c 25 00 ff 68 00 00 ff 68 00 b6 11 10 05 00 ff 68 00 0f 05 00 ff 68 00 b4 11 0f 05 5e 0b 00 ff a7 11 0f 05 70 21 00 ff 66 03 b6 11 8b 16 00 ff 66 03 8b 16 00 ff 66 03 8b 16 00 ff 66 03 b4 11 8b 16 00 ff a7 11 8b 16 47 18 00 ff 68 00 b6 11 0f 05 71 21 00 ff 68 00 0f 05 5e 0b 00 ff 68 00 b4 11 0f 05 00 ff a3 11 17 05 00 ff a3 11 01 05 00 ff 98 01 00 ff 98 01 01 ff 0e 05 0b ff 15 05 00 ff 21 14 5b 0b 00 ff 98 01 00 ff 98 01 00 ff 98 01 15 09 00 ff 85 04 00 ff 86 04 00 ff 86 04 00 ff 86 04 00 ff 86 04 00 ff 86 04 00 ff 89 04 00 ff 87 04 00 ff 87 04 00 ff 87 04 00 ff 87 04 00 ff 87 04 00 ff 87 04 00 ff 82 04 88 04 00 ff 80 04 00 ff 80 04 00 ff 80 04 00 ff 80 04 5a ff 
[1786974193834] 6d 71 7e df 7d 07 01 71 7e e0 7d 07 67 98 01 21 14 2c 25 00 ff 68 00 00 ff 68 00 0e 05 00 ff 99 01 3e 08 00 ff 99 01 00 ff 99 01 8c 16 a7 21 00 ff 99 01 8c 16 00 ff 99 01 8c 16 00 ff 99 01 8c 16 00 ff 99 01 8c 16 00 ff 99 01 8c 16 00 ff 99 01 8c 16 00 ff 99 01 a7 21 00 ff 99 01 3e 08 00 ff 99 01 15 05 00 ff a6 11 01 05 5b 0b 00 ff 98 01 00 ff 98 01 01 ff 0e 05 0b ff 15 05 00 ff 01 05 2d 0a 00 ff 98 01 00 ff 98 01 00 ff 98 01 22 09 00 ff 85 04 00 ff 86 04 00 ff 86 04 00 ff 86 04 00 ff 86 04 00 ff 86 04 00 ff 89 04 00 ff 87 04 00 ff 87 04 00 ff 87 04 00 ff 87 04 00 ff 87 04 00 ff 87 04 00 ff 82 04 88 04 00 ff 80 04 00 ff 80 04 00 ff 80 04 00 ff 80 04 5a ff 
[1786974193972] 6d 71 7e e0 7d 07 01 71 7e e1 7d 07 67 98 01 21 14 2c 25 00 ff 68 00 00 ff 68 00 0e 05 00 ff 99 01 00 ff 99 01 82 07 00 ff 99 01 83 07 00 ff 99 01 00 ff 99 01 00 ff 99 01 00 ff 99 01 00 ff 99 01 00 ff 99 01 00 ff 99 01 00 ff 99 01 00 ff 99 01 15 05 00 ff a3 11 01 05 2d 0a 00 ff 98 01 00 ff 98 01 00 ff c0 01 00 ff 0e 05 0b ff 15 05 00 ff 01 05 2d 0a 00 ff 98 01 00 ff 98 01 00 ff 98 01 14 09 00 ff 85 04 00 ff 86 04 00 ff 86 04 00 ff 86 04 00 ff 86 04 00 ff 86 04 00 ff 89 04 00 ff 87 04 00 ff 87 04 00 ff 87 04 00 ff 87 04 00 ff 87 04 00 ff 87 04 00 ff 82 04 88 04 00 ff 80 04 00 ff 80 04 00 ff 80 04 00 ff 80 04 5a ff 
[1786974194072] 6d 71 7e e1 7d 07 01 71 7e e2 7d 07 67 98 01 01 05 2c 25 00 ff 68 00 00 ff 68 00 0e 05 5c 0b 00 ff 99 01 00 ff 99 01 84 07 00 ff 99 01 85 07 00 ff 99 01 00 ff 99 01 00 ff 99 01 00 ff 99 01 00 ff 99 01 00 ff 99 01 00 ff 99 01 00 ff 99 01 00 ff 99 01 15 05 00 ff a3 11 01 05 2d 0a 00 ff 98 01 00 ff 98 01 00 ff ba 01 6f 08 00 ff 0e 05 0b ff 15 05 00 ff 21 14 5b 0b 00 ff 98 01 00 ff 98 01 00 ff 98 01 15 09 00 ff 85 04 00 ff 86 04 00 ff 86 04 00 ff 86 04 00 ff 86 04 00 ff 86 04 00 ff 89 04 00 ff 87 04 00 ff 87 04 00 ff 87 04 00 ff 87 04 00 ff 87 04 00 ff 87 04 00 ff 82 04 88 04 00 ff 80 04 00 ff 80 04 00 ff 80 04 00 ff 80 04 5a ff 
[1786974194175] 6d 71 7e e2 7d 07 01 71 7e e3 7d 07 67 98 01 24 19 00 ff 68 00 00 ff 68 00 0e 05 00 ff 99 01 00 ff 99 01 00 ff 99 01 00 ff 99 01 00 ff 99 01 00 ff 99 01 00 ff 99 01 00 ff 99 01 00 ff 99 01 00 ff 99 01 00 ff 99 01 00 ff 99 01 15 05 00 ff a3 11 01 05 5b 0b 00 ff 98 01 00 ff 98 01 00 ff ba 01 6d 08 00 ff 0e 05 01 ff 69 08 07 ff 69 08 01 ff 15 05 00 ff 06 05 00 ff 98 01 1f 14 00 ff 98 01 1f 14 00 ff 98 01 1f 14 00 ff 85 04 00 ff 86 04 00 ff 86 04 00 ff 86 04 00 ff 86 04 00 ff 86 04 00 ff 89 04 00 ff 87 04 00 ff 87 04 00 ff 87 04 00 ff 87 04 00 ff 87 04 00 ff 87 04 00 ff 88 04 be 13 00 ff bc 13 00 ff bc 13 00 ff bc 13 00 ff bc 13 5a ff 
[1786974194279] 6d 71 7e e3 7d 07 01 71 7e e4 7d 07 67 98 01 01 05 2c 25 00 ff 68 00 00 ff 68 00 0e 05 00 ff 99 01 00 ff 99 01 69 08 00 ff 99 01 00 ff 99 01 00 ff 99 01 00 ff 99 01 00 ff 99 01 00 ff 99 01 00 ff 99 01 00 ff 99 01 69 08 00 ff 99 01 00 ff 99 01 15 05 00 ff a3 11 06 05 00 ff 98 01 02 05 2d 25 00 ff 98 01 23 19 00 ff ba 01 6d 08 00 ff 0e 05 0b ff 0e 05 04 ff 85 04 00 ff 86 04 00 ff 86 04 00 ff 86 04 00 ff 86 04 00 ff 86 04 00 ff 89 04 00 ff 87 04 00 ff 87 04 00 ff 87 04 00 ff 87 04 00 ff 87 04 00 ff 87 04 00 ff 88 04 5e ff 
[1786974194383] 6d 71 7e e4 7d 07 01 71 7e e5 7d 07 67 98 01 05 05 2c 25 2d 25 00 ff 68 00 00 ff 68 00 0e 05 00 ff 99 01 00 ff 99 01 e3 ce 00 ff 99 01 00 ff 99 01 00 ff 99 01 00 ff 99 01 00 ff 99 01 00 ff 99 01 00 ff 99 01 00 ff 99 01 00 ff 99 01 00 ff 99 01 0e 05 00 ff a3 11 af 55 00 ff a3 11 4a 18 00 ff 2a 11 bb 11 4a 18 00 ff c1 01 00 ff 0e 05 0b ff 0e 05 04 ff 85 04 8b 04 00 ff 86 04 00 ff 86 04 00 ff 86 04 00 ff 86 04 00 ff 86 04 00 ff 89 04 00 ff 87 04 00 ff 87 04 00 ff 87 04 00 ff 87 04 00 ff 87 04 00 ff 87 04 00 ff 88 04 8c 04 00 ff 8c 04 00 ff 8c 04 00 ff 8c 04 00 ff 8c 04 5a ff 
[1786974194502] 6d 71 7e e5 7d 07 01 71 7e e6 7d 07 67 68 00 00 ff 68 00 00 ff 68 00 0e 05 5c 0b 00 ff 99 01 00 ff 99 01 00 ff 99 01 00 ff 99 01 00 ff 99 01 00 ff 99 01 00 ff 99 01 00 ff 99 01 00 ff 99 01 00 ff 99 01 00 ff 99 01 00 ff 99 01 0e 05 00 ff 36 11 bb 11 00 ff 3a 11 b3 11 10 05 af 55 00 ff 33 11 b7 11 0f 05 00 ff 0f 05 00 ff 14 05 01 ff 69 08 07 ff 69 08 01 ff 15 05 00 ff 0f 05 00 ff 0f 05 00 ff 0f 05 00 ff 0f 05 00 ff 86 04 00 ff 86 04 00 ff 86 04 00 ff 86 04 00 ff 86 04 00 ff 86 04 00 ff 89 04 00 ff 87 04 00 ff 87 04 00 ff 87 04 00 ff 87 04 00 ff 87 04 00 ff 87 04 00 ff 87 04 00 ff 87 04 00 ff 87 04 00 ff 87 04 00 ff 87 04 5a ff 
[1786974194604] 6d 71 7e e6 7d 07 02 71 7e e7 7d 07 67 a9 11 0f 05 00 ff a9 11 b3 11 0f 05 00 ff 68 00 14 05 00 ff 99 01 00 ff 99 01 69 08 00 ff 99 01 00 ff 99 01 00 ff 99 01 00 ff 99 01 00 ff 99 01 00 ff 99 01 00 ff 99 01 00 ff 99 01 69 08 00 ff 99 01 00 ff 99 01 15 05 00 ff 68 00 b4 11 0f 05 00 ff b4 1c cd 21 97 11 ec 11 31 25 14 05 00 ff 99 01 61 00 00 00 00 00 35 43 00 50 01 13 00 56 49 50 20 49 73 6c 61 6e 64 20 54 65 6c 65 70 6f 72 74 64 02 84 00 00 47 4c 73 03 00 00 00 d7 00 00 00 00 00 00 01 00 ff 00 01 00 ff 99 01 00 ff 99 01 74 08 0b ff 74 08 00 ff 99 01 a0 12 54 1d 00 ff 99 01 9a 12 55 1d cc 13 00 ff 99 01 9f 12 00 ff 99 01 00 ff 86 04 00 ff 86 04 00 ff 86 04 00 ff 86 04 00 ff 86 04 00 ff 86 04 00 ff 89 04 00 ff 87 04 00 ff 87 04 00 ff 87 04 00 ff 87 04 00 ff 87 04 00 ff 87 04 00 ff 87 04 00 ff 87 04 00 ff 87 04 00 ff 87 04 00 ff 87 04 5a ff 
[1786974194604] 5d 09 01 ed 98 00 02 01 0d 00 50 6f 77 65 72 66 75 6c 20 56 6f 69 64 33 00 ae e7 02 00 00 01 11 00 50 6f 77 65 72 66 75 6c 20 45 70 69 70 68 61 6e 79 42 00 ae e7 02 00 00 03 e5 5b 09 00 00 00 00 00 00 00 80 01 01 13 00 42 61 73 69 63 20 46 65 61 74 68 65 72 77 65 69 67 68 74 4c 00 1d 70 00 00 00 04 74 7f 00 02 01 12 00 50 6f 77 65 72 66 75 6c 20 56 61 6d 70 69 72 69 73 6d 30 00 49 22 03 00 00 01 14 00 50 6f 77 65 72 66 75 6c 20 44 72 61 67 6f 6e 20 48 69 64 65 24 00 49 22 03 00 00 05 ee 98 0b 00 00 00 00 ee 01 00 00 00 00 00 00 00 06 28 85 00 03 01 0d 00 50 6f 77 65 72 66 75 6c 20 56 6f 69 64 33 00 84 f9 02 00 00 01 0f 00 50 6f 77 65 72 66 75 6c 20 53 74 72 69 6b 65 03 00 84 f9 02 00 00 01 12 00 50 6f 77 65 72 66 75 6c 20 56 61 6d 70 69 72 69 73 6d 30 00 84 f9 02 00 00 07 bd 8a 00 00 08 81 7b 00 01 00 0a 79 65 00 0b 64 5b 00 00 
[1786974194604] 5e 01 00 01 00 00 00 e0 a5 01 00 00 
[1786974194604] 92 a2 00 00 10 00 
[1786974194604] a9 01 01 95 00 41 63 74 69 76 65 20 52 65 73 74 69 6e 67 20 41 72 65 61 20 42 6f 6e 75 73 65 73 3a 20 0a 44 6f 75 62 6c 65 20 48 69 74 20 50 6f 69 6e 74 73 20 52 65 67 65 6e 65 72 61 74 69 6f 6e 2c 0a 44 6f 75 62 6c 65 20 4d 61 6e 61 20 50 6f 69 6e 74 73 20 52 65 67 65 6e 65 72 61 74 69 6f 6e 2c 0a 53 74 61 6d 69 6e 61 20 50 6f 69 6e 74 73 20 52 65 67 65 6e 65 72 61 74 69 6f 6e 2c 0a 53 6f 75 6c 20 50 6f 69 6e 74 73 20 52 65 67 65 6e 65 72 61 74 69 6f 6e 2e 
[1786974194604] a2 40 50 00 00 00 00 00 00 00 
[1786974194604] b4 15 3a 00 49 6e 20 70 72 6f 74 65 63 74 69 6f 6e 20 7a 6f 6e 65 2e 20 52 65 63 68 61 72 67 69 6e 67 20 31 30 20 73 74 61 6d 69 6e 61 20 65 76 65 72 79 20 35 20 6d 69 6e 75 74 65 73 2e 
[1786974194704] 6d 71 7e e7 7d 07 02 71 7e e8 7d 07 67 99 01 00 ff 99 01 00 ff 99 01 00 ff 99 01 00 ff 99 01 00 ff 99 01 00 ff 99 01 00 ff 99 01 00 ff 9a 01 61 00 00 00 00 00 7f 02 00 80 02 07 00 51 75 65 6e 74 69 6e 64 02 39 00 00 00 00 00 00 00 00 00 d7 37 00 00 00 00 00 02 01 ff 00 01 00 ff 99 01 00 ff 99 01 00 ff 99 01 00 ff 99 01 00 ff 99 01 00 ff 99 01 00 ff 99 01 00 ff 99 01 b9 0d 00 ff 99 01 e9 58 00 ff 99 01 00 ff 99 01 74 08 00 ff 72 08 00 ff 72 08 00 ff 72 08 00 ff 72 08 00 ff 72 08 00 ff 72 08 00 ff 72 08 00 ff 72 08 00 ff 72 08 00 ff 72 08 00 ff 72 08 00 ff 78 08 00 ff 99 01 9e 12 00 ff 99 01 99 12 00 ff 99 01 9d 12 00 ff 99 01 00 ff 86 04 00 ff 86 04 00 ff 86 04 00 ff 86 04 00 ff 86 04 00 ff 86 04 00 ff 89 04 00 ff 87 04 00 ff 87 04 00 ff 87 04 00 ff 87 04 00 ff 87 04 00 ff 87 04 00 ff 87 04 00 ff 87 04 00 ff 87 04 00 ff 87 04 00 ff 87 04 5a ff 
[1786974194806] 6d 71 7e e8 7d 07 01 71 7e e9 7d 07 67 99 01 00 ff 99 01 00 ff 99 01 00 ff 99 01 00 ff 99 01 00 ff 99 01 00 ff 99 01 00 ff 9a 01 00 ff 99 01 00 ff 9a 01 00 ff 99 01 00 ff 99 01 00 ff 99 01 00 ff 99 01 00 ff 99 01 00 ff 99 01 00 ff 99 01 00 ff 99 01 00 ff 99 01 00 ff 99 01 00 ff 99 01 00 ff 99 01 00 ff 99 01 00 ff 99 01 00 ff 99 01 00 ff 99 01 00 ff 99 01 00 ff 99 01 00 ff 99 01 00 ff 99 01 00 ff 99 01 00 ff 99 01 00 ff 99 01 00 ff 99 01 00 ff 99 01 00 ff 99 01 bc 16 0a 03 00 ff 86 04 00 ff 86 04 00 ff 86 04 00 ff 86 04 00 ff 86 04 00 ff 86 04 00 ff 89 04 00 ff 87 04 00 ff 87 04 00 ff 87 04 00 ff 87 04 00 ff 87 04 00 ff 87 04 00 ff 87 04 00 ff 87 04 00 ff 87 04 00 ff 87 04 00 ff 87 04 5a ff 
[1786974194907] 6d 71 7e e9 7d 07 01 71 7e ea 7d 07 67 99 01 00 ff 99 01 00 ff 99 01 00 ff 99 01 00 ff 99 01 00 ff 99 01 00 ff 9a 01 00 ff 99 01 00 ff 9a 01 00 ff 99 01 00 ff 9a 01 00 ff 99 01 00 ff 99 01 00 ff 99 01 00 ff 99 01 00 ff 99 01 00 ff 99 01 00 ff 99 01 00 ff 99 01 00 ff 99 01 00 ff 99 01 00 ff 99 01 00 ff 99 01 00 ff 99 01 00 ff 99 01 00 ff 99 01 00 ff 99 01 00 ff 99 01 00 ff 99 01 00 ff 99 01 00 ff 99 01 00 ff 99 01 00 ff 99 01 00 ff 99 01 00 ff 99 01 00 ff 99 01 b9 16 09 03 cb 13 cd 13 00 ff 86 04 00 ff 86 04 00 ff 86 04 00 ff 86 04 00 ff 86 04 00 ff 86 04 00 ff 89 04 00 ff 87 04 00 ff 87 04 00 ff 87 04 00 ff 87 04 00 ff 87 04 00 ff 87 04 00 ff 87 04 00 ff 87 04 00 ff 87 04 00 ff 87 04 00 ff 87 04 5a ff 
[1786974195010] 6d 71 7e ea 7d 07 01 71 7e eb 7d 07 67 99 01 00 ff 99 01 00 ff 99 01 00 ff 99 01 00 ff 99 01 00 ff 99 01 00 ff 99 01 00 ff 9a 01 00 ff 99 01 00 ff 9a 01 00 ff 99 01 00 ff 99 01 00 ff 99 01 00 ff 99 01 00 ff 99 01 00 ff 99 01 00 ff 99 01 00 ff 99 01 00 ff 99 01 00 ff 99 01 00 ff 99 01 00 ff 99 01 00 ff 99 01 00 ff 99 01 00 ff 99 01 00 ff 99 01 00 ff 99 01 00 ff 99 01 00 ff 99 01 00 ff 99 01 00 ff 99 01 00 ff 99 01 00 ff 3b 16 00 ff 99 01 00 ff 99 01 00 ff 99 01 bf 16 00 ff 86 04 00 ff 86 04 00 ff 86 04 00 ff 86 04 00 ff 86 04 00 ff 86 04 00 ff 89 04 00 ff 87 04 00 ff 87 04 00 ff 87 04 00 ff 87 04 00 ff 87 04 00 ff 87 04 00 ff 87 04 00 ff 87 04 00 ff 87 04 00 ff 87 04 00 ff 87 04 5a ff 
[1786974195110] 6d 71 7e eb 7d 07 01 71 7e ec 7d 07 67 99 01 89 14 00 ff 99 01 00 ff 99 01 00 ff 99 01 00 ff 99 01 00 ff 99 01 3e 08 00 ff 99 01 00 ff 99 01 00 ff 9a 01 00 ff 99 01 00 ff 99 01 00 ff 99 01 3e 08 00 ff 99 01 00 ff 99 01 00 ff 99 01 0e 05 00 ff a2 01 89 14 00 ff 99 01 00 ff 99 01 00 ff 99 01 0f 05 00 ff 99 01 0f 05 00 ff 99 01 0f 05 00 ff 99 01 0f 05 00 ff 99 01 0f 05 00 ff 99 01 11 05 00 ff 99 01 e1 07 00 ff 99 01 00 ff 99 01 00 ff 99 01 10 05 00 ff 99 01 0f 05 00 ff 99 01 0f 05 00 ff 99 01 0f 05 00 ff 99 01 0f 05 00 ff 99 01 0f 05 00 ff 99 01 0f 05 00 ff 99 01 0f 05 00 ff 99 01 0f 05 04 ff 85 04 00 ff 86 04 00 ff 89 04 00 ff 87 04 00 ff 87 04 00 ff 88 04 62 ff 
[1786974195243] 6d 71 7e ec 7d 07 01 71 7e ed 7d 07 67 99 01 0f 05 00 ff 99 01 0f 05 00 ff 99 01 0f 05 00 ff 99 01 0f 05 00 ff 99 01 0f 05 00 ff 99 01 0f 05 00 ff 99 01 11 05 00 ff 99 01 00 ff 99 01 00 ff 99 01 00 ff 99 01 10 05 00 ff 99 01 0f 05 00 ff 99 01 0f 05 00 ff 99 01 0f 05 00 ff 99 01 16 05 00 ff 99 01 0f 05 00 ff 99 01 0f 05 00 ff 99 01 0f 05 05 ff 0e 05 00 ff 99 01 3e 08 00 ff 99 01 00 ff 99 01 3e 08 00 ff 99 01 0e 05 0c ff 85 04 00 ff 86 04 00 ff 89 04 00 ff 87 04 00 ff 87 04 00 ff 88 04 62 ff 
[1786974195353] 6d 71 7e ed 7d 07 01 71 7e ee 7d 07 67 a5 11 46 0e 00 ff a3 11 49 0e 00 ff b1 11 46 0e 00 ff ae 11 49 0e 00 ff a6 11 46 0e 00 ff b1 11 49 0e 00 ff a3 11 0e 05 00 ff 99 01 00 ff 99 01 00 ff 99 01 00 ff 99 01 0e 05 00 ff a3 11 49 0e 00 ff a3 11 46 0e 00 ff ac 11 49 0e 00 ff aa 11 46 0e 00 ff a3 11 49 0e 00 ff a3 11 46 0e 00 ff a3 11 49 0e 05 ff 0e 05 00 ff 99 01 31 07 00 ff 99 01 9d 07 00 ff 99 01 31 07 00 ff 99 01 0e 05 0c ff 85 04 00 ff 86 04 00 ff 89 04 00 ff 87 04 00 ff 87 04 00 ff 88 04 62 ff 
[1786974195606] b4 27 24 00 55 73 69 6e 67 20 74 68 65 20 6c 61 73 74 20 61 64 76 65 6e 74 75 72 65 72 27 73 20 73 74 6f 6e 65 2e 2e 2e 
[1786974195606] 83 71 7e ee 7d 07 03 0b 00 00 00 
[1786974195606] 6c 71 7e ee 7d 07 01 
[1786974195606] 64 d2 7d 2c 7e 06 7a 20 d6 15 00 ff 74 20 d6 15 00 ff 74 20 d6 15 00 ff 74 20 d6 15 00 ff 74 20 d6 15 00 ff 75 20 d9 15 00 ff 75 20 f8 12 00 ff 75 20 e4 0b 01 fb 12 00 ff 74 20 fb 12 00 ff 75 20 fb 12 00 ff 74 20 fb 12 00 ff 74 20 fb 12 00 ff 75 20 fb 12 00 ff 75 20 fe 12 00 ff 74 20 d6 15 00 ff 74 20 d6 15 00 ff 74 20 d6 15 4a 3f 00 ff 74 20 d6 15 00 ff 75 20 d6 15 00 ff 7a 20 30 10 71 21 00 ff 74 20 00 ff 74 20 00 ff 74 20 00 ff 77 20 c4 20 00 ff 74 20 00 ff 74 20 00 ff 75 20 c4 20 00 ff 75 20 00 ff 74 20 d6 15 00 ff 75 20 d6 15 00 ff 79 20 d6 15 00 ff 74 20 d6 15 00 ff 78 20 d6 15 00 ff 74 20 30 10 00 ff 74 20 a6 07 00 ff 74 20 00 ff 74 20 00 ff 74 20 00 ff 75 20 00 ff 75 20 00 ff 74 20 00 ff 75 20 00 ff 7b 20 d6 15 00 ff 77 20 d6 15 00 ff 74 20 d6 15 00 ff 74 20 d6 15 00 ff 74 20 d6 15 00 ff 74 20 30 10 00 ff 75 20 a6 07 00 ff 74 20 00 ff 74 20 00 ff 74 20 00 ff 74 20 00 ff 78 20 00 ff 74 20 00 ff 74 20 00 ff 76 20 2c 10 00 ff 75 20 d7 15 2c 10 00 ff 74 20 d7 15 00 ff 74 20 2c 10 00 ff 74 20 2c 10 00 ff 76 20 f8 29 00 ff 7b 20 2c 10 7f 0b 00 ff 76 20 2c 10 00 ff 74 20 2c 10 00 ff 74 20 37 01 fa 29 00 ff 75 20 6a 02 2c 10 94 0a 00 ff 74 20 6a 02 52 2c 8e 0a 00 ff 74 20 6a 02 52 2c 00 ff 74 20 6a 02 2c 10 00 ff 75 20 1d 0a 00 ff 74 20 00 ff 74 20 00 ff 75 20 00 ff 74 20 00 ff 74 20 11 09 00 ff 78 20 10 09 00 ff 74 20 10 09 00 ff 75 20 10 09 00 ff 7c 20 97 01 30 10 92 0a 00 ff a6 11 47 0e 01 00 ff a7 11 00 ff a3 11 af 55 00 ff b0 11 00 ff 74 20 1e 0a 00 ff 75 20 00 ff 74 20 00 ff 75 20 00 ff 75 20 00 ff 75 20 00 ff 78 20 c9 15 00 ff 7b 20 cc 15 00 ff 74 20 cc 15 00 ff 74 20 30 10 92 0a 00 ff a3 11 30 12 3c 07 00 ff a3 11 4a 18 00 ff a3 11 00 ff a3 11 00 ff 7a 20 21 0a 00 ff 74 20 00 ff 75 20 00 ff 74 20 00 ff 74 20 00 ff 75 20 00 ff 74 20 ca 15 00 ff 78 20 cd 15 00 ff 74 20 cd 15 00 ff 75 20 30 10 90 0a 00 ff a7 11 34 12 47 18 00 ff a7 11 00 ff a3 11 00 ff a3 11 49 0e 00 ff 74 20 22 0a 00 ff 75 20 00 ff 74 20 00 ff 75 20 00 ff 74 20 61 00 00 00 00 00 8f 02 00 80 02 0b 00 52 6f 74 65 6d 20 56 61 6c 6f 73 64 00 4f 01 4f 4d 4f 5e 02 00 00 00 d7 37 00 00 00 00 00 02 01 ff 00 01 00 ff 78 20 00 ff 7b 20 ca 15 00 ff 74 20 cd 15 00 ff 74 20 cd 15 00 ff 75 20 47 2c 00 ff af 11 00 ff a4 11 00 ff ae 11 4a 18 00 ff a3 11 d3 0a 00 ff 74 20 1d 0a 00 ff 74 20 00 ff 74 20 00 ff 79 20 00 ff 75 20 00 ff 75 20 00 ff 74 20 cb 15 00 ff 74 20 ce 15 00 ff 7a 20 ce 15 00 ff 74 20 20 04 47 2c 00 ff a3 11 2d 08 00 ff a6 11 3e 07 00 ff a3 11 37 12 00 ff ae 11 35 12 00 ff 75 20 1e 0a 00 ff 78 20 00 ff 74 20 00 ff 7b 20 00 ff 75 20 00 ff 75 20 11 09 00 ff 75 20 10 09 00 ff 74 20 10 09 00 ff 74 20 10 09 00 ff 76 20 25 04 30 10 91 0a 00 ff a3 11 53 0e 00 ff a3 11 00 ff a3 11 36 12 00 ff a4 11 34 12 3f 07 00 ff 78 20 52 2c 00 ff 74 20 52 2c 00 ff 74 20 2c 10 00 ff 75 20 2c 10 8f 0a 00 ff 74 20 2c 10 8e 0a 00 ff 7c 20 2c 10 00 ff 76 20 52 2c 00 ff 75 20 1f 04 52 2c 00 ff 75 20 23 04 2c 10 8f 0a 00 ff 74 20 21 04 5e 29 97 0a 00 ff a9 11 00 ff a3 11 00 ff a5 11 46 0e 00 ff b2 11 00 ff a3 11 4a 18 00 ff a3 11 00 ff af 11 00 ff b1 11 32 12 00 ff aa 11 30 12 49 18 00 ff a3 11 00 ff a3 11 63 1d 00 ff a3 11 af 55 00 ff aa 11 53 0e 00 ff a3 11 00 ff b1 11 00 ff a3 11 49 18 00 ff ab 11 53 0e 00 ff a3 11 47 18 00 ff a3 11 1a 12 00 ff aa 11 22 12 46 0e 00 ff a3 11 5d 0e 00 ff a3 11 36 12 60 0e 00 ff a3 11 34 12 00 ff ad 11 49 0e 00 ff a3 11 3f 07 00 ff ac 11 47 0e 01 00 ff aa 11 4a 18 00 ff a3 11 42 07 00 ff a6 11 4a 18 00 ff a3 11 af 55 00 ff a4 11 47 18 00 ff a3 11 00 ff f7 11 00 ff b0 11 1e 12 00 ff a4 11 1a 12 3d 07 00 ff a3 11 1a 12 00 ff a6 11 1a 12 00 ff a6 11 22 12 00 ff b0 11 49 0e 00 ff a3 11 4a 18 00 ff a8 11 00 ff a7 11 00 ff a3 11 40 07 00 ff a4 11 3c 07 00 ff a3 11 00 ff ae 11 63 1d 00 ff f9 11 00 ff f7 11 00 ff f9 11 00 ff f8 11 00 ff f5 11 00 ff a3 11 1e 12 00 ff a3 11 1a 12 00 ff a3 11 1a 12 00 ff a3 11 22 12 a8 1d 00 ff a3 11 53 0e 00 ff a3 11 00 ff a3 11 5d 0e 00 ff a3 11 24 12 5f 0e 00 ff a3 11 1a 12 00 ff f6 11 00 ff f6 11 00 ff f6 11 00 ff f7 11 00 ff f9 11 00 ff f9 11 00 ff f5 11 00 ff fa 11 00 ff a3 11 1e 12 00 ff a3 11 1a 12 00 ff a3 11 1a 12 00 ff a3 11 1a 12 00 ff a3 11 20 12 00 ff f6 11 00 ff f6 11 00 ff f6 11 00 ff f6 11 00 ff f8 11 00 ff f7 11 00 ff f9 11 00 ff f5 11 00 ff f9 11 00 ff f6 11 00 ff f8 11 00 ff f9 11 00 ff f9 11 00 ff fa 11 00 ff f9 11 00 ff 75 20 ff 08 00 ff 74 20 02 09 00 ff 74 20 36 09 00 ff 75 20 00 ff 74 20 00 ff 75 20 00 ff 74 20 00 ff 74 20 00 ff 74 20 30 10 4e 1b 71 21 00 ff 74 20 00 ff 74 20 8d 16 00 ff 74 20 00 ff 74 20 00 ff 74 20 ba 2d 00 ff 75 20 ff 08 00 ff 7a 20 02 09 00 ff 7a 20 00 ff 74 20 00 ff 74 20 00 ff 9d 01 00 ff 74 20 00 ff 74 20 00 ff 74 20 47 2c 00 ff 74 20 8b 16 86 c4 00 ff ec 3c 59 4a 00 ff 74 20 8c 16 5e 4a 00 ff 75 20 00 ff 74 20 ba 2d 00 ff 75 20 ff 08 00 ff 75 20 02 09 00 ff 74 20 36 09 00 ff 75 20 00 ff 74 20 00 ff 9d 01 00 ff 74 20 00 ff 74 20 00 ff 74 20 47 2c 00 ff 74 20 3f 08 5b 4a e8 4a 00 ff 74 20 8e 16 00 ff 74 20 00 ff 7b 20 3f 08 00 ff 79 20 38 08 00 ff 7b 20 00 09 00 ff 75 20 03 09 00 ff 74 20 00 ff 74 20 00 ff 75 20 00 ff 75 20 00 ff 75 20 00 ff 74 20 00 ff 74 20 5e 2a 91 0a 00 ff 75 20 63 2c 00 ff 75 20 63 2c 00 ff 78 20 63 2c 00 ff 76 20 63 2c 00 ff 74 20 be 2d 00 ff 74 20 00 ff 75 20 00 ff 74 20 00 ff 75 20 00 ff 75 20 00 ff 79 20 00 ff 74 20 00 ff 75 20 d9 09 00 ff 74 20 30 10 92 0a 05 ff 74 20 2c 10 28 0a 7f 0b 00 ff 74 20 2c 10 28 0a 00 ff 78 20 06 22 2c 10 28 0a 00 ff 74 20 ff 21 00 ff 74 20 2c 10 28 0a 00 ff 77 20 2c 10 28 0a 00 ff 76 20 2c 10 28 0a 7f 0b 00 ff 74 20 2c 10 28 0a 00 ff 74 20 12 2a 28 0a 90 0a 05 ff 74 20 00 ff 75 20 fa 21 00 ff 77 20 d7 22 24 4b 00 ff 74 20 fe 21 00 ff 74 20 00 ff 74 20 f6 12 00 ff 74 20 f9 12 00 ff 74 20 f9 12 00 ff 74 20 30 10 05 ff 74 20 00 ff 75 20 fb 21 00 ff 74 20 fc 21 00 ff 7a 20 fd 21 00 ff 74 20 00 ff 74 20 f7 12 00 ff 7b 20 fa 12 00 ff 7b 20 fa 12 00 ff 77 20 47 2c 05 ff 74 20 00 ff 74 20 00 ff 75 20 61 00 00 00 00 00 17 01 00 80 02 06 00 43 68 61 72 6f 73 64 02 85 00 3c 5e 72 73 00 00 00 00 d7 37 00 00 00 00 00 02 01 ff 00 01 00 ff 75 20 00 ff 74 20 00 ff 74 20 f7 12 00 ff 74 20 62 00 a2 00 00 10 64 02 89 00 15 55 55 43 02 73 03 00 00 00 00 05 d5 ec 03 00 00 00 00 0c 00 ff 00 00 fa 12 00 ff 74 20 fa 12 00 ff 74 20 30 10 05 ff 7a 20 00 ff 74 20 00 ff 75 20 00 ff 74 20 00 ff 74 20 00 ff 75 20 f7 12 00 ff 74 20 fa 12 00 ff 75 20 fa 12 00 ff 77 20 30 10 05 ff 74 20 52 2c 00 ff 76 20 2c 10 00 ff 74 20 2c 10 8f 0a 00 ff 75 20 2c 10 94 0a 00 ff 76 20 2c 10 8e 0a 00 ff 76 20 2c 10 00 ff 79 20 52 2c 00 ff 74 20 52 2c 00 ff 74 20 12 2a 91 0a 8f 0a 67 ff a6 04 00 ff a6 04 00 ff a6 04 00 ff a6 04 00 ff a6 04 00 ff a6 04 00 ff a6 04 00 ff a6 04 06 ff a6 04 00 ff a6 04 00 ff a6 04 00 ff a6 04 00 ff a6 04 00 ff a6 04 00 ff a6 04 00 ff a6 04 06 ff a6 04 00 ff a6 04 00 ff a6 04 00 ff a6 04 00 ff a6 04 00 ff a6 04 00 ff a6 04 00 ff a6 04 06 ff a6 04 00 ff a6 04 00 ff a6 04 00 ff a6 04 00 ff a6 04 00 ff a6 04 00 ff a6 04 00 ff a6 04 06 ff a6 04 00 ff a6 04 00 ff a6 04 00 ff a6 04 00 ff a6 04 00 ff a6 04 00 ff a6 04 00 ff a6 04 06 ff a6 04 00 ff a6 04 00 ff a6 04 00 ff a6 04 00 ff a6 04 00 ff a6 04 00 ff a6 04 00 ff a6 04 06 ff a6 04 00 ff a6 04 00 ff a6 04 00 ff a6 04 00 ff a6 04 00 ff a6 04 00 ff a6 04 00 ff a6 04 06 ff a6 04 00 ff a6 04 00 ff a6 04 00 ff a6 04 00 ff a6 04 00 ff a6 04 00 ff a6 04 00 ff a6 04 06 ff a6 04 00 ff a6 04 00 ff a6 04 00 ff a6 04 00 ff a6 04 00 ff a6 04 00 ff a6 04 00 ff a6 04 06 ff a6 04 00 ff a6 04 00 ff a6 04 00 ff a6 04 00 ff a6 04 00 ff a6 04 00 ff a6 04 00 ff a6 04 06 ff a7 04 00 ff a7 04 00 ff a7 04 00 ff a7 04 00 ff a7 04 00 ff a7 04 00 ff a7 04 00 ff a7 04 ff ff ff ff ff ff ff ff ff ff 54 ff 
[1786974195606] a9 01 01 95 00 41 63 74 69 76 65 20 52 65 73 74 69 6e 67 20 41 72 65 61 20 42 6f 6e 75 73 65 73 3a 20 0a 44 6f 75 62 6c 65 20 48 69 74 20 50 6f 69 6e 74 73 20 52 65 67 65 6e 65 72 61 74 69 6f 6e 2c 0a 44 6f 75 62 6c 65 20 4d 61 6e 61 20 50 6f 69 6e 74 73 20 52 65 67 65 6e 65 72 61 74 69 6f 6e 2c 0a 53 74 61 6d 69 6e 61 20 50 6f 69 6e 74 73 20 52 65 67 65 6e 65 72 61 74 69 6f 6e 2c 0a 53 6f 75 6c 20 50 6f 69 6e 74 73 20 52 65 67 65 6e 65 72 61 74 69 6f 6e 2e 
[1786974195606] a2 40 50 00 00 00 00 00 00 00 
[1786974195606] 83 d2 7d 2c 7e 06 03 0b 00 00 00 
[1786974195606] 6b d2 7d 2c 7e 06 01 63 00 a2 00 00 10 03 00 
[1786974195606] 83 d2 7d 2c 7e 06 03 0b 00 00 00 
[1786974195851] 6d d2 7d 2c 7e 06 01 d1 7d 2c 7e 06 68 74 20 d6 15 00 ff 7a 20 d6 15 00 ff 75 20 d6 15 26 09 b1 2c 00 ff 75 20 d6 15 00 ff 7b 20 d6 15 00 ff 77 20 d9 15 00 ff 74 20 f7 12 00 ff 78 20 fa 12 00 ff 78 20 fa 12 00 ff 74 20 fa 12 00 ff 74 20 fa 12 00 ff 7b 20 fa 12 00 ff 74 20 fa 12 00 ff 74 20 fd 12 00 ff 75 20 ff 08 00 ff 74 20 02 09 00 ff 74 20 00 ff 75 20 00 ff 78 20 00 ff 7a 20 3f 08 00 ff 74 20 00 ff 74 20 00 ff 74 20 00 ff 74 20 00 ff 75 20 00 ff 7a 20 00 ff 75 20 61 00 00 00 00 00 19 01 00 80 02 04 00 59 61 6e 61 64 03 d7 01 00 39 00 44 02 00 00 00 d7 37 00 00 00 00 00 02 02 ff 00 01 00 ff 74 20 ba 2d 00 ff a6 04 00 ff a6 04 00 ff a6 04 00 ff a6 04 00 ff a6 04 00 ff a6 04 00 ff a6 04 00 ff a6 04 4c ff 
[1786974196111] 6d d1 7d 2c 7e 06 01 d0 7d 2c 7e 06 68 77 20 d6 15 00 ff 74 20 d6 15 00 ff 74 20 d6 15 00 ff 74 20 d6 15 00 ff 75 20 d6 15 00 ff 74 20 d9 15 30 10 70 21 00 ff 75 20 f6 12 00 ff 74 20 f9 12 00 ff 78 20 f9 12 00 ff 74 20 f9 12 00 ff 74 20 f9 12 00 ff 74 20 f9 12 00 ff 74 20 f9 12 00 ff 75 20 fc 12 00 ff 74 20 ff 08 00 ff 7b 20 02 09 00 ff 74 20 36 09 00 ff 74 20 00 ff 74 20 00 ff 75 20 3f 08 00 ff 75 20 00 ff 75 20 00 ff 75 20 00 ff 74 20 00 ff 74 20 00 ff 75 20 00 ff 74 20 cb 64 00 ff 74 20 ba 2d 00 ff a5 04 00 ff a5 04 00 ff a5 04 00 ff a5 04 00 ff a5 04 00 ff a5 04 00 ff a5 04 00 ff a5 04 4c ff 
[1786974196211] 6d d0 7d 2c 7e 06 01 d0 7d 2b 7e 06 65 74 20 d3 15 47 3f 00 ff 75 20 d3 15 00 ff 75 20 d3 15 48 3f 00 ff 7b 20 d3 15 00 ff 74 20 d3 15 78 c4 00 ff 74 20 d3 15 00 ff 74 20 30 01 2c 10 00 ff 75 20 1b 0a 00 ff 75 20 1c 0a 00 ff 74 20 1f 0a 00 ff 75 20 20 0a 00 ff 75 20 1b 0a 00 ff 74 20 1c 0a 00 ff 74 20 2c 10 8e 0a 00 ff a3 11 47 18 00 ff a8 11 1a 12 00 ff f9 11 00 ff f6 11 00 ff 78 20 38 09 00 ff 74 20 00 ff 74 20 38 09 00 ff 75 20 00 ff 74 20 38 09 00 ff 75 20 00 ff 75 20 00 ff 77 20 2c 10 28 0a 00 ff 74 20 00 ff 74 20 00 ff 74 20 00 ff 75 20 00 ff 74 20 52 2c 05 ff a5 04 00 ff a6 04 00 ff a6 04 00 ff a6 04 00 ff a6 04 00 ff a6 04 00 ff a6 04 00 ff a6 04 00 ff a6 04 00 ff a6 04 00 ff a6 04 4a 18 00 ff a6 04 00 ff a7 04 5f ff 
[1786974196445] 6d d0 7d 2b 7e 06 01 d0 7d 2a 7e 06 65 a3 11 30 10 d5 2a 00 ff ae 11 47 2c 00 ff aa 11 30 10 d5 2a 00 ff ae 11 47 2c 00 ff a5 11 30 10 9b 21 00 ff a3 11 30 10 00 ff a3 11 30 10 7d 0b 00 ff a6 11 30 10 7d 0b 00 ff a3 11 39 12 30 10 70 21 00 ff 67 00 cd 21 00 ff 67 00 cd 21 00 ff a7 11 30 10 71 21 00 ff a6 11 30 10 00 ff ad 11 5d 29 7d 0b 96 0a 00 ff ad 11 4a 18 42 07 00 ff a3 11 24 12 3e 07 00 ff ad 11 20 12 00 ff f6 11 00 ff 74 20 00 ff 74 20 00 ff 74 20 00 ff 74 20 61 00 00 00 00 00 16 01 00 80 02 05 00 4a 6f 72 67 65 64 03 9f 00 26 4d 4e 5e 00 00 00 00 d7 37 00 00 00 00 00 02 01 ff 00 01 00 ff 74 20 00 ff 74 20 00 ff 75 20 00 ff 77 20 2c 10 28 0a 00 ff 7b 20 ea 02 00 ff 74 20 9d 07 00 ff 74 20 9d 07 00 ff 74 20 ea 02 00 ff 7c 20 2c 10 05 ff a5 04 00 ff a6 04 00 ff a6 04 00 ff a6 04 00 ff a6 04 00 ff a6 04 00 ff a6 04 00 ff a6 04 00 ff a6 04 00 ff a6 04 00 ff a6 04 00 ff a6 04 00 ff a7 04 5f ff 
[1786974196548] 6d d0 7d 2a 7e 06 01 d0 7d 29 7e 06 65 a3 11 43 07 00 ff ad 11 49 18 00 ff a3 11 46 0e 00 ff a3 11 49 0e 00 ff a3 11 3c 07 00 ff a3 11 af 55 00 ff a3 11 47 18 00 ff a3 11 ea 88 47 0e 01 00 ff a3 11 3b 12 ce 21 00 ff 67 00 ce 21 00 ff af 11 38 12 ce 21 00 ff ad 11 34 12 eb 88 52 0e 00 ff a3 11 22 12 00 ff a3 11 19 12 49 18 00 ff ad 11 19 12 00 ff ad 11 19 12 53 0e 00 ff ad 11 1e 12 00 ff f6 11 00 ff 30 10 73 0a 00 ff 47 2c 00 ff 30 10 73 0a 00 ff 30 10 95 21 00 ff 30 10 6d 0a 00 ff 47 2c 00 ff 30 10 6f 0a 00 ff 30 10 97 21 00 ff 30 10 27 0a 00 ff 47 2c 27 0a 00 ff 30 10 27 0a 00 ff 30 10 27 0a 00 ff 5d 29 27 0a 05 ff a5 04 00 ff a6 04 00 ff a6 04 00 ff a6 04 00 ff a6 04 00 ff a6 04 00 ff a6 04 00 ff a6 04 00 ff a6 04 00 ff a6 04 00 ff a6 04 00 ff a6 04 00 ff a7 04 5f ff 
[1786974196648] 6d d0 7d 29 7e 06 02 cf 7d 29 7e 06 68 a3 11 49 0e 00 ff a5 11 47 2c 00 ff 75 20 d3 15 00 ff 74 20 d6 15 00 ff 75 20 d6 15 00 ff 74 20 d6 15 49 3f 00 ff 75 20 d6 15 00 ff 7b 20 d6 15 00 ff 75 20 30 10 00 ff 74 20 a6 07 00 ff 74 20 00 ff 75 20 00 ff 74 20 c4 20 00 ff 74 20 00 ff 30 10 95 21 00 ff 75 20 00 ff 74 20 00 ff 74 20 ff 08 00 ff 74 20 02 09 00 ff 74 20 00 ff 75 20 00 ff 78 20 00 ff 74 20 00 ff 74 20 00 ff 74 20 00 ff 74 20 30 10 4e 1b 70 21 00 ff 75 20 00 ff 75 20 00 ff a5 04 00 ff a5 04 00 ff a5 04 00 ff a5 04 00 ff a5 04 00 ff a5 04 00 ff a5 04 00 ff a5 04 00 ff a5 04 00 ff a5 04 00 ff a5 04 49 ff 
[1786974196799] 6d cf 7d 29 7e 06 02 ce 7d 29 7e 06 68 ad 11 00 ff a3 11 30 10 9b 21 00 ff 78 20 d3 15 46 3f 00 ff 74 20 d6 15 00 ff 74 20 d6 15 00 ff 74 20 d6 15 00 ff 74 20 d6 15 00 ff 75 20 d6 15 00 ff 76 20 30 10 00 ff 75 20 a6 07 00 ff 74 20 00 ff 75 20 00 ff 74 20 00 ff 74 20 00 ff 30 10 6d 0a 00 ff 74 20 00 ff 74 20 38 09 00 ff 75 20 ff 08 00 ff 74 20 02 09 00 ff 75 20 36 09 00 ff 74 20 00 ff 74 20 00 ff 9d 01 00 ff 74 20 00 ff 75 20 00 ff 74 20 47 2c 00 ff 74 20 00 ff 75 20 00 ff a4 04 00 ff a4 04 00 ff a4 04 00 ff a4 04 00 ff a4 04 00 ff a4 04 00 ff a4 04 00 ff a4 04 00 ff a4 04 00 ff a4 04 00 ff a4 04 49 ff 
[1786974197002] 6d ce 7d 29 7e 06 01 cd 7d 2a 7e 06 67 74 20 00 ff 74 20 00 ff 74 20 f9 12 00 ff 7b 20 fa 12 00 ff 74 20 fb 12 00 ff 74 20 00 ff 75 20 00 ff 78 20 00 ff 74 20 6a 02 52 2c 8e 0a 00 ff a7 11 00 ff a3 11 4a 18 00 ff a7 11 00 ff a4 11 00 ff a6 11 3e 07 00 ff a3 11 00 ff a3 11 00 ff a3 11 49 18 00 ff a3 11 af 55 00 ff 75 20 00 ff 74 20 00 ff 75 20 00 ff 7a 20 00 ff 74 20 00 ff 74 20 8c 16 5e 4a 00 ff 74 20 00 ff 78 20 63 2c 76 ff 68 a3 11 30 10 7d 0b 00 ff 75 20 d2 15 00 ff 74 20 d5 15 00 ff 74 20 d5 15 00 ff 74 20 d5 15 00 ff 75 20 d5 15 95 6f 00 ff 75 20 d5 15 00 ff 75 20 30 10 00 ff 7b 20 3f 08 00 ff 74 20 00 ff 74 20 00 ff 7b 20 00 ff 75 20 00 ff 74 20 00 ff 74 20 00 ff 74 20 00 ff 74 20 fe 08 00 ff 74 20 01 09 00 ff 75 20 00 ff 7b 20 00 ff 74 20 00 ff 9d 01 00 ff 74 20 00 ff 79 20 00 ff 7c 20 47 2c 00 ff 75 20 00 ff 7b 20 00 ff 75 20 00 ff a4 04 00 ff a4 04 00 ff a4 04 00 ff a4 04 00 ff a4 04 00 ff a4 04 00 ff a4 04 00 ff a4 04 00 ff a4 04 00 ff a4 04 4a ff 
[1786974197302] 6d cd 7d 2a 7e 06 01 cc 7d 2b 7e 06 67 75 20 00 ff 77 20 00 ff 75 20 c4 20 00 ff 74 20 f9 12 00 ff 74 20 fa 12 00 ff 75 20 fb 12 00 ff 75 20 c4 20 00 ff 74 20 00 ff 74 20 00 ff 74 20 6a 02 52 2c 00 ff a3 11 af 55 00 ff a3 11 00 ff a3 11 00 ff ae 11 4a 18 00 ff a3 11 37 12 00 ff a3 11 36 12 00 ff a5 11 46 0e 00 ff ab 11 53 0e 00 ff 75 20 00 ff 74 20 00 ff 75 20 00 ff 74 20 cb 64 00 ff 75 20 62 00 19 01 00 80 64 03 d7 01 00 39 00 44 02 00 00 00 d7 37 00 00 00 00 02 02 ff 00 01 00 ff 74 20 00 ff 75 20 00 ff 7b 20 3f 08 00 ff 76 20 63 2c 75 ff 68 75 20 2c 10 00 ff 74 20 2c 10 00 ff 74 20 2c 10 7f 0b 00 ff 78 20 00 ff 75 20 2c 10 00 ff 75 20 2c 10 ea 17 00 ff 74 20 fa 29 00 ff 74 20 2c 10 00 ff 74 20 2c 10 dc 15 00 ff 74 20 2c 10 00 ff 74 20 f8 29 7f 0b 00 ff a6 11 2c 10 dc 15 00 ff a3 11 52 2c 00 ff a3 11 32 12 52 2c 00 ff 75 20 00 ff 74 20 61 00 00 00 00 00 15 01 00 80 02 05 00 45 6d 61 65 6c 64 02 21 01 72 72 4b 71 01 00 00 00 d7 37 00 00 00 00 00 02 01 ff 00 01 00 ff 74 20 00 ff 75 20 00 ff 75 20 00 ff 74 20 00 ff 78 20 00 ff 75 20 00 ff 74 20 00 ff 74 20 30 10 00 ff 75 20 3f 08 00 ff 74 20 00 ff 75 20 00 ff 75 20 3f 08 00 ff a4 04 00 ff a4 04 00 ff a4 04 00 ff a4 04 00 ff a4 04 00 ff a4 04 00 ff a4 04 00 ff a4 04 00 ff a4 04 4b ff 
[1786974197302] 6c cc 7d 2b 7e 06 01 
[1786974197302] 64 cc 7d 2c 7e 07 74 20 d5 15 00 ff 74 20 d5 15 00 ff 75 20 d5 15 95 6f 00 ff 75 20 d5 15 00 ff 75 20 30 10 00 ff 7b 20 3f 08 00 ff 74 20 00 ff 74 20 00 ff 7b 20 00 ff 75 20 00 ff 74 20 00 ff 75 20 00 ff 75 20 00 ff 7b 20 30 10 4b 1b 00 ff 74 20 d6 15 00 ff 74 20 d6 15 00 ff 74 20 d6 15 00 ff 75 20 d6 15 00 ff 76 20 30 10 00 ff 75 20 a6 07 00 ff 74 20 00 ff 75 20 00 ff 74 20 00 ff 74 20 00 ff 74 20 00 ff 77 20 00 ff 74 20 00 ff 74 20 47 2c 00 ff 75 20 d6 15 00 ff 74 20 d6 15 49 3f 00 ff 75 20 d6 15 00 ff 7b 20 d6 15 00 ff 75 20 30 10 00 ff 74 20 a6 07 00 ff 74 20 00 ff 75 20 00 ff 74 20 c4 20 00 ff 74 20 00 ff 74 20 00 ff 75 20 c4 20 00 ff 75 20 00 ff 74 20 47 2c 00 ff 74 20 d6 15 00 ff 74 20 d6 15 00 ff 74 20 d6 15 00 ff 75 20 d6 15 00 ff 74 20 d9 15 30 10 70 21 00 ff 75 20 f6 12 00 ff 74 20 f9 12 00 ff 78 20 f9 12 00 ff 74 20 f9 12 00 ff 74 20 f9 12 00 ff 74 20 f9 12 00 ff 74 20 f9 12 00 ff 75 20 fc 12 00 ff 74 20 30 10 70 21 00 ff 7a 20 d6 15 00 ff 75 20 d6 15 26 09 b1 2c 00 ff 75 20 d6 15 00 ff 7b 20 d6 15 00 ff 77 20 d9 15 00 ff 74 20 f7 12 00 ff 78 20 fa 12 00 ff 78 20 fa 12 00 ff 74 20 fa 12 00 ff 74 20 fa 12 00 ff 7b 20 fa 12 00 ff 74 20 fa 12 00 ff 74 20 fd 12 00 ff 75 20 00 ff 74 20 d6 15 00 ff 74 20 d6 15 00 ff 74 20 d6 15 00 ff 74 20 d6 15 00 ff 75 20 d9 15 00 ff 75 20 f8 12 00 ff 75 20 e4 0b 01 fb 12 00 ff 74 20 fb 12 00 ff 75 20 fb 12 00 ff 74 20 fb 12 00 ff 74 20 fb 12 00 ff 75 20 fb 12 00 ff 75 20 fe 12 00 ff 75 20 00 ff 74 20 d6 15 00 ff 74 20 d6 15 4a 3f 00 ff 74 20 d6 15 00 ff 75 20 d6 15 00 ff 7a 20 30 10 71 21 00 ff 74 20 00 ff 74 20 00 ff 74 20 00 ff 77 20 c4 20 00 ff 74 20 00 ff 74 20 00 ff 75 20 c4 20 00 ff 75 20 00 ff 77 20 30 10 71 21 00 ff 75 20 d6 15 00 ff 79 20 d6 15 00 ff 74 20 d6 15 00 ff 78 20 d6 15 00 ff 74 20 30 10 00 ff 74 20 a6 07 00 ff 74 20 00 ff 74 20 00 ff 74 20 00 ff 75 20 00 ff 75 20 00 ff 74 20 00 ff 75 20 00 ff 75 20 47 2c 00 ff 77 20 d6 15 00 ff 74 20 d6 15 00 ff 74 20 d6 15 00 ff 74 20 d6 15 00 ff 74 20 30 10 00 ff 75 20 a6 07 00 ff 74 20 62 00 a2 00 00 10 64 03 89 00 15 55 55 43 02 73 03 00 00 00 00 05 d5 ec 03 00 00 00 00 0c 00 ff 00 00 00 ff 74 20 00 ff 74 20 00 ff 74 20 00 ff 78 20 00 ff 74 20 00 ff 74 20 00 ff 74 20 47 2c 00 ff 75 20 d7 15 2c 10 00 ff 74 20 d7 15 00 ff 74 20 2c 10 00 ff 74 20 2c 10 00 ff 76 20 f8 29 00 ff 7b 20 2c 10 7f 0b 00 ff 76 20 2c 10 00 ff 74 20 2c 10 00 ff 74 20 37 01 fa 29 00 ff 75 20 6a 02 2c 10 94 0a 00 ff 74 20 6a 02 52 2c 8e 0a 00 ff 74 20 6a 02 52 2c 00 ff 74 20 6a 02 2c 10 00 ff 75 20 3b 01 5e 29 4b 1b a0 0a a4 0a 00 ff 74 20 00 ff 74 20 00 ff 75 20 00 ff 74 20 00 ff 74 20 11 09 00 ff 78 20 10 09 00 ff 74 20 10 09 00 ff 75 20 10 09 00 ff 7c 20 97 01 30 10 92 0a 00 ff a6 11 47 0e 01 00 ff a7 11 00 ff a3 11 af 55 00 ff b0 11 00 ff a3 11 49 18 00 ff 75 20 00 ff 74 20 00 ff 75 20 00 ff 75 20 00 ff 75 20 00 ff 78 20 c9 15 00 ff 7b 20 cc 15 00 ff 74 20 cc 15 00 ff 74 20 30 10 92 0a 00 ff a3 11 30 12 3c 07 00 ff a3 11 4a 18 00 ff a3 11 00 ff a3 11 00 ff a3 11 63 1d 00 ff 74 20 00 ff 75 20 00 ff 74 20 00 ff 74 20 00 ff 75 20 00 ff 74 20 ca 15 00 ff 78 20 cd 15 00 ff 74 20 cd 15 00 ff 75 20 30 10 90 0a 00 ff a7 11 34 12 47 18 00 ff a7 11 00 ff a3 11 00 ff a3 11 49 0e 00 ff a3 11 1e 04 00 ff 75 20 00 ff 74 20 00 ff 75 20 00 ff 74 20 62 00 8f 02 00 80 64 00 4f 01 4f 4d 4f 5e 02 00 00 00 d7 37 00 00 00 00 02 01 ff 00 01 00 ff 78 20 00 ff 7b 20 ca 15 00 ff 74 20 cd 15 00 ff 74 20 cd 15 00 ff 75 20 47 2c 00 ff af 11 00 ff a4 11 00 ff ae 11 4a 18 00 ff a3 11 d3 0a 00 ff a3 11 24 04 00 ff 74 20 00 ff 74 20 00 ff 79 20 00 ff 75 20 00 ff 75 20 00 ff 74 20 cb 15 00 ff 74 20 ce 15 00 ff 7a 20 ce 15 00 ff 74 20 20 04 47 2c 00 ff a3 11 2d 08 00 ff a6 11 3e 07 00 ff a3 11 37 12 00 ff ae 11 35 12 00 ff ad 11 1f 04 49 18 00 ff 78 20 00 ff 74 20 00 ff 7b 20 00 ff 75 20 00 ff 75 20 11 09 00 ff 75 20 10 09 00 ff 74 20 10 09 00 ff 74 20 10 09 00 ff 76 20 25 04 30 10 91 0a 00 ff a3 11 53 0e 00 ff a3 11 00 ff a3 11 36 12 00 ff a4 11 34 12 3f 07 00 ff a3 11 43 07 00 ff 74 20 52 2c 00 ff 74 20 2c 10 00 ff 75 20 2c 10 8f 0a 00 ff 74 20 2c 10 8e 0a 00 ff 7c 20 2c 10 00 ff 76 20 52 2c 00 ff 75 20 1f 04 52 2c 00 ff 75 20 23 04 2c 10 8f 0a 00 ff 74 20 21 04 5e 29 97 0a 00 ff a9 11 00 ff a3 11 00 ff a5 11 46 0e 00 ff b2 11 00 ff a7 11 49 0e 00 ff a3 11 00 ff af 11 00 ff b1 11 32 12 00 ff aa 11 30 12 49 18 00 ff a3 11 00 ff a3 11 63 1d 00 ff a3 11 af 55 00 ff aa 11 53 0e 00 ff a3 11 00 ff b1 11 00 ff a3 11 49 18 00 ff ab 11 53 0e 00 ff a3 11 47 18 00 ff a3 11 49 0e 00 ff 74 20 01 09 00 ff 75 20 00 ff 7b 20 00 ff 74 20 00 ff 9d 01 00 ff 74 20 00 ff 79 20 00 ff 7c 20 47 2c 00 ff 75 20 00 ff 7b 20 00 ff 75 20 00 ff 75 20 00 ff 74 20 ba 2d 01 ff 74 20 02 09 00 ff 75 20 36 09 00 ff 74 20 00 ff 74 20 00 ff 9d 01 00 ff 74 20 00 ff 75 20 00 ff 74 20 47 2c 00 ff 74 20 00 ff 75 20 00 ff 75 20 00 ff 74 20 00 ff 75 20 ba 2d 01 ff 74 20 02 09 00 ff 74 20 00 ff 75 20 00 ff 78 20 00 ff 74 20 00 ff 74 20 00 ff 74 20 00 ff 74 20 30 10 4e 1b 70 21 00 ff 75 20 00 ff 75 20 00 ff 74 20 00 ff 75 20 00 ff 74 20 ba 2d 01 ff 7b 20 02 09 00 ff 74 20 36 09 00 ff 74 20 00 ff 74 20 00 ff 75 20 3f 08 00 ff 75 20 00 ff 75 20 00 ff 75 20 00 ff 74 20 00 ff 74 20 00 ff 75 20 00 ff 74 20 cb 64 00 ff 74 20 ba 2d 00 ff 6b 21 00 ff 74 20 02 09 00 ff 74 20 00 ff 75 20 00 ff 78 20 00 ff 7a 20 3f 08 00 ff 74 20 00 ff 74 20 00 ff 74 20 00 ff 74 20 00 ff 75 20 00 ff 7a 20 00 ff 75 20 62 00 19 01 00 80 64 03 d7 01 00 39 00 44 02 00 00 00 d7 37 00 00 00 00 02 02 ff 00 01 00 ff 74 20 ba 2d 00 ff 6c 21 00 ff 74 20 02 09 00 ff 74 20 36 09 00 ff 75 20 00 ff 74 20 00 ff 75 20 00 ff 74 20 00 ff 74 20 00 ff 74 20 30 10 4e 1b 71 21 00 ff 74 20 00 ff 74 20 8d 16 00 ff 74 20 00 ff 74 20 00 ff 74 20 ba 2d 00 ff 6d 21 00 ff 7a 20 02 09 00 ff 7a 20 00 ff 74 20 00 ff 74 20 00 ff 9d 01 00 ff 74 20 00 ff 74 20 00 ff 74 20 47 2c 00 ff 74 20 8b 16 86 c4 00 ff ec 3c 59 4a 00 ff 74 20 8c 16 5e 4a 00 ff 75 20 00 ff 74 20 ba 2d 01 ff 75 20 02 09 00 ff 74 20 36 09 00 ff 75 20 00 ff 74 20 00 ff 9d 01 00 ff 74 20 00 ff 74 20 00 ff 74 20 47 2c 00 ff 74 20 3f 08 5b 4a e8 4a 00 ff 74 20 8e 16 00 ff 74 20 00 ff 7b 20 3f 08 00 ff 79 20 38 08 01 ff 75 20 03 09 00 ff 74 20 00 ff 74 20 00 ff 75 20 00 ff 75 20 00 ff 75 20 00 ff 74 20 00 ff 74 20 5e 2a 91 0a 00 ff 75 20 63 2c 00 ff 75 20 63 2c 00 ff 78 20 63 2c 00 ff 76 20 63 2c 00 ff 74 20 be 2d 01 ff 75 20 00 ff 74 20 00 ff 75 20 00 ff 75 20 00 ff 79 20 00 ff 74 20 00 ff 75 20 d9 09 00 ff 74 20 30 10 92 0a 06 ff 74 20 2c 10 28 0a 00 ff 78 20 06 22 2c 10 28 0a 00 ff 74 20 ff 21 00 ff 74 20 2c 10 28 0a 00 ff 77 20 2c 10 28 0a 00 ff 76 20 2c 10 28 0a 7f 0b 00 ff 74 20 2c 10 28 0a 00 ff 74 20 12 2a 28 0a 90 0a 06 ff 75 20 fa 21 00 ff 77 20 d7 22 24 4b 00 ff 74 20 fe 21 00 ff 74 20 00 ff 74 20 f6 12 00 ff 74 20 f9 12 00 ff 74 20 f9 12 00 ff 74 20 30 10 06 ff 75 20 fb 21 00 ff 74 20 fc 21 00 ff 7a 20 fd 21 00 ff 74 20 00 ff 74 20 f7 12 00 ff 7b 20 fa 12 00 ff 7b 20 fa 12 00 ff 77 20 47 2c 06 ff 74 20 00 ff 75 20 62 00 17 01 00 80 64 02 85 00 3c 5e 72 73 00 00 00 00 d7 37 00 00 00 00 02 01 ff 00 01 00 ff 75 20 00 ff 74 20 00 ff 74 20 f7 12 00 ff 74 20 fa 12 00 ff 74 20 fa 12 00 ff 74 20 30 10 06 ff 74 20 00 ff 75 20 00 ff 74 20 00 ff 74 20 00 ff 75 20 f7 12 00 ff 74 20 fa 12 00 ff 75 20 fa 12 00 ff 77 20 30 10 06 ff 76 20 2c 10 00 ff 74 20 2c 10 8f 0a 00 ff 75 20 2c 10 94 0a 00 ff 76 20 2c 10 8e 0a 00 ff 76 20 2c 10 00 ff 79 20 52 2c 00 ff 74 20 52 2c 00 ff 74 20 12 2a 91 0a 8f 0a 22 ff a4 04 00 ff a4 04 00 ff a4 04 00 ff a4 04 00 ff a4 04 00 ff a4 04 00 ff a4 04 07 ff a4 04 00 ff a4 04 00 ff a4 04 00 ff a4 04 00 ff a4 04 00 ff a4 04 00 ff a4 04 07 ff a5 04 00 ff a5 04 00 ff a5 04 00 ff a5 04 00 ff a5 04 00 ff a5 04 00 ff a5 04 07 ff a5 04 00 ff a5 04 00 ff a5 04 00 ff a5 04 00 ff a5 04 00 ff a5 04 00 ff a5 04 07 ff a6 04 00 ff a6 04 00 ff a6 04 00 ff a6 04 00 ff a6 04 00 ff a6 04 00 ff a6 04 07 ff a6 04 00 ff a6 04 00 ff a6 04 00 ff a6 04 00 ff a6 04 00 ff a6 04 00 ff a6 04 07 ff a6 04 00 ff a6 04 00 ff a6 04 00 ff a6 04 00 ff a6 04 00 ff a6 04 00 ff a6 04 07 ff a6 04 00 ff a6 04 00 ff a6 04 00 ff a6 04 00 ff a6 04 00 ff a6 04 00 ff a6 04 07 ff a6 04 00 ff a6 04 00 ff a6 04 00 ff a6 04 00 ff a6 04 00 ff a6 04 00 ff a6 04 07 ff a6 04 00 ff a6 04 00 ff a6 04 00 ff a6 04 00 ff a6 04 00 ff a6 04 00 ff a6 04 07 ff a6 04 00 ff a6 04 00 ff a6 04 00 ff a6 04 00 ff a6 04 00 ff a6 04 00 ff a6 04 07 ff a6 04 00 ff a6 04 00 ff a6 04 00 ff a6 04 00 ff a6 04 00 ff a6 04 00 ff a6 04 07 ff a6 04 00 ff a6 04 00 ff a6 04 00 ff a6 04 00 ff a6 04 00 ff a6 04 00 ff a6 04 07 ff a6 04 00 ff a6 04 00 ff a6 04 00 ff a6 04 00 ff a6 04 00 ff a6 04 00 ff a6 04 07 ff a6 04 00 ff a6 04 00 ff a6 04 00 ff a6 04 00 ff a6 04 00 ff a6 04 00 ff a6 04 07 ff a7 04 00 ff a7 04 00 ff a7 04 00 ff a7 04 00 ff a7 04 00 ff a7 04 00 ff a7 04 ff ff ff ff ff ff ff ff ff ff 0f ff 
[1786974197302] 6b cc 7d 2c 7e 07 01 63 00 a2 00 00 10 02 00 
[1786974197305] 1d 
[1786974197447] 6d cc 7d 2c 7e 07 01 cb 7d 2c 7e 07 68 74 20 2c 10 7f 0b 00 ff 78 20 00 ff 75 20 2c 10 00 ff 75 20 2c 10 ea 17 00 ff 74 20 fa 29 00 ff 74 20 2c 10 00 ff 74 20 2c 10 dc 15 00 ff 74 20 2c 10 00 ff 74 20 f8 29 7f 0b 00 ff a6 11 2c 10 dc 15 00 ff a3 11 52 2c 00 ff a3 11 32 12 52 2c 00 ff a3 11 30 12 2c 10 dc 15 00 ff ad 11 5f 29 00 ff 74 20 00 ff 75 20 00 ff 75 20 00 ff 74 20 00 ff 78 20 00 ff 75 20 00 ff 74 20 00 ff 74 20 30 10 00 ff 75 20 3f 08 00 ff 74 20 00 ff 75 20 00 ff 75 20 3f 08 00 ff 75 20 38 08 01 ff a4 04 00 ff a4 04 00 ff a4 04 00 ff a4 04 00 ff a4 04 00 ff a4 04 00 ff a4 04 4d ff 
[1786974197455] 6d c9 7d 32 7e 06 01 c9 7d 31 7e 06 
[1786974197689] 1e 
[1786974197693] 6d cb 7d 2c 7e 07 01 ca 7d 2c 7e 07 68 74 20 fc 21 00 ff 74 20 fd 21 00 ff 77 20 00 ff 7a 20 00 ff 74 20 17 09 00 ff 74 20 11 09 81 0d 00 ff 75 20 10 09 a9 09 00 00 ff 74 20 10 09 25 0b 00 a9 09 00 a9 09 00 00 ff 76 20 30 10 90 0a 00 ff a9 11 49 18 00 ff ae 11 00 ff a3 11 32 12 00 ff a3 11 30 12 00 ff ae 11 42 07 00 ff 77 20 00 ff 75 20 00 ff 74 20 00 ff 74 20 00 ff 74 20 00 ff 78 20 00 ff 74 20 dd 09 00 ff 74 20 5e 2a 00 ff 63 2c 00 ff 63 2c 00 ff 63 2c 00 ff 63 2c 00 ff 63 2c 01 ff a4 04 00 ff a4 04 00 ff a4 04 00 ff a4 04 00 ff a4 04 00 ff a4 04 00 ff a4 04 4d ff 
[1786974197793] 6d ca 7d 2c 7e 07 01 c9 7d 2c 7e 07 68 75 20 f7 21 00 ff 74 20 fe 21 00 ff 74 20 00 ff 75 20 00 ff 74 20 13 09 00 ff 7b 20 00 ff 74 20 b2 09 00 00 ff 74 20 b2 09 00 00 ff 74 20 30 10 91 0a 00 ff a3 11 43 07 00 ff a3 11 47 18 00 ff b0 11 37 12 00 ff a3 11 35 12 00 ff a3 11 49 0e 00 ff 75 20 2c 10 89 08 7f 0b 00 ff 74 20 2c 10 7a 0a 00 ff 74 20 67 16 00 ff 75 20 2c 10 7a 0a 89 08 00 ff 7a 20 2c 10 7f 0b 00 ff 75 20 2c 10 7c 0a 00 ff 74 20 2c 10 7f 0b 00 ff 75 20 12 2a 06 ff a4 04 00 ff a4 04 00 ff a4 04 00 ff a4 04 00 ff a4 04 00 ff a4 04 00 ff a4 04 4d ff 
[1786974197896] 6d c9 7d 2c 7e 07 01 c8 7d 2c 7e 07 68 74 20 f7 21 00 ff 74 20 fe 21 00 ff 7a 20 00 ff 75 20 00 ff 75 20 13 09 00 ff 74 20 00 ff 75 20 61 00 00 00 00 00 90 02 00 80 02 06 00 5a 65 74 68 72 61 64 00 d7 01 4f 2d 0c 5e 00 00 00 00 d7 37 00 00 00 00 00 02 02 ff 00 01 00 ff 74 20 00 ff 75 20 23 04 47 2c 00 ff ae 11 21 04 41 07 00 ff a3 11 00 ff a5 11 63 1d 00 ff a3 11 00 ff af 11 47 18 00 ff c7 01 89 08 00 ff 74 20 d4 15 00 ff 75 20 d7 15 61 00 00 00 00 00 18 01 00 80 02 05 00 4b 65 70 61 72 64 00 97 00 72 4d 6e 83 00 00 00 00 d7 37 00 00 00 00 00 02 01 ff 00 01 00 ff 75 20 da 15 89 08 00 ff 75 20 11 09 dc 1c 00 00 ff 75 20 10 09 22 3f 00 a7 1f 00 00 ff 74 20 10 09 f8 1c 00 a1 1f 00 00 ff 74 20 30 10 06 ff a4 04 00 ff a4 04 00 ff a4 04 00 ff a4 04 00 ff a4 04 00 ff a4 04 00 ff a4 04 4d ff 
[1786974197997] 6d c8 7d 2c 7e 07 01 c8 7d 2b 7e 07 65 74 20 f7 21 00 ff 74 20 f7 21 00 ff 74 20 fc 21 00 ff 74 20 2c 10 00 ff 74 20 d5 15 00 ff 74 20 d6 15 00 ff 74 20 d6 15 00 ff 77 20 d6 15 00 ff 74 20 d6 15 00 ff 7a 20 d6 15 00 ff 74 20 d6 15 00 ff 74 20 d6 15 00 ff 7b 20 d6 15 00 ff 76 20 2c 10 00 ff 75 20 1d 0a 00 ff 74 20 1e 0a 00 ff 7a 20 21 0a 00 ff 74 20 22 0a 00 ff c6 01 cf 0b 01 00 ff 74 20 2c 10 7c 0a 00 ff 75 20 00 ff 74 20 62 00 15 01 00 80 64 02 21 01 72 72 4b 71 01 00 00 00 d7 37 00 00 00 00 02 01 ff 00 01 00 ff 74 20 fe 08 00 ff 75 20 ff 08 00 ff 74 20 ff 08 00 ff 74 20 ff 08 00 ff 75 20 ff 08 00 ff 75 20 ff 08 00 ff 75 20 ff 08 00 ff 75 20 ff 08 00 ff 7b 20 00 09 00 ff 74 20 00 ff 74 20 2c 10 28 0a 7f 0b 00 ff 74 20 00 ff 74 20 00 ff 74 20 00 ff a4 04 00 ff a4 04 00 ff a4 04 00 ff a4 04 00 ff a4 04 00 ff a4 04 00 ff a5 04 00 ff a5 04 00 ff a6 04 00 ff a6 04 00 ff a6 04 00 ff a6 04 00 ff a6 04 00 ff a6 04 00 ff a6 04 00 ff a6 04 00 ff a6 04 00 ff a6 04 5a ff 
[1786974198140] 6b c8 7d 2b 7e 07 01 63 00 a2 00 00 10 03 00 
[1786974198555] 6d c0 7d 2c 7e 07 01 c0 7d 2d 7e 07 
[1786974198687] 6d c8 7d 2b 7e 07 01 c9 7d 2b 7e 07 66 74 20 1d 0a 00 ff 74 20 00 ff 74 20 00 ff 79 20 00 ff 75 20 00 ff 75 20 00 ff 74 20 cb 15 00 ff 74 20 ce 15 00 ff 7a 20 ce 15 00 ff 74 20 20 04 47 2c 00 ff a3 11 2d 08 00 ff a6 11 3e 07 00 ff a3 11 37 12 00 ff ae 11 35 12 00 ff 7a 20 00 ff 74 20 00 ff 75 20 00 ff 74 20 00 ff 74 20 00 ff 75 20 f7 12 00 ff 74 20 fa 12 00 ff 75 20 fa 12 00 ff 77 20 30 10 05 ff a6 04 00 ff a6 04 00 ff a6 04 00 ff a6 04 00 ff a6 04 00 ff a6 04 00 ff a6 04 00 ff a6 04 4c ff 
[1786974198756] 6d c4 7d 26 7e 06 01 c3 7d 26 7e 06 
[1786974198952] 6d c9 7d 2b 7e 07 01 ca 7d 2b 7e 07 66 75 20 1e 0a 00 ff 78 20 00 ff 74 20 00 ff 7b 20 00 ff 75 20 00 ff 75 20 11 09 00 ff 75 20 10 09 00 ff 74 20 10 09 00 ff 74 20 10 09 00 ff 76 20 25 04 30 10 91 0a 00 ff a3 11 53 0e 00 ff a3 11 00 ff a3 11 36 12 00 ff a4 11 34 12 3f 07 00 ff 74 20 52 2c 00 ff 76 20 2c 10 00 ff 74 20 2c 10 8f 0a 00 ff 75 20 2c 10 94 0a 00 ff 76 20 2c 10 8e 0a 00 ff 76 20 2c 10 00 ff 79 20 52 2c 00 ff 74 20 52 2c 00 ff 74 20 12 2a 91 0a 8f 0a 05 ff a7 04 00 ff a7 04 00 ff a7 04 00 ff a7 04 00 ff a7 04 00 ff a7 04 00 ff a7 04 00 ff a7 04 4c ff 
[1786974199052] 6d ca 7d 2b 7e 07 01 cb 7d 2b 7e 07 66 78 20 52 2c 00 ff 74 20 52 2c 00 ff 74 20 2c 10 00 ff 75 20 2c 10 8f 0a 00 ff 74 20 2c 10 8e 0a 00 ff 7c 20 2c 10 00 ff 76 20 52 2c 00 ff 75 20 1f 04 52 2c 00 ff 75 20 23 04 2c 10 8f 0a 00 ff 74 20 21 04 5e 29 97 0a 00 ff a9 11 00 ff a3 11 00 ff a5 11 46 0e 00 ff b2 11 62 ff 
[1786974199052] 6c cb 7d 2b 7e 07 02 
[1786974199052] 64 cb 7d 2a 7e 06 aa 11 30 10 7d 0b 00 ff 7a 20 fb 21 00 ff 74 20 fc 21 00 ff 74 20 fc 21 00 ff 74 20 fd 21 00 ff 77 20 00 ff 7a 20 00 ff 74 20 17 09 00 ff 74 20 11 09 81 0d 00 ff 75 20 10 09 a9 09 00 00 ff 74 20 10 09 25 0b 00 a9 09 00 a9 09 00 00 ff 76 20 30 10 90 0a 00 ff a9 11 49 18 00 ff ae 11 00 ff a3 11 30 10 00 ff 75 20 2c 10 00 ff 74 20 2c 10 00 ff 74 20 2c 10 7f 0b 00 ff 78 20 00 ff 75 20 2c 10 00 ff 75 20 2c 10 ea 17 00 ff 74 20 fa 29 00 ff 74 20 2c 10 00 ff 74 20 2c 10 dc 15 00 ff 74 20 2c 10 00 ff 74 20 f8 29 7f 0b 00 ff a6 11 2c 10 dc 15 00 ff a3 11 52 2c 00 ff a3 11 30 10 7d 0b 00 ff 75 20 d2 15 00 ff 74 20 d5 15 00 ff 74 20 d5 15 00 ff 74 20 d5 15 00 ff 75 20 d5 15 95 6f 00 ff 75 20 d5 15 00 ff 75 20 30 10 00 ff 7b 20 3f 08 00 ff 74 20 00 ff 74 20 00 ff 7b 20 00 ff 75 20 00 ff 74 20 00 ff a3 11 30 10 9b 21 00 ff 78 20 d3 15 46 3f 00 ff 74 20 d6 15 00 ff 74 20 d6 15 00 ff 74 20 d6 15 00 ff 74 20 d6 15 00 ff 75 20 d6 15 00 ff 76 20 30 10 00 ff 75 20 a6 07 00 ff 74 20 00 ff 75 20 00 ff 74 20 00 ff 74 20 00 ff 74 20 00 ff a5 11 47 2c 00 ff 75 20 d3 15 00 ff 74 20 d6 15 00 ff 75 20 d6 15 00 ff 74 20 d6 15 49 3f 00 ff 75 20 d6 15 00 ff 7b 20 d6 15 00 ff 75 20 30 10 00 ff 74 20 a6 07 00 ff 74 20 00 ff 75 20 00 ff 74 20 c4 20 00 ff 74 20 00 ff 74 20 00 ff a3 11 30 10 d5 2a 00 ff 74 20 d3 15 47 3f 00 ff 77 20 d6 15 00 ff 74 20 d6 15 00 ff 74 20 d6 15 00 ff 74 20 d6 15 00 ff 75 20 d6 15 00 ff 74 20 d9 15 30 10 70 21 00 ff 75 20 f6 12 00 ff 74 20 f9 12 00 ff 78 20 f9 12 00 ff 74 20 f9 12 00 ff 74 20 f9 12 00 ff 74 20 f9 12 00 ff ae 11 47 2c 00 ff 75 20 d3 15 00 ff 74 20 d6 15 00 ff 7a 20 d6 15 00 ff 75 20 d6 15 26 09 b1 2c 00 ff 75 20 d6 15 00 ff 7b 20 d6 15 00 ff 77 20 d9 15 00 ff 74 20 f7 12 00 ff 78 20 fa 12 00 ff 78 20 fa 12 00 ff 74 20 fa 12 00 ff 74 20 fa 12 00 ff 7b 20 fa 12 00 ff aa 11 30 10 d5 2a 00 ff 75 20 d3 15 48 3f 00 ff 7a 20 d6 15 00 ff 74 20 d6 15 00 ff 74 20 d6 15 00 ff 74 20 d6 15 00 ff 74 20 d6 15 00 ff 75 20 d9 15 00 ff 75 20 f8 12 00 ff 75 20 e4 0b 01 fb 12 00 ff 74 20 fb 12 00 ff 75 20 fb 12 00 ff 74 20 fb 12 00 ff 74 20 fb 12 00 ff ae 11 47 2c 00 ff 7b 20 d3 15 00 ff 74 20 d6 15 00 ff 74 20 d6 15 00 ff 74 20 d6 15 4a 3f 00 ff 74 20 d6 15 00 ff 75 20 d6 15 00 ff 7a 20 30 10 71 21 00 ff 74 20 00 ff 74 20 00 ff 74 20 00 ff 77 20 c4 20 00 ff 74 20 00 ff 74 20 00 ff a5 11 30 10 9b 21 00 ff 74 20 d3 15 78 c4 00 ff 74 20 d6 15 00 ff 75 20 d6 15 00 ff 79 20 d6 15 00 ff 74 20 d6 15 00 ff 78 20 d6 15 00 ff 74 20 30 10 00 ff 74 20 a6 07 00 ff 74 20 00 ff 74 20 00 ff 74 20 00 ff 75 20 00 ff 75 20 00 ff a3 11 30 10 00 ff 74 20 d3 15 00 ff 7b 20 d6 15 00 ff 77 20 d6 15 00 ff 74 20 d6 15 00 ff 74 20 d6 15 00 ff 74 20 d6 15 00 ff 74 20 30 10 00 ff 75 20 a6 07 00 ff 74 20 00 ff 74 20 00 ff 74 20 00 ff 74 20 00 ff 78 20 00 ff a3 11 30 10 7d 0b 00 ff 74 20 30 01 2c 10 00 ff 76 20 2c 10 00 ff 75 20 d7 15 2c 10 00 ff 74 20 d7 15 00 ff 74 20 2c 10 00 ff 74 20 2c 10 00 ff 76 20 f8 29 00 ff 7b 20 2c 10 7f 0b 00 ff 76 20 2c 10 00 ff 74 20 2c 10 00 ff 74 20 37 01 fa 29 00 ff 75 20 6a 02 2c 10 94 0a 00 ff 74 20 6a 02 52 2c 8e 0a 00 ff a6 11 30 10 7d 0b 00 ff 75 20 1b 0a 00 ff 75 20 1d 0a 00 ff 74 20 00 ff 74 20 00 ff 75 20 00 ff 74 20 00 ff 74 20 11 09 00 ff 78 20 10 09 00 ff 74 20 10 09 00 ff 75 20 10 09 00 ff 7c 20 97 01 30 10 92 0a 00 ff a6 11 47 0e 01 00 ff a7 11 00 ff a3 11 39 12 30 10 70 21 00 ff 75 20 1c 0a 00 ff 74 20 1e 0a 00 ff 75 20 00 ff 74 20 00 ff 75 20 00 ff 75 20 00 ff 75 20 00 ff 78 20 c9 15 00 ff 7b 20 cc 15 00 ff 74 20 cc 15 00 ff 74 20 30 10 92 0a 00 ff a3 11 30 12 3c 07 00 ff a3 11 4a 18 00 ff 67 00 cd 21 00 ff 74 20 1f 0a 00 ff 7a 20 21 0a 00 ff 74 20 00 ff 75 20 00 ff 74 20 00 ff 74 20 00 ff 75 20 00 ff 74 20 ca 15 00 ff 78 20 cd 15 00 ff 74 20 cd 15 00 ff 75 20 30 10 90 0a 00 ff a7 11 34 12 47 18 00 ff a7 11 00 ff 67 00 cd 21 00 ff 75 20 20 0a 00 ff 74 20 22 0a 00 ff 75 20 00 ff 74 20 00 ff 75 20 00 ff 74 20 62 00 8f 02 00 80 64 00 4f 01 4f 4d 4f 5e 02 00 00 00 d7 37 00 00 00 00 02 01 ff 00 01 00 ff 78 20 00 ff 7b 20 ca 15 00 ff 74 20 cd 15 00 ff 74 20 cd 15 00 ff 75 20 47 2c 00 ff af 11 00 ff a4 11 00 ff a7 11 30 10 71 21 00 ff 75 20 1b 0a 00 ff 74 20 1d 0a 00 ff 74 20 00 ff 74 20 00 ff 79 20 00 ff 75 20 00 ff 75 20 00 ff 74 20 cb 15 00 ff 74 20 ce 15 00 ff 7a 20 ce 15 00 ff 74 20 20 04 47 2c 00 ff a3 11 2d 08 00 ff a6 11 3e 07 00 ff a6 11 30 10 00 ff 74 20 1c 0a 00 ff 75 20 1e 0a 00 ff 78 20 00 ff 74 20 00 ff 7b 20 00 ff 75 20 00 ff 75 20 11 09 00 ff 75 20 10 09 00 ff 74 20 10 09 00 ff 74 20 10 09 00 ff 76 20 25 04 30 10 91 0a 00 ff a3 11 53 0e 00 ff a3 11 00 ff 75 20 da 09 00 ff 74 20 00 ff 75 20 62 00 15 01 00 80 64 03 21 01 72 72 4b 71 01 00 00 00 d7 37 00 00 00 00 02 01 ff 00 01 00 ff 77 20 00 ff 75 20 00 ff 74 20 00 ff 74 20 00 ff 74 20 00 ff 78 20 00 ff 74 20 dd 09 00 ff 74 20 5e 2a 00 ff 63 2c 00 ff 63 2c 00 ff 63 2c 00 ff 77 20 00 ff 75 20 00 ff 74 20 00 ff 74 20 00 ff 75 20 00 ff 75 20 00 ff 74 20 00 ff 78 20 00 ff 75 20 00 ff 74 20 00 ff 74 20 30 10 00 ff 75 20 3f 08 00 ff 74 20 00 ff 75 20 00 ff 74 20 00 ff 74 20 00 ff 74 20 fe 08 00 ff 74 20 01 09 00 ff 75 20 00 ff 7b 20 00 ff 74 20 00 ff 9d 01 00 ff 74 20 00 ff 79 20 00 ff 7c 20 47 2c 00 ff 75 20 00 ff 7b 20 00 ff 75 20 00 ff 74 20 00 ff 74 20 38 09 00 ff 75 20 ff 08 00 ff 74 20 02 09 00 ff 75 20 36 09 00 ff 74 20 00 ff 74 20 00 ff 9d 01 00 ff 74 20 00 ff 75 20 00 ff 74 20 47 2c 00 ff 74 20 00 ff 75 20 00 ff 75 20 00 ff 75 20 00 ff 74 20 00 ff 74 20 ff 08 00 ff 74 20 02 09 00 ff 74 20 00 ff 75 20 00 ff 78 20 00 ff 74 20 00 ff 74 20 00 ff 74 20 00 ff 74 20 30 10 4e 1b 70 21 00 ff 75 20 00 ff 75 20 00 ff 74 20 00 ff 74 20 00 ff 78 20 38 09 00 ff 74 20 ff 08 00 ff 7b 20 02 09 00 ff 74 20 36 09 00 ff 74 20 00 ff 74 20 00 ff 75 20 3f 08 00 ff 75 20 00 ff 75 20 00 ff 75 20 00 ff 74 20 00 ff 74 20 00 ff 75 20 00 ff 74 20 00 ff 74 20 00 ff 75 20 ff 08 00 ff 74 20 02 09 00 ff 74 20 00 ff 75 20 00 ff 78 20 00 ff 7a 20 3f 08 00 ff 74 20 00 ff 74 20 00 ff 74 20 00 ff 74 20 00 ff 75 20 00 ff 7a 20 62 00 19 01 00 80 64 00 d7 01 00 39 00 44 02 00 00 00 d7 37 00 00 00 00 02 02 ff 00 01 00 ff 74 20 00 ff 74 20 38 09 00 ff 75 20 ff 08 00 ff 74 20 02 09 00 ff 74 20 36 09 00 ff 75 20 00 ff 74 20 00 ff 75 20 00 ff 74 20 00 ff 74 20 00 ff 74 20 30 10 4e 1b 71 21 00 ff 74 20 00 ff 74 20 8d 16 00 ff 74 20 00 ff 74 20 00 ff 75 20 62 00 16 01 00 80 64 02 9f 00 26 4d 4e 5e 00 00 00 00 d7 37 00 00 00 00 02 01 ff 00 01 00 ff 75 20 ff 08 00 ff 7a 20 02 09 00 ff 7a 20 00 ff 74 20 00 ff 74 20 62 00 a2 00 00 10 64 01 89 00 15 55 55 43 02 73 03 00 00 00 00 05 d5 ec 03 00 00 00 00 0c 00 ff 00 00 00 ff 9d 01 00 ff 74 20 00 ff 74 20 00 ff 74 20 47 2c 00 ff 74 20 8b 16 86 c4 00 ff ec 3c 59 4a 00 ff 74 20 8c 16 5e 4a 00 ff 74 20 00 ff 74 20 38 09 00 ff 75 20 ff 08 00 ff 75 20 02 09 00 ff 74 20 36 09 00 ff 75 20 00 ff 74 20 00 ff 9d 01 00 ff 74 20 00 ff 74 20 00 ff 74 20 47 2c 00 ff 74 20 3f 08 5b 4a e8 4a 00 ff 74 20 8e 16 00 ff 74 20 00 ff 74 20 00 ff 75 20 00 ff 7b 20 00 09 00 ff 75 20 03 09 00 ff 74 20 00 ff 74 20 00 ff 75 20 00 ff 75 20 00 ff 75 20 00 ff 74 20 00 ff 74 20 5e 2a 91 0a 00 ff 75 20 63 2c 00 ff 75 20 63 2c 00 ff 78 20 63 2c 00 ff 75 20 00 ff 75 20 00 ff 74 20 00 ff 75 20 00 ff 74 20 00 ff 75 20 00 ff 75 20 00 ff 79 20 00 ff 74 20 00 ff 75 20 d9 09 00 ff 74 20 30 10 92 0a 03 ff 77 20 2c 10 28 0a 00 ff 77 20 2c 10 28 0a 00 ff 74 20 2c 10 28 0a 7f 0b 00 ff 74 20 2c 10 28 0a 00 ff 78 20 06 22 2c 10 28 0a 00 ff 74 20 ff 21 00 ff 74 20 2c 10 28 0a 00 ff 77 20 2c 10 28 0a 00 ff 76 20 2c 10 28 0a 7f 0b 00 ff 74 20 2c 10 28 0a 00 ff 74 20 12 2a 28 0a 90 0a 03 ff 7b 20 ea 02 00 ff 74 20 00 ff 74 20 00 ff 75 20 fa 21 00 ff 77 20 d7 22 24 4b 00 ff 74 20 fe 21 00 ff 74 20 00 ff 74 20 f6 12 00 ff 74 20 f9 12 00 ff 74 20 f9 12 00 ff 74 20 30 10 03 ff 74 20 9d 07 00 ff 74 20 00 ff 74 20 00 ff 75 20 fb 21 00 ff 74 20 fc 21 00 ff 7a 20 fd 21 00 ff 74 20 00 ff 74 20 f7 12 00 ff 7b 20 fa 12 00 ff 7b 20 fa 12 00 ff 77 20 47 2c 03 ff 74 20 9d 07 00 ff 74 20 00 ff 74 20 00 ff 74 20 00 ff 75 20 62 00 17 01 00 80 64 02 85 00 3c 5e 72 73 00 00 00 00 d7 37 00 00 00 00 02 01 ff 00 01 00 ff 75 20 00 ff 74 20 00 ff 74 20 f7 12 00 ff 74 20 fa 12 00 ff 74 20 fa 12 00 ff 74 20 30 10 03 ff 74 20 ea 02 00 ff 75 20 00 ff 7a 20 00 ff 74 20 00 ff 75 20 00 ff 74 20 00 ff 74 20 00 ff 75 20 f7 12 00 ff 74 20 fa 12 00 ff 75 20 fa 12 00 ff 77 20 30 10 03 ff 7c 20 2c 10 00 ff 74 20 52 2c 00 ff 74 20 52 2c 00 ff 76 20 2c 10 00 ff 74 20 2c 10 8f 0a 00 ff 75 20 2c 10 94 0a 00 ff 76 20 2c 10 8e 0a 00 ff 76 20 2c 10 00 ff 79 20 52 2c 00 ff 74 20 52 2c 00 ff 74 20 12 2a 91 0a 8f 0a 03 ff a4 04 00 ff a4 04 00 ff a4 04 00 ff a4 04 00 ff a4 04 00 ff a4 04 00 ff a4 04 00 ff a4 04 00 ff a4 04 00 ff a4 04 04 ff a4 04 00 ff a4 04 00 ff a4 04 00 ff a4 04 00 ff a4 04 00 ff a4 04 00 ff a4 04 00 ff a4 04 00 ff a4 04 00 ff a4 04 04 ff a4 04 00 ff a4 04 00 ff a4 04 00 ff a4 04 00 ff a4 04 00 ff a4 04 00 ff a4 04 00 ff a4 04 00 ff a4 04 00 ff a4 04 04 ff a4 04 00 ff a4 04 00 ff a4 04 00 ff a4 04 00 ff a4 04 00 ff a4 04 00 ff a4 04 00 ff a4 04 00 ff a4 04 00 ff a4 04 04 ff a5 04 00 ff a5 04 00 ff a5 04 00 ff a5 04 00 ff a5 04 00 ff a5 04 00 ff a5 04 00 ff a5 04 00 ff a5 04 00 ff a5 04 04 ff a5 04 00 ff a5 04 00 ff a5 04 00 ff a5 04 00 ff a5 04 00 ff a5 04 00 ff a5 04 00 ff a5 04 00 ff a5 04 00 ff a5 04 04 ff a6 04 00 ff a6 04 00 ff a6 04 00 ff a6 04 00 ff a6 04 00 ff a6 04 00 ff a6 04 00 ff a6 04 00 ff a6 04 00 ff a6 04 04 ff a6 04 00 ff a6 04 00 ff a6 04 00 ff a6 04 00 ff a6 04 00 ff a6 04 00 ff a6 04 00 ff a6 04 00 ff a6 04 00 ff a6 04 04 ff a6 04 00 ff a6 04 00 ff a6 04 00 ff a6 04 00 ff a6 04 00 ff a6 04 00 ff a6 04 00 ff a6 04 00 ff a6 04 00 ff a6 04 04 ff a6 04 00 ff a6 04 00 ff a6 04 00 ff a6 04 00 ff a6 04 00 ff a6 04 00 ff a6 04 00 ff a6 04 00 ff a6 04 00 ff a6 04 04 ff a6 04 00 ff a6 04 00 ff a6 04 00 ff a6 04 00 ff a6 04 00 ff a6 04 00 ff a6 04 00 ff a6 04 00 ff a6 04 00 ff a6 04 04 ff a6 04 00 ff a6 04 00 ff a6 04 00 ff a6 04 00 ff a6 04 00 ff a6 04 00 ff a6 04 00 ff a6 04 00 ff a6 04 00 ff a6 04 04 ff a6 04 00 ff a6 04 00 ff a6 04 00 ff a6 04 00 ff a6 04 00 ff a6 04 00 ff a6 04 00 ff a6 04 00 ff a6 04 00 ff a6 04 04 ff a6 04 00 ff a6 04 00 ff a6 04 00 ff a6 04 00 ff a6 04 00 ff a6 04 00 ff a6 04 00 ff a6 04 00 ff a6 04 00 ff a6 04 04 ff a6 04 00 ff a6 04 00 ff a6 04 00 ff a6 04 00 ff a6 04 00 ff a6 04 00 ff a6 04 00 ff a6 04 00 ff a6 04 00 ff a6 04 04 ff a6 04 00 ff a6 04 4a 18 00 ff a6 04 00 ff a6 04 00 ff a6 04 00 ff a6 04 00 ff a6 04 00 ff a6 04 00 ff a6 04 00 ff a6 04 04 ff a6 04 00 ff a6 04 00 ff a6 04 00 ff a6 04 00 ff a6 04 00 ff a6 04 00 ff a6 04 00 ff a6 04 00 ff a6 04 00 ff a6 04 04 ff a7 04 00 ff a7 04 00 ff a7 04 00 ff a7 04 00 ff a7 04 00 ff a7 04 00 ff a7 04 00 ff a7 04 00 ff a7 04 00 ff a7 04 ff ff ff ff ff ff ff ff f0 ff 
[1786974199052] 6b cb 7d 2a 7e 06 01 63 00 a2 00 00 10 00 00 
[1786974199152] 6d cb 7d 2a 7e 06 01 cc 7d 29 7e 06 65 ae 11 35 12 00 ff a5 11 34 12 00 ff a3 11 41 07 00 ff ad 11 00 ff a3 11 49 0e 00 ff a3 11 43 07 00 ff ad 11 49 18 00 ff a3 11 46 0e 00 ff a3 11 49 0e 00 ff a3 11 3c 07 00 ff a3 11 af 55 00 ff a3 11 47 18 00 ff a3 11 ea 88 47 0e 01 00 ff a3 11 3b 12 ce 21 00 ff 67 00 ce 21 00 ff af 11 38 12 ce 21 00 ff ad 11 34 12 eb 88 52 0e 00 ff a3 11 22 12 00 ff 30 10 97 21 00 ff 30 10 6f 0a 00 ff 47 2c 00 ff 30 10 6d 0a 00 ff 30 10 95 21 00 ff 30 10 73 0a 00 ff 47 2c 00 ff 30 10 73 0a 00 ff 30 10 95 21 00 ff 30 10 6d 0a 00 ff 47 2c 00 ff 30 10 6f 0a 00 ff 30 10 97 21 00 ff 30 10 27 0a 00 ff 47 2c 27 0a 00 ff 30 10 27 0a 00 ff 30 10 27 0a 00 ff 5d 29 27 0a 00 ff a4 04 00 ff a4 04 00 ff a4 04 00 ff a4 04 00 ff a5 04 00 ff a5 04 00 ff a6 04 00 ff a6 04 00 ff a6 04 00 ff a6 04 00 ff a6 04 00 ff a6 04 00 ff a6 04 00 ff a6 04 00 ff a6 04 00 ff a6 04 00 ff a6 04 00 ff a7 04 5a ff 66 a3 11 19 12 49 18 00 ff ad 11 5d 29 7d 0b 96 0a 00 ff 74 20 2c 10 8e 0a 00 ff 78 20 52 2c 00 ff 74 20 52 2c 00 ff 74 20 2c 10 00 ff 75 20 2c 10 8f 0a 00 ff 74 20 2c 10 8e 0a 00 ff 7c 20 2c 10 00 ff 76 20 52 2c 00 ff 75 20 1f 04 52 2c 00 ff 75 20 23 04 2c 10 8f 0a 00 ff 74 20 21 04 5e 29 97 0a 00 ff a9 11 62 ff 
[1786974199452] 6d cc 7d 29 7e 06 01 cd 7d 29 7e 06 66 ad 11 19 12 00 ff ad 11 4a 18 42 07 00 ff a3 11 47 18 00 ff a3 11 4a 18 00 ff a3 11 00 ff af 11 00 ff b1 11 32 12 00 ff aa 11 30 12 49 18 00 ff a3 11 00 ff a3 11 63 1d 00 ff a3 11 af 55 00 ff aa 11 53 0e 00 ff a3 11 00 ff b1 11 62 ff 
[1786974199456] 6a c9 7d 30 7e 06 01 62 00 19 01 00 80 64 00 d7 01 00 39 00 44 02 00 00 00 d7 37 00 00 00 00 02 02 ff 00 01 
[1786974199573] 6d cd 7d 29 7e 06 01 ce 7d 28 7e 06 65 a3 11 00 ff aa 11 49 0e 00 ff aa 11 49 0e 00 ff a3 11 5b 0e 00 ff a3 11 52 0e 00 ff a3 11 5e 0e 00 ff a5 11 3e 07 00 ff a6 11 5d 0e 00 ff a3 11 22 12 2e 0f 00 ff ae 11 19 12 43 07 00 ff ad 11 19 12 ee 88 cf 08 00 ff 74 20 e3 08 00 ff 75 20 00 ff 75 20 cf 08 00 ff a3 11 36 12 19 12 ef 88 ed 08 00 ff a3 11 1e 12 00 ff f7 11 00 ff f7 11 12 ff a9 04 00 ff a8 04 a9 04 00 ff aa 04 ac 04 00 ff a8 04 aa 04 00 ff ab 04 ac 04 00 ff ab 04 00 ff ab 04 00 ff ab 04 00 ff ab 04 00 ff ab 04 00 ff ab 04 00 ff ab 04 00 ff ab 04 00 ff ab 04 00 ff ab 04 00 ff ac 04 5c ff 66 f6 11 00 ff ad 11 19 12 53 0e 00 ff a3 11 24 12 3e 07 00 ff a8 11 1a 12 00 ff a3 11 1a 12 00 ff aa 11 22 12 46 0e 00 ff a3 11 5d 0e 00 ff a3 11 36 12 60 0e 00 ff a3 11 34 12 00 ff ad 11 49 0e 00 ff a3 11 3f 07 00 ff ac 11 47 0e 01 00 ff aa 11 4a 18 00 ff a3 11 42 07 62 ff 
[1786974199856] 6d cb 7d 25 7e 06 01 cb 7d 24 7e 06 
[1786974200194] 6d ce 7d 28 7e 06 01 cd 7d 28 7e 06 68 a3 11 00 ff a3 11 41 07 00 ff a3 11 30 10 7d 0b 00 ff 75 20 d2 15 00 ff 74 20 d5 15 00 ff 74 20 d5 15 00 ff 74 20 d5 15 00 ff 75 20 d5 15 95 6f 00 ff 75 20 d5 15 00 ff 75 20 30 10 00 ff 7b 20 3f 08 00 ff 74 20 00 ff 74 20 00 ff 7b 20 01 ff 47 2c 00 ff 74 20 00 ff 74 20 00 ff 74 20 fe 08 00 ff 74 20 01 09 00 ff 75 20 00 ff 7b 20 00 ff 74 20 00 ff 9d 01 00 ff 74 20 00 ff 79 20 00 ff 7c 20 47 2c 00 ff 75 20 00 ff a9 04 00 ff a4 04 00 ff a4 04 00 ff a4 04 00 ff a4 04 00 ff a4 04 00 ff a4 04 00 ff a4 04 00 ff a4 04 00 ff a4 04 00 ff a4 04 00 ff a4 04 48 ff 
[1786974200381] ef 11 08 
[1786974200569] 6d cd 7d 28 7e 06 01 cc 7d 28 7e 06 68 a3 11 36 12 af 55 00 ff a5 11 34 12 00 ff a3 11 30 10 00 ff 75 20 2c 10 00 ff 74 20 2c 10 00 ff 74 20 2c 10 7f 0b 00 ff 78 20 00 ff 75 20 2c 10 00 ff 75 20 2c 10 ea 17 00 ff 74 20 fa 29 00 ff 74 20 2c 10 00 ff 74 20 2c 10 dc 15 00 ff 74 20 2c 10 00 ff 74 20 f8 29 7f 0b 01 ff 30 10 6f 0a 00 ff 77 20 00 ff 75 20 00 ff 74 20 00 ff 74 20 00 ff 75 20 00 ff 75 20 00 ff 74 20 00 ff 78 20 00 ff 75 20 00 ff 74 20 00 ff 74 20 30 10 00 ff 75 20 3f 08 00 ff a9 04 00 ff a4 04 00 ff a4 04 00 ff a4 04 00 ff a4 04 00 ff a4 04 00 ff a4 04 00 ff a4 04 00 ff a4 04 00 ff a4 04 00 ff a4 04 00 ff a4 04 48 ff 
[1786974200693] 6b cc 7d 28 7e 06 01 63 00 a2 00 00 10 02 00 
[1786974200693] 6d cc 7d 28 7e 06 01 cc 7d 29 7e 06 67 a6 11 2c 10 dc 15 00 ff 75 20 00 ff 74 20 00 ff 74 20 00 ff 74 20 f9 12 00 ff 74 20 fa 12 00 ff 74 20 fb 12 00 ff 74 20 00 ff 75 20 00 ff 74 20 00 ff 75 20 6a 02 2c 10 94 0a 00 ff a6 11 47 0e 01 00 ff a3 11 30 12 3c 07 00 ff a7 11 34 12 47 18 00 ff af 11 00 ff a3 11 2d 08 00 ff a3 11 53 0e 00 ff a9 11 00 ff 74 20 00 ff 7b 20 00 ff 75 20 00 ff 75 20 00 ff 74 20 00 ff 75 20 62 00 19 01 00 80 64 00 d7 01 00 39 00 44 02 00 00 00 d7 37 00 00 00 00 02 02 ff 00 01 00 ff 74 20 8d 16 00 ff ec 3c 59 4a 00 ff 74 20 8e 16 00 ff 75 20 63 2c 74 ff 
[1786974200850] 6d cc 7d 29 7e 06 01 cb 7d 29 7e 06 68 ae 11 35 12 00 ff aa 11 30 10 7d 0b 00 ff 7a 20 fb 21 00 ff 74 20 fc 21 00 ff 74 20 fc 21 00 ff 74 20 fd 21 00 ff 77 20 00 ff 7a 20 00 ff 74 20 17 09 00 ff 74 20 11 09 81 0d 00 ff 75 20 10 09 a9 09 00 00 ff 74 20 10 09 25 0b 00 a9 09 00 a9 09 00 00 ff 76 20 30 10 90 0a 00 ff a9 11 49 18 00 ff 30 10 97 21 00 ff 75 20 da 09 00 ff 74 20 62 00 15 01 00 80 64 00 21 01 72 72 4b 71 01 00 00 00 d7 37 00 00 00 00 02 01 ff 00 01 00 ff 75 20 00 ff 77 20 00 ff 75 20 00 ff 74 20 00 ff 74 20 00 ff 74 20 00 ff 78 20 00 ff 74 20 dd 09 00 ff 74 20 5e 2a 00 ff 63 2c 00 ff 63 2c 00 ff a4 04 00 ff a4 04 00 ff a4 04 00 ff a4 04 00 ff a4 04 00 ff a4 04 00 ff a4 04 00 ff a4 04 00 ff a4 04 00 ff a4 04 00 ff a4 04 49 ff 
[1786974200992] 6d cb 7d 29 7e 06 01 cb 7d 2a 7e 06 67 ae 11 00 ff a3 11 52 2c 00 ff 74 20 00 ff 74 20 00 ff 74 20 00 ff 74 20 f9 12 00 ff 7b 20 fa 12 00 ff 74 20 fb 12 00 ff 74 20 00 ff 75 20 00 ff 78 20 00 ff 74 20 6a 02 52 2c 8e 0a 00 ff a7 11 00 ff a3 11 4a 18 00 ff a7 11 00 ff a4 11 00 ff a6 11 3e 07 00 ff a3 11 00 ff 63 2c 00 ff 75 20 00 ff 75 20 00 ff 75 20 00 ff 74 20 00 ff 75 20 00 ff 7a 20 00 ff 74 20 00 ff 74 20 8c 16 5e 4a 00 ff 74 20 00 ff 78 20 63 2c 73 ff 
[1786974201100] 6d cb 7d 2a 7e 06 01 cb 7d 2b 7e 06 67 a3 11 32 12 00 ff a3 11 32 12 52 2c 00 ff 75 20 00 ff 77 20 00 ff 75 20 c4 20 00 ff 74 20 f9 12 00 ff 74 20 fa 12 00 ff 75 20 fb 12 00 ff 75 20 c4 20 00 ff 74 20 00 ff 74 20 00 ff 74 20 6a 02 52 2c 00 ff a3 11 af 55 00 ff a3 11 00 ff a3 11 00 ff ae 11 4a 18 00 ff a3 11 37 12 00 ff a3 11 36 12 00 ff 63 2c 00 ff 75 20 3f 08 00 ff 75 20 00 ff 74 20 00 ff 75 20 00 ff 74 20 cb 64 00 ff 75 20 00 ff 74 20 00 ff 75 20 00 ff 7b 20 3f 08 00 ff 76 20 63 2c 73 ff 
[1786974201100] 6c cb 7d 2b 7e 06 01 
[1786974201100] 64 cb 7d 2c 7e 07 74 20 2c 10 7f 0b 00 ff 78 20 00 ff 75 20 2c 10 00 ff 75 20 2c 10 ea 17 00 ff 74 20 fa 29 00 ff 74 20 2c 10 00 ff 74 20 2c 10 dc 15 00 ff 74 20 2c 10 00 ff 74 20 f8 29 7f 0b 00 ff a6 11 2c 10 dc 15 00 ff a3 11 52 2c 00 ff a3 11 32 12 52 2c 00 ff a3 11 30 12 2c 10 dc 15 00 ff ad 11 5f 29 00 ff 74 20 d5 15 00 ff 74 20 d5 15 00 ff 75 20 d5 15 95 6f 00 ff 75 20 d5 15 00 ff 75 20 30 10 00 ff 7b 20 3f 08 00 ff 74 20 00 ff 74 20 00 ff 7b 20 00 ff 75 20 00 ff 74 20 00 ff 75 20 00 ff 75 20 00 ff 7b 20 30 10 4b 1b 00 ff 74 20 d6 15 00 ff 74 20 d6 15 00 ff 74 20 d6 15 00 ff 75 20 d6 15 00 ff 76 20 30 10 00 ff 75 20 a6 07 00 ff 74 20 00 ff 75 20 00 ff 74 20 00 ff 74 20 00 ff 74 20 00 ff 77 20 00 ff 74 20 00 ff 74 20 47 2c 00 ff 75 20 d6 15 00 ff 74 20 d6 15 49 3f 00 ff 75 20 d6 15 00 ff 7b 20 d6 15 00 ff 75 20 30 10 00 ff 74 20 a6 07 00 ff 74 20 00 ff 75 20 00 ff 74 20 c4 20 00 ff 74 20 00 ff 74 20 00 ff 75 20 c4 20 00 ff 75 20 00 ff 74 20 47 2c 00 ff 74 20 d6 15 00 ff 74 20 d6 15 00 ff 74 20 d6 15 00 ff 75 20 d6 15 00 ff 74 20 d9 15 30 10 70 21 00 ff 75 20 f6 12 00 ff 74 20 f9 12 00 ff 78 20 f9 12 00 ff 74 20 f9 12 00 ff 74 20 f9 12 00 ff 74 20 f9 12 00 ff 74 20 f9 12 00 ff 75 20 fc 12 00 ff 74 20 30 10 70 21 00 ff 7a 20 d6 15 00 ff 75 20 d6 15 26 09 b1 2c 00 ff 75 20 d6 15 00 ff 7b 20 d6 15 00 ff 77 20 d9 15 00 ff 74 20 f7 12 00 ff 78 20 fa 12 00 ff 78 20 fa 12 00 ff 74 20 fa 12 00 ff 74 20 fa 12 00 ff 7b 20 fa 12 00 ff 74 20 fa 12 00 ff 74 20 fd 12 00 ff 75 20 00 ff 74 20 d6 15 00 ff 74 20 d6 15 00 ff 74 20 d6 15 00 ff 74 20 d6 15 00 ff 75 20 d9 15 00 ff 75 20 f8 12 00 ff 75 20 e4 0b 01 fb 12 00 ff 74 20 fb 12 00 ff 75 20 fb 12 00 ff 74 20 fb 12 00 ff 74 20 fb 12 00 ff 75 20 fb 12 00 ff 75 20 fe 12 00 ff 75 20 00 ff 74 20 d6 15 00 ff 74 20 d6 15 4a 3f 00 ff 74 20 d6 15 00 ff 75 20 d6 15 00 ff 7a 20 30 10 71 21 00 ff 74 20 00 ff 74 20 00 ff 74 20 00 ff 77 20 c4 20 00 ff 74 20 00 ff 74 20 00 ff 75 20 c4 20 00 ff 75 20 00 ff 77 20 30 10 71 21 00 ff 75 20 d6 15 00 ff 79 20 d6 15 00 ff 74 20 d6 15 00 ff 78 20 d6 15 00 ff 74 20 30 10 00 ff 74 20 a6 07 00 ff 74 20 62 00 a2 00 00 10 64 02 89 00 15 55 55 43 02 73 03 00 00 00 00 05 d5 ec 03 00 00 00 00 0c 00 ff 00 00 00 ff 74 20 00 ff 74 20 00 ff 75 20 00 ff 75 20 00 ff 74 20 00 ff 75 20 00 ff 75 20 47 2c 00 ff 77 20 d6 15 00 ff 74 20 d6 15 00 ff 74 20 d6 15 00 ff 74 20 d6 15 00 ff 74 20 30 10 00 ff 75 20 a6 07 00 ff 74 20 00 ff 74 20 00 ff 74 20 00 ff 74 20 00 ff 78 20 00 ff 74 20 00 ff 74 20 00 ff 74 20 47 2c 00 ff 75 20 d7 15 2c 10 00 ff 74 20 d7 15 00 ff 74 20 2c 10 00 ff 74 20 2c 10 00 ff 76 20 f8 29 00 ff 7b 20 2c 10 7f 0b 00 ff 76 20 2c 10 00 ff 74 20 2c 10 00 ff 74 20 37 01 fa 29 00 ff 75 20 6a 02 2c 10 94 0a 00 ff 74 20 6a 02 52 2c 8e 0a 00 ff 74 20 6a 02 52 2c 00 ff 74 20 6a 02 2c 10 00 ff 75 20 3b 01 5e 29 4b 1b a0 0a a4 0a 00 ff 74 20 00 ff 74 20 00 ff 75 20 00 ff 74 20 00 ff 74 20 11 09 00 ff 78 20 10 09 00 ff 74 20 10 09 00 ff 75 20 10 09 00 ff 7c 20 97 01 30 10 92 0a 00 ff a6 11 47 0e 01 00 ff a7 11 00 ff a3 11 af 55 00 ff b0 11 00 ff a3 11 49 18 00 ff 75 20 00 ff 74 20 00 ff 75 20 00 ff 75 20 00 ff 75 20 00 ff 78 20 c9 15 00 ff 7b 20 cc 15 00 ff 74 20 cc 15 00 ff 74 20 30 10 92 0a 00 ff a3 11 30 12 3c 07 00 ff a3 11 4a 18 00 ff a3 11 00 ff a3 11 00 ff a3 11 63 1d 00 ff 74 20 00 ff 75 20 00 ff 74 20 00 ff 74 20 00 ff 75 20 00 ff 74 20 ca 15 00 ff 78 20 cd 15 00 ff 74 20 cd 15 00 ff 75 20 30 10 90 0a 00 ff a7 11 34 12 47 18 00 ff a7 11 00 ff a3 11 00 ff a3 11 49 0e 00 ff a3 11 1e 04 00 ff 75 20 00 ff 74 20 00 ff 75 20 00 ff 74 20 62 00 8f 02 00 80 64 00 4f 01 4f 4d 4f 5e 02 00 00 00 d7 37 00 00 00 00 02 01 ff 00 01 00 ff 78 20 00 ff 7b 20 ca 15 00 ff 74 20 cd 15 00 ff 74 20 cd 15 00 ff 75 20 47 2c 00 ff af 11 00 ff a4 11 00 ff ae 11 4a 18 00 ff a3 11 d3 0a 00 ff a3 11 24 04 00 ff 74 20 00 ff 74 20 00 ff 79 20 00 ff 75 20 00 ff 75 20 00 ff 74 20 cb 15 00 ff 74 20 ce 15 00 ff 7a 20 ce 15 00 ff 74 20 20 04 47 2c 00 ff a3 11 2d 08 00 ff a6 11 3e 07 00 ff a3 11 37 12 00 ff ae 11 35 12 00 ff ad 11 1f 04 49 18 00 ff 78 20 00 ff 74 20 00 ff 7b 20 00 ff 75 20 00 ff 75 20 11 09 00 ff 75 20 10 09 00 ff 74 20 10 09 00 ff 74 20 10 09 00 ff 76 20 25 04 30 10 91 0a 00 ff a3 11 53 0e 00 ff a3 11 00 ff a3 11 36 12 00 ff a4 11 34 12 3f 07 00 ff a3 11 43 07 00 ff 74 20 52 2c 00 ff 74 20 2c 10 00 ff 75 20 2c 10 8f 0a 00 ff 74 20 2c 10 8e 0a 00 ff 7c 20 2c 10 00 ff 76 20 52 2c 00 ff 75 20 1f 04 52 2c 00 ff 75 20 23 04 2c 10 8f 0a 00 ff 74 20 21 04 5e 29 97 0a 00 ff a9 11 00 ff a3 11 00 ff a5 11 46 0e 00 ff b2 11 00 ff a7 11 49 0e 00 ff 74 20 00 ff 75 20 00 ff 75 20 00 ff 74 20 00 ff 78 20 00 ff 75 20 00 ff 74 20 00 ff 74 20 30 10 00 ff 75 20 3f 08 00 ff 74 20 00 ff 75 20 00 ff 75 20 3f 08 00 ff 75 20 38 08 01 ff 74 20 01 09 00 ff 75 20 00 ff 7b 20 00 ff 74 20 00 ff 9d 01 00 ff 74 20 00 ff 79 20 00 ff 7c 20 47 2c 00 ff 75 20 00 ff 7b 20 00 ff 75 20 00 ff 75 20 00 ff 74 20 ba 2d 01 ff 74 20 02 09 00 ff 75 20 36 09 00 ff 74 20 00 ff 74 20 00 ff 9d 01 00 ff 74 20 00 ff 75 20 00 ff 74 20 47 2c 00 ff 74 20 00 ff 75 20 00 ff 75 20 00 ff 74 20 00 ff 75 20 ba 2d 01 ff 74 20 02 09 00 ff 74 20 00 ff 75 20 00 ff 78 20 00 ff 74 20 00 ff 74 20 00 ff 74 20 00 ff 74 20 30 10 4e 1b 70 21 00 ff 75 20 00 ff 75 20 00 ff 74 20 00 ff 75 20 00 ff 74 20 ba 2d 01 ff 7b 20 02 09 00 ff 74 20 36 09 00 ff 74 20 00 ff 74 20 00 ff 75 20 3f 08 00 ff 75 20 00 ff 75 20 00 ff 75 20 00 ff 74 20 00 ff 74 20 00 ff 75 20 00 ff 74 20 cb 64 00 ff 74 20 ba 2d 00 ff 6b 21 00 ff 74 20 02 09 00 ff 74 20 00 ff 75 20 00 ff 78 20 00 ff 7a 20 3f 08 00 ff 74 20 00 ff 74 20 00 ff 74 20 00 ff 74 20 00 ff 75 20 62 00 19 01 00 80 64 00 d7 01 00 39 00 44 02 00 00 00 d7 37 00 00 00 00 02 02 ff 00 01 00 ff 7a 20 00 ff 75 20 00 ff 74 20 ba 2d 00 ff 6c 21 00 ff 74 20 02 09 00 ff 74 20 36 09 00 ff 75 20 00 ff 74 20 00 ff 75 20 00 ff 74 20 00 ff 74 20 00 ff 74 20 30 10 4e 1b 71 21 00 ff 74 20 00 ff 74 20 8d 16 00 ff 74 20 00 ff 74 20 00 ff 74 20 ba 2d 00 ff 6d 21 00 ff 7a 20 02 09 00 ff 7a 20 00 ff 74 20 00 ff 74 20 00 ff 9d 01 00 ff 74 20 00 ff 74 20 00 ff 74 20 47 2c 00 ff 74 20 8b 16 86 c4 00 ff ec 3c 59 4a 00 ff 74 20 8c 16 5e 4a 00 ff 75 20 00 ff 74 20 ba 2d 01 ff 75 20 02 09 00 ff 74 20 36 09 00 ff 75 20 00 ff 74 20 00 ff 9d 01 00 ff 74 20 00 ff 74 20 00 ff 74 20 47 2c 00 ff 74 20 3f 08 5b 4a e8 4a 00 ff 74 20 8e 16 00 ff 74 20 00 ff 7b 20 3f 08 00 ff 79 20 38 08 01 ff 75 20 03 09 00 ff 74 20 00 ff 74 20 00 ff 75 20 00 ff 75 20 00 ff 75 20 00 ff 74 20 00 ff 74 20 5e 2a 91 0a 00 ff 75 20 63 2c 00 ff 75 20 63 2c 00 ff 78 20 63 2c 00 ff 76 20 63 2c 00 ff 74 20 be 2d 01 ff 75 20 00 ff 74 20 00 ff 75 20 00 ff 75 20 00 ff 79 20 00 ff 74 20 00 ff 75 20 d9 09 00 ff 74 20 30 10 92 0a 06 ff 74 20 2c 10 28 0a 00 ff 78 20 06 22 2c 10 28 0a 00 ff 74 20 ff 21 00 ff 74 20 2c 10 28 0a 00 ff 77 20 2c 10 28 0a 00 ff 76 20 2c 10 28 0a 7f 0b 00 ff 74 20 2c 10 28 0a 00 ff 74 20 12 2a 28 0a 90 0a 06 ff 75 20 fa 21 00 ff 77 20 d7 22 24 4b 00 ff 74 20 fe 21 00 ff 74 20 00 ff 74 20 f6 12 00 ff 74 20 f9 12 00 ff 74 20 f9 12 00 ff 74 20 30 10 06 ff 75 20 fb 21 00 ff 74 20 fc 21 00 ff 7a 20 fd 21 00 ff 74 20 00 ff 74 20 f7 12 00 ff 7b 20 fa 12 00 ff 7b 20 fa 12 00 ff 77 20 47 2c 06 ff 74 20 00 ff 75 20 62 00 17 01 00 80 64 02 85 00 3c 5e 72 73 00 00 00 00 d7 37 00 00 00 00 02 01 ff 00 01 00 ff 75 20 00 ff 74 20 00 ff 74 20 f7 12 00 ff 74 20 fa 12 00 ff 74 20 fa 12 00 ff 74 20 30 10 06 ff 74 20 00 ff 75 20 00 ff 74 20 00 ff 74 20 00 ff 75 20 f7 12 00 ff 74 20 fa 12 00 ff 75 20 fa 12 00 ff 77 20 30 10 06 ff 76 20 2c 10 00 ff 74 20 2c 10 8f 0a 00 ff 75 20 2c 10 94 0a 00 ff 76 20 2c 10 8e 0a 00 ff 76 20 2c 10 00 ff 79 20 52 2c 00 ff 74 20 52 2c 00 ff 74 20 12 2a 91 0a 8f 0a 14 ff a4 04 00 ff a4 04 00 ff a4 04 00 ff a4 04 00 ff a4 04 00 ff a4 04 00 ff a4 04 07 ff a4 04 00 ff a4 04 00 ff a4 04 00 ff a4 04 00 ff a4 04 00 ff a4 04 00 ff a4 04 07 ff a4 04 00 ff a4 04 00 ff a4 04 00 ff a4 04 00 ff a4 04 00 ff a4 04 00 ff a4 04 07 ff a5 04 00 ff a5 04 00 ff a5 04 00 ff a5 04 00 ff a5 04 00 ff a5 04 00 ff a5 04 07 ff a5 04 00 ff a5 04 00 ff a5 04 00 ff a5 04 00 ff a5 04 00 ff a5 04 00 ff a5 04 07 ff a6 04 00 ff a6 04 00 ff a6 04 00 ff a6 04 00 ff a6 04 00 ff a6 04 00 ff a6 04 07 ff a6 04 00 ff a6 04 00 ff a6 04 00 ff a6 04 00 ff a6 04 00 ff a6 04 00 ff a6 04 07 ff a6 04 00 ff a6 04 00 ff a6 04 00 ff a6 04 00 ff a6 04 00 ff a6 04 00 ff a6 04 07 ff a6 04 00 ff a6 04 00 ff a6 04 00 ff a6 04 00 ff a6 04 00 ff a6 04 00 ff a6 04 07 ff a6 04 00 ff a6 04 00 ff a6 04 00 ff a6 04 00 ff a6 04 00 ff a6 04 00 ff a6 04 07 ff a6 04 00 ff a6 04 00 ff a6 04 00 ff a6 04 00 ff a6 04 00 ff a6 04 00 ff a6 04 07 ff a6 04 00 ff a6 04 00 ff a6 04 00 ff a6 04 00 ff a6 04 00 ff a6 04 00 ff a6 04 07 ff a6 04 00 ff a6 04 00 ff a6 04 00 ff a6 04 00 ff a6 04 00 ff a6 04 00 ff a6 04 07 ff a6 04 00 ff a6 04 00 ff a6 04 00 ff a6 04 00 ff a6 04 00 ff a6 04 00 ff a6 04 07 ff a6 04 00 ff a6 04 00 ff a6 04 00 ff a6 04 00 ff a6 04 00 ff a6 04 00 ff a6 04 07 ff a6 04 00 ff a6 04 00 ff a6 04 00 ff a6 04 00 ff a6 04 00 ff a6 04 00 ff a6 04 07 ff a7 04 00 ff a7 04 00 ff a7 04 00 ff a7 04 00 ff a7 04 00 ff a7 04 00 ff a7 04 ff ff ff ff ff ff ff ff ff ff 01 ff 
[1786974201301] 6d cb 7d 2c 7e 07 01 ca 7d 2c 7e 07 68 74 20 fc 21 00 ff 74 20 fd 21 00 ff 77 20 00 ff 7a 20 00 ff 74 20 17 09 00 ff 74 20 11 09 81 0d 00 ff 75 20 10 09 a9 09 00 00 ff 74 20 10 09 25 0b 00 a9 09 00 a9 09 00 00 ff 76 20 30 10 90 0a 00 ff a9 11 49 18 00 ff ae 11 00 ff a3 11 32 12 00 ff a3 11 30 12 00 ff ae 11 42 07 00 ff 77 20 00 ff 75 20 00 ff 74 20 00 ff 74 20 00 ff 74 20 00 ff 78 20 00 ff 74 20 dd 09 00 ff 74 20 5e 2a 00 ff 63 2c 00 ff 63 2c 00 ff 63 2c 00 ff 63 2c 00 ff 63 2c 01 ff a4 04 00 ff a4 04 00 ff a4 04 00 ff a4 04 00 ff a4 04 00 ff a4 04 00 ff a4 04 4d ff 
[1786974201490] 6d c9 7d 30 7e 06 01 c9 7d 31 7e 06 
[1786974201548] 6d ca 7d 2c 7e 07 01 c9 7d 2c 7e 07 68 75 20 f7 21 00 ff 74 20 fe 21 00 ff 74 20 00 ff 75 20 00 ff 74 20 13 09 00 ff 7b 20 00 ff 74 20 b2 09 00 00 ff 74 20 b2 09 00 00 ff 74 20 30 10 91 0a 00 ff a3 11 43 07 00 ff a3 11 47 18 00 ff b0 11 37 12 00 ff a3 11 35 12 00 ff a3 11 49 0e 00 ff 75 20 2c 10 89 08 7f 0b 00 ff 74 20 2c 10 7a 0a 00 ff 74 20 67 16 00 ff 75 20 2c 10 7a 0a 89 08 00 ff 7a 20 2c 10 7f 0b 00 ff 75 20 2c 10 7c 0a 00 ff 74 20 2c 10 7f 0b 00 ff 75 20 12 2a 06 ff a4 04 00 ff a4 04 00 ff a4 04 00 ff a4 04 00 ff a4 04 00 ff a4 04 00 ff a4 04 4d ff 
[1786974201653] 6d c9 7d 2c 7e 07 01 c9 7d 2b 7e 07 65 74 20 f7 21 00 ff 74 20 fc 21 00 ff 74 20 2c 10 00 ff 74 20 d5 15 00 ff 74 20 d6 15 00 ff 74 20 d6 15 00 ff 77 20 d6 15 00 ff 74 20 d6 15 00 ff 7a 20 d6 15 00 ff 74 20 d6 15 00 ff 74 20 d6 15 00 ff 7b 20 d6 15 00 ff 76 20 2c 10 00 ff 75 20 1d 0a 00 ff 74 20 1e 0a 00 ff 7a 20 21 0a 00 ff 74 20 22 0a 00 ff 74 20 1d 0a 00 ff 74 20 2c 10 7c 0a 00 ff 75 20 00 ff 74 20 00 ff 74 20 fe 08 00 ff 75 20 ff 08 00 ff 74 20 ff 08 00 ff 74 20 ff 08 00 ff 75 20 ff 08 00 ff 75 20 ff 08 00 ff 75 20 ff 08 00 ff 75 20 ff 08 00 ff 7b 20 00 09 00 ff 74 20 00 ff 74 20 2c 10 28 0a 7f 0b 00 ff 74 20 00 ff 74 20 00 ff 74 20 00 ff 7a 20 00 ff a4 04 00 ff a4 04 00 ff a4 04 00 ff a4 04 00 ff a4 04 00 ff a5 04 00 ff a5 04 00 ff a6 04 00 ff a6 04 00 ff a6 04 00 ff a6 04 00 ff a6 04 00 ff a6 04 00 ff a6 04 00 ff a6 04 00 ff a6 04 00 ff a6 04 00 ff a6 04 5a ff 
[1786974201787] 6d c9 7d 2b 7e 07 01 c8 7d 2a 7e 07 65 74 20 fa 21 00 ff 7a 20 fb 21 00 ff 75 20 2c 10 00 ff 75 20 d2 15 00 ff 78 20 d3 15 46 3f 00 ff 75 20 d3 15 00 ff 74 20 d3 15 47 3f 00 ff 75 20 d3 15 00 ff 75 20 d3 15 48 3f 00 ff 7b 20 d3 15 00 ff 74 20 d3 15 78 c4 00 ff 74 20 d3 15 00 ff 74 20 30 01 2c 10 00 ff 75 20 1b 0a 00 ff 75 20 1c 0a 00 ff 74 20 1f 0a 00 ff 75 20 20 0a 00 ff 75 20 1b 0a 00 ff 75 20 2c 10 7f 0b 00 ff 74 20 62 00 15 01 00 80 64 00 21 01 72 72 4b 71 01 00 00 00 d7 37 00 00 00 00 02 01 ff 00 01 00 ff 75 20 00 ff 74 20 00 ff 74 20 38 09 00 ff 74 20 00 ff 78 20 38 09 00 ff 74 20 00 ff 74 20 38 09 00 ff 75 20 00 ff 74 20 38 09 00 ff 75 20 00 ff 75 20 00 ff 77 20 2c 10 28 0a 00 ff 74 20 00 ff 74 20 00 ff 74 20 00 ff 75 20 00 ff a4 04 00 ff a4 04 00 ff a4 04 00 ff a4 04 00 ff a4 04 00 ff a5 04 00 ff a5 04 00 ff a6 04 00 ff a6 04 00 ff a6 04 00 ff a6 04 00 ff a6 04 00 ff a6 04 00 ff a6 04 00 ff a6 04 00 ff a6 04 00 ff a6 04 4a 18 00 ff a6 04 5a ff 68 74 20 fa 21 32 4b 00 00 ff 74 20 f7 21 00 ff 74 20 f7 21 00 ff 74 20 fe 21 00 ff 7a 20 00 ff 75 20 00 ff 75 20 13 09 00 ff 74 20 00 ff 75 20 00 ff 74 20 62 00 90 02 00 80 64 02 d7 01 4f 2d 0c 5e 00 00 00 00 d7 37 00 00 00 00 02 02 ff 00 01 00 ff 75 20 23 04 47 2c 00 ff ae 11 21 04 41 07 00 ff a3 11 00 ff a5 11 63 1d 00 ff c6 01 37 17 01 2a 16 00 ff c6 01 cf 0b 01 00 ff c7 01 89 08 00 ff 74 20 d4 15 00 ff 75 20 d7 15 62 00 18 01 00 80 64 00 97 00 72 4d 6e 83 00 00 00 00 d7 37 00 00 00 00 02 01 ff 00 01 00 ff 75 20 da 15 89 08 00 ff 75 20 11 09 dc 1c 00 00 ff 75 20 10 09 22 3f 00 a7 1f 00 00 ff 74 20 10 09 f8 1c 00 a1 1f 00 00 ff 74 20 30 10 04 ff a4 04 00 ff a4 04 00 ff a4 04 00 ff a4 04 00 ff a4 04 00 ff a4 04 00 ff a4 04 00 ff a4 04 00 ff a4 04 4b ff 
[1786974201790] 6d c0 7d 2d 7e 07 01 c0 7d 2c 7e 07 
[1786974201891] 6a cb 7d 25 7e 06 01 62 00 16 01 00 80 64 02 9f 00 26 4d 4e 5e 00 00 00 00 d7 37 00 00 00 00 02 01 ff 00 01 
[1786974202087] 6d c8 7d 2a 7e 07 02 c7 7d 29 7e 07 65 a3 11 47 2c 00 ff ab 11 30 10 ae 2b 00 ff aa 11 30 10 7d 0b 00 ff a3 11 30 10 00 ff a3 11 30 10 7d 0b 00 ff a3 11 30 10 9b 21 00 ff a5 11 47 2c 00 ff a3 11 30 10 d5 2a 00 ff ae 11 47 2c 00 ff aa 11 30 10 d5 2a 00 ff ae 11 47 2c 00 ff a5 11 30 10 9b 21 00 ff a3 11 30 10 00 ff a3 11 30 10 7d 0b 00 ff a6 11 30 10 7d 0b 00 ff a3 11 39 12 30 10 70 21 00 ff 67 00 cd 21 00 ff 67 00 cd 21 00 ff c8 01 99 16 ae 09 00 00 ff 75 20 2c 10 00 ff 75 20 da 09 00 ff 77 20 00 ff 74 20 00 ff 74 20 00 ff 75 20 00 ff 74 20 00 ff 74 20 00 ff 74 20 00 ff 74 20 00 ff 74 20 00 ff 74 20 00 ff 75 20 00 ff 77 20 2c 10 28 0a 00 ff 7b 20 ea 02 00 ff 74 20 9d 07 00 ff 74 20 9d 07 00 ff a4 04 00 ff a4 04 00 ff a4 04 00 ff a4 04 00 ff a4 04 00 ff a4 04 00 ff a5 04 00 ff a5 04 00 ff a6 04 00 ff a6 04 00 ff a6 04 00 ff a6 04 00 ff a6 04 00 ff a6 04 00 ff a6 04 00 ff a6 04 00 ff a6 04 00 ff a6 04 5a ff 68 a3 11 30 10 ae 2b 00 ff 74 20 fa 21 00 ff 74 20 f7 21 00 ff 78 20 f7 21 00 ff 74 20 fe 21 00 ff 74 20 00 ff 74 20 00 ff 74 20 13 09 00 ff 74 20 00 ff 74 20 00 ff 75 20 a8 09 00 00 ff 74 20 47 2c 9f 0a 00 ff a3 11 25 04 46 07 00 ff a3 11 48 07 00 ff c8 01 e2 0b 03 db 0b 0c ba 25 01 00 ff c6 01 d8 17 00 ff 23 d7 0b 4d 00 ff c6 01 b9 25 01 4e 28 01 00 ff c7 01 89 08 00 ff 74 20 d3 15 00 ff 74 20 d6 15 00 ff 74 20 d9 15 89 08 00 ff 74 20 00 ff 75 20 ee 3e 00 a9 09 00 00 ff 74 20 e4 16 e6 16 00 ff 75 20 47 2c 03 ff a4 04 00 ff a4 04 00 ff a4 04 00 ff a4 04 00 ff a4 04 00 ff a4 04 00 ff a4 04 00 ff a4 04 00 ff a4 04 00 ff a4 04 4a ff 
[1786974202340] 1d 
[1786974202387] 6d c7 7d 29 7e 07 02 c6 7d 28 7e 07 65 a6 11 00 ff a3 11 4a 18 42 07 00 ff a3 11 47 18 00 ff ae 11 35 12 00 ff a5 11 34 12 00 ff a3 11 41 07 00 ff ad 11 00 ff a3 11 49 0e 00 ff a3 11 43 07 00 ff ad 11 49 18 00 ff a3 11 46 0e 00 ff a3 11 49 0e 00 ff a3 11 3c 07 00 ff a3 11 af 55 00 ff a3 11 47 18 00 ff a3 11 ea 88 47 0e 01 00 ff a3 11 3b 12 ce 21 00 ff 67 00 ce 21 00 ff 47 2c 41 21 00 ff 30 10 41 21 00 ff 30 10 3e 21 00 ff 30 10 97 21 00 ff 30 10 6f 0a 00 ff 47 2c 00 ff 30 10 6d 0a 00 ff 30 10 95 21 00 ff 30 10 73 0a 00 ff 47 2c 00 ff 30 10 73 0a 00 ff 30 10 95 21 00 ff 30 10 6d 0a 00 ff 47 2c 00 ff 30 10 6f 0a 00 ff 30 10 97 21 00 ff 30 10 27 0a 00 ff 47 2c 27 0a 00 ff a4 04 00 ff a4 04 00 ff a4 04 00 ff a4 04 00 ff a4 04 00 ff a4 04 00 ff a4 04 00 ff a5 04 00 ff a5 04 00 ff a6 04 00 ff a6 04 00 ff a6 04 00 ff a6 04 00 ff a6 04 00 ff a6 04 00 ff a6 04 00 ff a6 04 00 ff a6 04 5a ff 68 a8 11 00 ff b2 11 30 10 7d 0b 00 ff 75 20 f9 21 00 ff 74 20 06 22 00 ff 75 20 06 22 00 ff 77 20 ff 21 61 00 00 00 00 00 8d 02 00 80 02 07 00 43 6c 65 64 77 79 6e 64 03 80 00 72 00 4c 5e 03 00 00 00 d7 37 00 00 00 00 00 02 02 ff 00 01 00 ff 75 20 00 ff 74 20 00 ff 74 20 16 09 00 ff 75 20 11 09 26 0b 00 00 ff 74 20 10 09 a9 09 00 00 ff 75 20 10 09 9b 0d bb 0b 00 ff 74 20 30 10 9a 0a 00 ff b2 11 25 04 45 07 49 18 00 ff 47 2c 40 21 00 ff c8 01 28 28 01 1f 17 01 e3 0b 03 00 ff c6 01 f6 2c 01 2a 16 00 ff c6 01 3e 28 01 e3 0b 34 00 ff c7 01 89 08 00 ff 75 20 d3 15 00 ff 75 20 d6 15 00 ff 74 20 d9 15 89 08 00 ff 74 20 00 ff 74 20 7d 1f 00 a7 09 00 00 ff 74 20 0d 09 05 1d 00 f0 1c 00 00 ff 75 20 47 2c 02 ff a4 04 00 ff a4 04 00 ff a4 04 00 ff a4 04 00 ff a4 04 00 ff a4 04 00 ff a4 04 00 ff a4 04 00 ff a4 04 00 ff a4 04 00 ff a4 04 49 ff 
[1786974202687] 6d c6 7d 28 7e 07 02 c5 7d 27 7e 07 65 a3 11 47 18 00 ff a3 11 47 0e 01 00 ff a3 11 46 0e 00 ff a3 11 00 ff a3 11 37 12 4a 18 00 ff a3 11 36 12 af 55 00 ff a3 11 00 ff aa 11 49 0e 00 ff aa 11 49 0e 00 ff a3 11 5b 0e 00 ff a3 11 52 0e 00 ff a3 11 5e 0e 00 ff a5 11 3e 07 00 ff a6 11 5d 0e 00 ff a3 11 22 12 2e 0f 00 ff ae 11 19 12 43 07 00 ff ad 11 19 12 ee 88 cf 08 00 ff 74 20 e3 08 12 ff a9 04 00 ff a9 04 00 ff a9 04 00 ff a9 04 00 ff a9 04 00 ff a9 04 00 ff a9 04 00 ff a8 04 a9 04 00 ff aa 04 ac 04 00 ff a8 04 aa 04 00 ff ab 04 ac 04 00 ff ab 04 00 ff ab 04 00 ff ab 04 00 ff ab 04 00 ff ab 04 00 ff ab 04 00 ff ab 04 5a ff 68 a3 11 4a 18 00 ff ab 11 af 55 00 ff a6 11 5c 29 00 ff aa 11 2c 10 00 ff a7 11 52 2c 00 ff a3 11 52 2c 00 ff af 11 2c 10 d8 2a 00 ff a6 11 2c 10 7f 0b 00 ff a3 11 2c 10 00 ff ad 11 2c 10 d8 2a 00 ff a7 11 52 2c 00 ff a3 11 52 2c 00 ff a6 11 24 04 2c 10 7f 0b 00 ff fb 03 5f 29 9c 0a 01 ff 30 10 3c 21 00 ff cb 01 4a 16 2b 16 00 ff c9 01 8b 19 01 04 10 e2 0b 0c 00 ff c9 01 a6 25 01 8b 25 00 ff cd 01 89 08 00 ff 74 20 d2 15 00 ff 74 20 d5 15 00 ff 75 20 d8 15 89 08 00 ff 74 20 dd 16 e3 16 e1 16 00 ff 75 20 11 09 a7 36 00 06 0d 00 00 ff 74 20 51 27 00 ff 75 20 30 10 01 ff a9 04 00 ff a4 04 4a 18 00 ff a4 04 00 ff a4 04 00 ff a4 04 00 ff a4 04 00 ff a4 04 00 ff a4 04 00 ff a4 04 00 ff a4 04 00 ff a4 04 00 ff a4 04 48 ff 
[1786974202752] 1e 
[1786974202790] 6d c3 7d 25 7e 06 01 c3 7d 26 7e 06 
[1786974202890] 6d be 7d 27 7e 07 02 be 7d 26 7e 07 
[1786974202987] 6d c5 7d 27 7e 07 02 c4 7d 27 7e 07 68 af 11 53 0e 00 ff a3 11 49 0e 00 ff b0 11 35 0f 00 ff a3 11 36 0f 00 ff b1 11 23 12 00 ff a3 11 1c 12 00 ff ae 11 21 12 53 0e 00 ff a4 11 52 0e 00 ff a3 11 4c 07 49 18 00 ff a6 11 4e 07 00 ff a3 11 47 0e 01 00 ff a9 11 00 ff af 11 1e 04 00 ff ad 11 22 04 01 ff 5c 29 00 ff 2c 10 59 21 00 ff 2c 10 58 21 7f 0b 00 ff 52 2c 59 21 00 ff 2c 10 5a 21 00 ff 2c 10 9a 30 00 ff 2c 10 9a 30 00 ff 2c 10 9a 30 00 ff 52 2c 00 ff 52 2c dc 15 00 ff 2c 10 7f 0b 00 ff 5f 29 01 ff a9 04 00 ff a4 04 00 ff a4 04 00 ff a4 04 00 ff a4 04 00 ff a4 04 00 ff a4 04 00 ff a4 04 00 ff a4 04 00 ff a4 04 00 ff a4 04 00 ff a4 04 48 ff 
[1786974203352] a9 01 01 95 00 41 63 74 69 76 65 20 52 65 73 74 69 6e 67 20 41 72 65 61 20 42 6f 6e 75 73 65 73 3a 20 0a 44 6f 75 62 6c 65 20 48 69 74 20 50 6f 69 6e 74 73 20 52 65 67 65 6e 65 72 61 74 69 6f 6e 2c 0a 44 6f 75 62 6c 65 20 4d 61 6e 61 20 50 6f 69 6e 74 73 20 52 65 67 65 6e 65 72 61 74 69 6f 6e 2c 0a 53 74 61 6d 69 6e 61 20 50 6f 69 6e 74 73 20 52 65 67 65 6e 65 72 61 74 69 6f 6e 2c 0a 53 6f 75 6c 20 50 6f 69 6e 74 73 20 52 65 67 65 6e 65 72 61 74 69 6f 6e 2e 
[1786974203352] a2 40 50 00 00 00 00 00 00 00 
[1786974203385] 6d c4 7d 27 7e 07 02 c3 7d 27 7e 07 68 ad 11 21 12 2e 0f 00 ff a5 11 23 12 00 ff a3 11 1c 12 00 ff aa 11 1c 12 00 ff a3 11 1f 12 00 ff f8 11 00 ff ae 11 19 12 43 07 00 ff a3 11 5b 0e 00 ff a9 11 00 ff a3 11 47 18 00 ff a3 11 3e 07 00 ff a3 11 36 12 3c 07 00 ff ab 11 33 12 00 ff a6 11 34 12 0e ff a8 04 00 ff a3 04 00 ff a3 04 00 ff a3 04 00 ff a3 04 00 ff a3 04 00 ff a3 04 00 ff a3 04 00 ff a3 04 00 ff a3 04 00 ff a3 04 00 ff a3 04 48 ff 
[1786974203569] 6d c3 7d 27 7e 07 01 c2 7d 26 7e 07 65 a3 11 1d 12 00 ff a3 11 21 12 30 0f 00 ff b1 11 5e 0e 00 ff a6 11 22 12 31 0f 00 ff a3 11 19 12 3e 07 00 ff a3 11 21 12 32 0f 00 ff a3 11 52 0e 00 ff a3 11 22 12 00 ff a3 11 19 12 00 ff a3 11 19 12 00 ff a7 11 19 12 00 ff a3 11 19 12 00 ff b1 11 19 12 00 ff a3 11 21 12 32 0f 00 ff a3 11 5e 0e 00 ff ae 11 22 12 30 0f 00 ff a6 11 19 12 00 ff a3 11 1e 12 7e ff 68 f5 11 00 ff a7 11 1d 12 00 ff a6 11 1f 12 00 ff f8 11 00 ff fa 11 00 ff f6 11 00 ff fa 11 00 ff a3 11 1d 12 00 ff a3 11 21 12 2f 0f 00 ff a3 11 41 07 00 ff ad 11 4a 18 00 ff a3 11 00 ff a3 11 37 12 42 07 00 ff af 11 31 12 4a 18 62 ff 
[1786974203802] 6d c0 7d 2c 7e 07 01 c0 7d 2d 7e 07 
[1786974203869] 6d c2 7d 26 7e 07 02 c1 7d 26 7e 07 68 f9 11 00 ff f6 11 00 ff fa 11 00 ff f5 11 00 ff f7 11 00 ff f6 11 00 ff f8 11 00 ff f6 11 00 ff a6 11 19 12 00 ff a3 11 63 1d 00 ff a3 11 87 20 00 ff a3 11 46 0e 00 ff ae 11 3d 07 00 ff ad 11 62 ff 
[1786974203908] 6d cb 7d 25 7e 06 01 cb 7d 24 7e 06 
[1786974204083] 6d c1 7d 26 7e 07 02 c0 7d 26 7e 07 68 f9 11 00 ff f5 11 00 ff fa 11 00 ff f9 11 00 ff f7 11 00 ff f5 11 00 ff f8 11 00 ff f9 11 00 ff aa 11 1d 12 00 ff a7 11 1c 12 00 ff ad 11 1c 12 00 ff ab 11 1c 12 00 ff b0 11 1c 12 00 ff a3 11 21 12 49 0e 62 ff 
[1786974204804] 6d c3 7d 26 7e 06 01 c3 7d 25 7e 06 
[1786974204903] 6d be 7d 26 7e 07 02 be 7d 25 7e 07 
[1786974205560] aa 3c 6a 00 00 08 00 4b 75 6b 75 72 65 6a 61 00 8e 02 01 c0 7d 26 7e 07 02 00 68 69 
[1786974205560] 6b be 7d 25 7e 07 02 63 00 8d 02 00 80 01 01 
[1786974205560] 1c 00 01 8d 02 00 80 04 07 03 00 79 65 73 08 02 00 6e 6f 09 03 00 62 79 65 00 05 00 74 72 61 64 65 
[1786974205804] 6d c0 7d 2d 7e 07 01 c0 7d 2c 7e 07 
[1786974206560] aa 3f 6a 00 00 07 00 43 6c 65 64 77 79 6e 00 00 00 0a be 7d 25 7e 07 a9 00 42 6c 65 73 73 69 6e 67 73 2c 20 50 6c 61 79 65 72 21 20 48 6f 77 20 6d 61 79 20 49 20 62 65 20 6f 66 20 73 65 72 76 69 63 65 3f 20 44 6f 20 79 6f 75 20 77 69 73 68 20 74 6f 20 74 72 61 64 65 20 73 6f 6d 65 20 7b 74 6f 6b 65 6e 7d 73 2c 20 6f 72 20 77 6f 75 6c 64 20 79 6f 75 20 6c 69 6b 65 20 73 6f 6d 65 20 7b 69 6e 66 6f 72 6d 61 74 69 6f 6e 7d 20 6f 72 20 7b 74 61 6c 6b 7d 3f 20 53 68 6f 75 6c 64 20 49 20 7b 65 6e 63 68 61 6e 74 7d 20 63 65 72 74 61 69 6e 20 69 74 65 6d 73 20 66 6f 72 20 79 6f 75 3f 
[1786974206803] 6d c3 7d 25 7e 06 01 c4 7d 25 7e 06 
[1786974207354] 1d 
[1786974207804] 6d c0 7d 2c 7e 07 01 bf 7d 2c 7e 07 
[1786974207858] 1e 
[1786974208805] 6d c4 7d 25 7e 06 01 c3 7d 25 7e 06 
[1786974208846] aa 46 6a 00 00 07 00 43 6c 65 64 77 79 6e 00 00 00 0a be 7d 25 7e 07 78 00 54 68 65 20 66 6f 6c 6c 6f 77 69 6e 67 20 69 74 65 6d 73 20 63 61 6e 20 62 65 20 65 6e 63 68 61 6e 74 65 64 3a 20 7b 70 65 6e 64 75 6c 65 74 7d 2c 20 7b 73 6c 65 65 70 20 73 68 61 77 6c 7d 2c 20 7b 62 6c 69 73 74 65 72 20 72 69 6e 67 7d 2c 20 7b 74 68 65 75 72 67 69 63 20 61 6d 75 6c 65 74 7d 2c 20 7b 72 69 6e 67 20 6f 66 20 73 6f 75 6c 73 7d 2e 20 2e 2e 2e 
[1786974209146] aa 49 6a 00 00 07 00 43 6c 65 64 77 79 6e 00 00 00 0a be 7d 25 7e 07 9f 00 46 6f 72 20 73 75 66 66 69 63 69 65 6e 74 20 73 69 6c 76 65 72 20 74 6f 6b 65 6e 73 20 79 6f 75 20 63 61 6e 20 61 6c 73 6f 20 65 6e 63 68 61 6e 74 3a 20 7b 73 70 69 72 69 74 74 68 6f 72 6e 20 72 69 6e 67 7d 2c 20 7b 61 6c 69 63 6f 72 6e 20 72 69 6e 67 7d 2c 20 7b 61 72 63 61 6e 6f 6d 61 6e 63 65 72 20 73 69 67 69 6c 7d 2c 20 7b 61 72 62 6f 72 65 61 6c 20 72 69 6e 67 7d 2c 20 7b 74 75 72 74 6c 65 20 61 6d 75 6c 65 74 7d 2e 20 4d 61 6b 65 20 79 6f 75 20 63 68 6f 69 63 65 21 
[1786974209806] 6d bf 7d 2c 7e 07 01 c0 7d 2c 7e 07 
[1786974210381] ef 11 0c 
[1786974210808] 6d c3 7d 25 7e 06 01 c4 7d 25 7e 06 
[1786974211847] 6d c0 7d 2c 7e 07 01 c0 7d 2b 7e 07 
[1786974212414] 1d 
[1786974212864] 6d c4 7d 25 7e 06 01 c5 7d 25 7e 06 
[1786974213289] 71 00 09 00 f4 57 04 
[1786974213289] f5 39 00 01 00 00 01 02 00 00 01 03 00 00 01 04 00 00 01 05 00 00 01 06 00 00 01 07 00 00 01 08 00 00 01 09 00 00 01 0a 00 00 01 0b 00 00 01 26 0b 00 01 33 0b 00 01 34 0b 00 01 35 0b 00 01 36 0b 00 01 37 0b 00 01 99 0b 00 01 bb 0b 00 01 c2 0b 00 01 e8 0b 00 32 eb 0b 00 01 09 0c 00 14 1a 0c 00 01 81 0d 00 01 a9 16 00 01 13 1d 00 14 f2 3e 00 01 95 3f 00 01 a3 53 00 0a 0b 56 00 01 f4 57 00 04 4e 5b 00 42 86 66 5b 00 01 e5 5b 00 01 e9 5b 00 0b f6 5b 00 09 a9 5c 00 01 77 65 00 01 78 65 00 01 79 65 00 01 7f 6f 00 01 2e 70 00 01 f5 72 00 01 b9 76 00 01 5b 7b 00 01 81 7b 00 01 74 7f 00 01 28 85 00 01 d8 89 00 01 bd 8a 00 01 3d 8c 00 4c b3 3e 8c 00 40 8f ed 98 00 01 ee 98 00 01 57 ab 00 01 0a cb 00 01 
[1786974213289] a0 7b 1c 00 00 7b 1c 00 00 45 52 10 00 b3 1e e1 13 01 00 00 00 8e 02 76 10 55 03 00 00 00 00 96 00 42 27 00 00 7e 27 00 00 c8 a2 09 fb 02 00 00 d4 01 00 00 01 00 00 00 00 00 00 00 00 
[1786974213289] 72 00 00 00 00 00 
[1786974213289] f5 38 00 01 00 00 01 02 00 00 01 03 00 00 01 04 00 00 01 05 00 00 01 06 00 00 01 07 00 00 01 08 00 00 01 09 00 00 01 0a 00 00 01 0b 00 00 01 26 0b 00 01 33 0b 00 01 34 0b 00 01 35 0b 00 01 36 0b 00 01 37 0b 00 01 99 0b 00 01 bb 0b 00 01 c2 0b 00 01 e8 0b 00 32 eb 0b 00 01 09 0c 00 14 1a 0c 00 01 81 0d 00 01 a9 16 00 01 13 1d 00 14 f2 3e 00 01 95 3f 00 01 a3 53 00 0a 0b 56 00 01 f4 57 00 04 4e 5b 00 42 86 66 5b 00 01 e5 5b 00 01 e9 5b 00 0b f6 5b 00 09 a9 5c 00 01 77 65 00 01 78 65 00 01 79 65 00 01 7f 6f 00 01 2e 70 00 01 b9 76 00 01 5b 7b 00 01 81 7b 00 01 74 7f 00 01 28 85 00 01 d8 89 00 01 bd 8a 00 01 3d 8c 00 4c b3 3e 8c 00 40 8f ed 98 00 01 ee 98 00 01 57 ab 00 01 0a cb 00 01 
[1786974213289] a0 7b 1c 00 00 7b 1c 00 00 cf 54 10 00 b3 1e e1 13 01 00 00 00 8e 02 76 10 55 03 00 00 00 00 96 00 42 27 00 00 7e 27 00 00 c8 a2 09 fb 02 00 00 d4 01 00 00 01 00 00 00 00 00 00 00 00 
[1786974213289] 70 02 00 00 88 76 00 00 00 00 01 
[1786974213289] f5 39 00 01 00 00 01 02 00 00 01 03 00 00 01 04 00 00 01 05 00 00 01 06 00 00 01 07 00 00 01 08 00 00 01 09 00 00 01 0a 00 00 01 0b 00 00 01 26 0b 00 01 33 0b 00 01 34 0b 00 01 35 0b 00 01 36 0b 00 01 37 0b 00 01 99 0b 00 01 bb 0b 00 01 c2 0b 00 01 e8 0b 00 32 eb 0b 00 01 09 0c 00 14 1a 0c 00 01 81 0d 00 01 a9 16 00 01 13 1d 00 14 f2 3e 00 01 95 3f 00 01 a3 53 00 0a 0b 56 00 01 f4 57 00 04 4e 5b 00 42 86 66 5b 00 01 e5 5b 00 01 e9 5b 00 0b f6 5b 00 09 a9 5c 00 01 77 65 00 01 78 65 00 01 79 65 00 01 7f 6f 00 01 2e 70 00 01 88 76 00 01 b9 76 00 01 5b 7b 00 01 81 7b 00 01 74 7f 00 01 28 85 00 01 d8 89 00 01 bd 8a 00 01 3d 8c 00 4c b3 3e 8c 00 40 8f ed 98 00 01 ee 98 00 01 57 ab 00 01 0a cb 00 01 
[1786974213289] a0 7b 1c 00 00 7b 1c 00 00 45 52 10 00 b3 1e e1 13 01 00 00 00 8e 02 76 10 55 03 00 00 00 00 96 00 42 27 00 00 7e 27 00 00 c8 a2 09 fb 02 00 00 d4 01 00 00 01 00 00 00 00 00 00 00 00 
[1786974213289] ee 00 72 e0 a4 0a 00 00 00 00 
[1786974213289] ee 01 00 00 00 00 00 00 00 00 
[1786974213289] ee 0a 06 00 00 00 00 00 00 00 
[1786974213289] ee 32 fa 00 00 00 00 00 00 00 
[1786974213289] ee 57 03 00 00 00 
[1786974213289] ee 46 4b 00 00 00 00 00 00 00 
[1786974213289] ee 47 00 00 00 00 00 00 00 00 
[1786974213289] ee 48 00 00 00 00 00 00 00 00 
[1786974213289] ee 1e 3c 00 00 00 
[1786974213289] ee 1f 32 00 00 00 
[1786974213289] ee 20 5c 03 00 00 
[1786974213289] ee 21 96 00 00 00 
[1786974213289] 86 04 01 01 00 a8 61 00 00 00 00 00 00 02 02 00 b0 71 0b 00 00 00 00 00 01 40 4b 4c 00 00 00 00 00 03 03 00 00 09 3d 00 00 00 00 00 01 80 96 98 00 00 00 00 00 02 00 2d 31 01 00 00 00 00 04 0a 00 00 12 7a 00 00 00 00 00 01 00 2d 31 01 00 00 00 00 02 00 5a 62 02 00 00 00 00 03 40 d2 df 03 00 00 00 00 04 00 e1 f5 05 00 00 00 00 05 80 b2 e6 0e 00 00 00 00 06 80 17 b4 2c 00 00 00 00 07 00 f9 02 95 00 00 00 00 08 00 50 d6 dc 01 00 00 00 09 00 d6 11 7e 03 00 00 00 0a 01 01 02 02 03 05 04 0a 05 0f 06 19 07 23 08 32 09 3c 0a 55 0a 00 c0 3b 47 03 00 00 00 00 01 80 77 8e 06 00 00 00 00 02 80 fe 21 0a 00 00 00 00 03 00 a3 e1 11 00 00 00 00 04 c0 70 27 34 00 00 00 00 05 80 27 12 8c 00 00 00 00 06 80 95 40 9e 01 00 00 00 07 80 44 99 f2 04 00 00 00 08 00 74 3b a4 0b 00 00 00 09 00 a2 94 1a 1d 00 00 00 0a 01 40 d2 df 03 00 00 00 00 02 40 b3 d5 09 00 00 00 00 03 c0 0b 5a 16 00 00 00 00 04 00 08 af 2f 00 00 00 00 05 00 94 35 77 00 00 00 00 06 80 a4 ec 38 01 00 00 00 07 00 71 44 60 03 00 00 00 08 00 89 32 e5 09 00 00 00 09 00 e8 76 48 17 00 00 00 0a 00 b8 64 d9 45 00 00 00 14 03 32 4b 74 00 e1 00 64 82 64 a0 19 19 32 
[1786974213564] 6a c8 7d 2e 7e 06 01 62 00 19 01 00 80 64 00 d7 01 00 39 00 44 02 00 00 00 d7 37 00 00 00 00 02 02 ff 00 01 
[1786974213865] 6d c0 7d 2b 7e 07 01 c1 7d 2b 7e 07 
[1786974213887] 1e 
[1786974213964] 6a ca 7d 24 7e 06 01 62 00 16 01 00 80 64 03 9f 00 26 4d 4e 5e 00 00 00 00 d7 37 00 00 00 00 02 01 ff 00 01 
[1786974214049] 1c 00 00 00 
[1786974214289] aa 5b 6a 00 00 07 00 43 6c 65 64 77 79 6e 00 00 00 0a be 7d 25 7e 07 2f 00 41 68 2c 20 65 78 63 65 6c 6c 65 6e 74 2e 20 48 65 72 65 20 69 73 20 79 6f 75 72 20 65 6e 63 68 61 6e 74 65 64 20 70 65 6e 64 75 6c 65 74 2e 
[1786974214349] aa 5c 6a 00 00 07 00 43 6c 65 64 77 79 6e 00 00 00 01 be 7d 25 7e 07 09 00 47 6f 6f 64 20 62 79 65 2e 
[1786974214865] 6d c5 7d 25 7e 06 01 c4 7d 25 7e 06 
[1786974214877] 72 02 00 00 00 00 
[1786974214877] 70 00 00 00 88 76 00 00 00 00 01 
[1786974214877] f5 39 00 01 00 00 01 02 00 00 01 03 00 00 01 04 00 00 01 05 00 00 01 06 00 00 01 07 00 00 01 08 00 00 01 09 00 00 01 0a 00 00 01 0b 00 00 01 26 0b 00 01 33 0b 00 01 34 0b 00 01 35 0b 00 01 36 0b 00 01 37 0b 00 01 99 0b 00 01 bb 0b 00 01 c2 0b 00 01 e8 0b 00 32 eb 0b 00 01 09 0c 00 14 1a 0c 00 01 81 0d 00 01 a9 16 00 01 13 1d 00 14 f2 3e 00 01 95 3f 00 01 a3 53 00 0a 0b 56 00 01 f4 57 00 04 4e 5b 00 42 86 66 5b 00 01 e5 5b 00 01 e9 5b 00 0b f6 5b 00 09 a9 5c 00 01 77 65 00 01 78 65 00 01 79 65 00 01 7f 6f 00 01 2e 70 00 01 88 76 00 01 b9 76 00 01 5b 7b 00 01 81 7b 00 01 74 7f 00 01 28 85 00 01 d8 89 00 01 bd 8a 00 01 3d 8c 00 4c b3 3e 8c 00 40 8f ed 98 00 01 ee 98 00 01 57 ab 00 01 0a cb 00 01 
[1786974214877] a0 7b 1c 00 00 7b 1c 00 00 45 52 10 00 b3 1e e1 13 01 00 00 00 8e 02 76 10 55 03 00 00 00 00 96 00 42 27 00 00 7e 27 00 00 c8 a2 09 fb 02 00 00 d4 01 00 00 01 00 00 00 00 00 00 00 00 
[1786974214877] f5 39 00 01 00 00 01 02 00 00 01 03 00 00 01 04 00 00 01 05 00 00 01 06 00 00 01 07 00 00 01 08 00 00 01 09 00 00 01 0a 00 00 01 0b 00 00 01 26 0b 00 01 33 0b 00 01 34 0b 00 01 35 0b 00 01 36 0b 00 01 37 0b 00 01 99 0b 00 01 bb 0b 00 01 c2 0b 00 01 e8 0b 00 32 eb 0b 00 01 09 0c 00 14 1a 0c 00 01 81 0d 00 01 a9 16 00 01 13 1d 00 14 f2 3e 00 01 95 3f 00 01 a3 53 00 0a 0b 56 00 01 f4 57 00 04 4e 5b 00 42 86 66 5b 00 01 e5 5b 00 01 e9 5b 00 0b f6 5b 00 09 a9 5c 00 01 77 65 00 01 78 65 00 01 79 65 00 01 7f 6f 00 01 2e 70 00 01 88 76 00 01 b9 76 00 01 5b 7b 00 01 81 7b 00 01 74 7f 00 01 28 85 00 01 d8 89 00 01 bd 8a 00 01 3d 8c 00 4c b3 3e 8c 00 40 8f ed 98 00 01 ee 98 00 01 57 ab 00 01 0a cb 00 01 
[1786974214877] a0 7b 1c 00 00 7b 1c 00 00 45 52 10 00 b3 1e e1 13 01 00 00 00 8e 02 76 10 55 03 00 00 00 00 96 00 42 27 00 00 7e 27 00 00 c8 a2 09 fb 02 00 00 d4 01 00 00 01 00 00 00 00 00 00 00 00 
[1786974214877] 83 c0 7d 26 7e 07 06 01 e2 0a 00 
[1786974214973] 6d c0 7d 26 7e 07 02 c1 7d 26 7e 07 66 ae 11 22 12 30 0f 00 ff a5 11 3e 07 00 ff a3 11 49 0e 00 ff ae 11 47 2c 00 ff 7b 20 d3 15 00 ff 74 20 d6 15 00 ff 74 20 d6 15 00 ff 74 20 d6 15 4a 3f 00 ff 74 20 d6 15 00 ff 75 20 d6 15 00 ff 7a 20 30 10 71 21 00 ff 74 20 00 ff 74 20 00 ff 74 20 02 ff 30 10 95 21 00 ff 74 20 00 ff 75 20 00 ff 75 20 ff 08 00 ff 7a 20 02 09 00 ff 7a 20 00 ff 74 20 00 ff 74 20 00 ff 9d 01 00 ff 74 20 00 ff 74 20 00 ff 74 20 47 2c 01 ff ab 04 00 ff a6 04 00 ff a6 04 00 ff a6 04 00 ff a6 04 00 ff a6 04 00 ff a6 04 00 ff a6 04 00 ff a6 04 00 ff a6 04 00 ff a6 04 00 ff a6 04 47 ff 
[1786974215173] 6d c1 7d 26 7e 07 02 c1 7d 27 7e 07 67 a3 11 49 18 00 ff a3 11 35 12 00 ff a6 11 34 12 00 ff ad 11 22 04 00 ff fb 03 5f 29 9c 0a 00 ff 74 20 30 10 9a 0a 00 ff 74 20 47 2c 9f 0a 00 ff 75 20 23 04 47 2c 00 ff 74 20 30 10 91 0a 00 ff 76 20 30 10 90 0a 00 ff 74 20 f8 29 7f 0b 00 ff 7b 20 00 ff 74 20 00 ff 74 20 c4 20 00 ff 74 20 f9 12 00 ff 74 20 fa 12 00 ff 75 20 fb 12 00 ff 77 20 c4 20 09 ff 63 2c 00 ff 75 20 3f 08 00 ff 75 20 00 ff 74 20 00 ff 75 20 00 ff 74 20 00 ff 74 20 00 ff 74 20 00 ff 74 20 8b 16 86 c4 6c ff 
[1786974215284] 6d c1 7d 27 7e 07 02 c2 7d 27 7e 07 66 a6 11 5d 0e 00 ff a3 11 3c 07 00 ff a5 11 30 10 9b 21 00 ff 74 20 d3 15 78 c4 00 ff 74 20 d6 15 00 ff 75 20 d6 15 00 ff 79 20 d6 15 00 ff 74 20 d6 15 00 ff 78 20 d6 15 00 ff 74 20 30 10 00 ff 74 20 a6 07 00 ff 74 20 00 ff 74 20 00 ff 74 20 01 ff 30 10 6d 0a 00 ff 74 20 00 ff 74 20 38 09 00 ff 75 20 ff 08 00 ff 75 20 02 09 00 ff 74 20 36 09 00 ff 75 20 00 ff 74 20 00 ff 9d 01 00 ff 74 20 00 ff 74 20 00 ff 74 20 47 2c 00 ff 74 20 3f 08 5b 4a e8 4a 00 ff ab 04 00 ff a6 04 00 ff a6 04 00 ff a6 04 00 ff a6 04 00 ff a6 04 00 ff a6 04 00 ff a6 04 00 ff a6 04 00 ff a6 04 00 ff a6 04 00 ff a6 04 48 ff 
[1786974215356] 83 c2 7d 27 7e 07 03 0f 00 01 00 
[1786974215356] a4 06 00 d0 07 00 00 
[1786974215356] a9 01 01 95 00 41 63 74 69 76 65 20 52 65 73 74 69 6e 67 20 41 72 65 61 20 42 6f 6e 75 73 65 73 3a 20 0a 44 6f 75 62 6c 65 20 48 69 74 20 50 6f 69 6e 74 73 20 52 65 67 65 6e 65 72 61 74 69 6f 6e 2c 0a 44 6f 75 62 6c 65 20 4d 61 6e 61 20 50 6f 69 6e 74 73 20 52 65 67 65 6e 65 72 61 74 69 6f 6e 2c 0a 53 74 61 6d 69 6e 61 20 50 6f 69 6e 74 73 20 52 65 67 65 6e 65 72 61 74 69 6f 6e 2c 0a 53 6f 75 6c 20 50 6f 69 6e 74 73 20 52 65 67 65 6e 65 72 61 74 69 6f 6e 2e 
[1786974215356] a2 40 50 00 00 00 00 00 00 00 
[1786974215356] a5 03 d0 07 00 00 
[1786974215356] a9 01 01 95 00 41 63 74 69 76 65 20 52 65 73 74 69 6e 67 20 41 72 65 61 20 42 6f 6e 75 73 65 73 3a 20 0a 44 6f 75 62 6c 65 20 48 69 74 20 50 6f 69 6e 74 73 20 52 65 67 65 6e 65 72 61 74 69 6f 6e 2c 0a 44 6f 75 62 6c 65 20 4d 61 6e 61 20 50 6f 69 6e 74 73 20 52 65 67 65 6e 65 72 61 74 69 6f 6e 2c 0a 53 74 61 6d 69 6e 61 20 50 6f 69 6e 74 73 20 52 65 67 65 6e 65 72 61 74 69 6f 6e 2c 0a 53 6f 75 6c 20 50 6f 69 6e 74 73 20 52 65 67 65 6e 65 72 61 74 69 6f 6e 2e 
[1786974215356] a2 40 50 00 00 00 00 00 00 00 
[1786974215356] 83 c2 7d 27 7e 07 06 01 ee 03 00 
[1786974215356] a0 7b 1c 00 00 7b 1c 00 00 45 52 10 00 b3 1e e1 13 01 00 00 00 8e 02 76 10 55 03 00 00 00 00 96 00 42 27 00 00 7e 27 00 00 c8 a2 09 fb 02 00 00 d4 01 00 00 01 00 00 00 00 00 00 00 00 
[1786974215356] a1 27 00 20 00 20 00 e7 16 13 00 13 00 13 00 7b 11 0a 00 0a 00 0a 00 00 00 0a 00 0a 00 0a 00 00 00 0a 00 0a 00 0a 00 00 00 9a 00 6a 00 6a 00 91 1e 4d 00 4d 00 4d 00 11 06 0a 00 0a 00 0a 00 00 00 00 5a 3c 19 00 28 a5 14 00 7d 00 ad 01 00 04 ff ff ff 7f 00 04 57 1b 00 80 04 9f 0f 00 80 04 97 08 00 80 04 27 23 00 80 04 ff ff ff 7f 00 00 26 00 00 00 04 7c 00 00 80 04 ff ff ff 7f 00 00 07 00 04 10 03 00 80 03 04 6f 03 00 80 02 04 8c 04 00 80 01 04 f0 0a 00 80 04 04 f3 01 00 80 05 04 8c 04 00 80 06 04 f3 01 00 80 04 ff ff ff 7f 04 ff ff ff 7f 04 ff ff ff 7f 
[1786974215356] a0 7b 1c 00 00 7b 1c 00 00 45 52 10 00 b3 1e e1 13 01 00 00 00 8e 02 76 10 55 03 00 00 00 00 96 00 06 27 00 00 7e 27 00 00 c8 a2 09 fb 02 00 00 d4 01 00 00 01 00 00 00 00 00 00 00 00 
[1786974215356] aa 60 6a 00 00 08 00 4b 75 6b 75 72 65 6a 61 00 8e 02 24 c2 7d 27 7e 07 09 00 75 74 61 6e 69 20 68 75 72 
[1786974215517] 6d c2 7d 27 7e 07 02 c3 7d 27 7e 07 66 a3 11 22 12 2e 0f 00 ff a3 11 af 55 00 ff a3 11 30 10 00 ff 74 20 d3 15 00 ff 7b 20 d6 15 00 ff 77 20 d6 15 00 ff 74 20 d6 15 00 ff 74 20 d6 15 00 ff 74 20 d6 15 00 ff 74 20 30 10 00 ff 75 20 a6 07 00 ff 74 20 00 ff 74 20 00 ff 74 20 01 ff 47 2c 00 ff 74 20 00 ff 75 20 00 ff 7b 20 00 09 00 ff 75 20 03 09 00 ff 74 20 00 ff 74 20 00 ff 75 20 00 ff 75 20 00 ff 75 20 00 ff 74 20 00 ff 74 20 5e 2a 91 0a 00 ff 75 20 63 2c 00 ff ab 04 00 ff a6 04 00 ff a6 04 00 ff a6 04 00 ff a6 04 00 ff a6 04 00 ff a6 04 00 ff a6 04 00 ff a6 04 00 ff a6 04 00 ff a6 04 00 ff a6 04 48 ff 
[1786974215565] 6d c8 7d 2e 7e 06 01 c9 7d 2e 7e 06 
[1786974215617] 6d c3 7d 27 7e 07 01 c4 7d 27 7e 07 66 ae 11 19 12 43 07 00 ff a3 11 47 18 00 ff a3 11 30 10 7d 0b 00 ff 74 20 30 01 2c 10 00 ff 76 20 2c 10 00 ff 75 20 d7 15 2c 10 00 ff 74 20 d7 15 00 ff 74 20 2c 10 00 ff 74 20 2c 10 00 ff 76 20 f8 29 00 ff 7b 20 2c 10 7f 0b 00 ff 76 20 2c 10 00 ff 74 20 2c 10 00 ff 74 20 37 01 fa 29 01 ff 30 10 6f 0a 00 ff 75 20 00 ff 75 20 00 ff 74 20 00 ff 75 20 00 ff 74 20 00 ff 75 20 00 ff 75 20 00 ff 79 20 00 ff 74 20 00 ff 75 20 d9 09 00 ff 74 20 30 10 92 0a 01 ff ab 04 00 ff a6 04 00 ff a6 04 00 ff a6 04 00 ff a6 04 00 ff a6 04 00 ff a6 04 00 ff a6 04 00 ff a6 04 00 ff a6 04 00 ff a6 04 00 ff a6 04 48 ff 
[1786974215718] 6d c4 7d 27 7e 07 02 c5 7d 27 7e 07 66 ad 11 19 12 ee 88 cf 08 00 ff a3 11 ea 88 47 0e 01 00 ff a6 11 30 10 7d 0b 00 ff 75 20 1b 0a 00 ff 75 20 1d 0a 00 ff 74 20 00 ff 74 20 00 ff 75 20 00 ff 74 20 00 ff 74 20 11 09 00 ff 78 20 10 09 00 ff 74 20 10 09 00 ff 75 20 10 09 00 ff 7c 20 97 01 30 10 92 0a 01 ff 30 10 97 21 00 ff 77 20 2c 10 28 0a 00 ff 77 20 2c 10 28 0a 00 ff 74 20 2c 10 28 0a 7f 0b 00 ff 74 20 2c 10 28 0a 00 ff 78 20 06 22 2c 10 28 0a 00 ff 74 20 ff 21 00 ff 74 20 2c 10 28 0a 00 ff 77 20 2c 10 28 0a 00 ff 76 20 2c 10 28 0a 7f 0b 00 ff 74 20 2c 10 28 0a 00 ff 74 20 12 2a 28 0a 90 0a 01 ff ab 04 00 ff a6 04 00 ff a6 04 00 ff a6 04 00 ff a6 04 00 ff a6 04 00 ff a6 04 00 ff a6 04 00 ff a6 04 00 ff a6 04 00 ff a6 04 00 ff a6 04 48 ff 
[1786974215866] 6d c1 7d 2b 7e 07 01 c0 7d 2b 7e 07 
[1786974215955] 6d c5 7d 27 7e 07 02 c6 7d 28 7e 07 67 a3 11 25 04 3c 1b 00 ff b2 11 25 04 45 07 49 18 00 ff a3 11 25 04 46 07 00 ff ae 11 21 04 41 07 00 ff a3 11 43 07 00 ff a9 11 49 18 00 ff a6 11 2c 10 dc 15 00 ff 75 20 00 ff 74 20 00 ff 74 20 00 ff 74 20 f9 12 00 ff 74 20 fa 12 00 ff 74 20 fb 12 00 ff 74 20 00 ff 75 20 00 ff 74 20 00 ff 75 20 6a 02 2c 10 94 0a 00 ff a6 11 47 0e 01 05 ff 63 2c 00 ff 74 20 00 ff 7b 20 00 ff 75 20 00 ff 75 20 00 ff 74 20 00 ff 75 20 00 ff 74 20 8d 16 00 ff ec 3c 59 4a 00 ff 74 20 8e 16 00 ff 75 20 63 2c 6e ff 66 a3 11 3b 12 ce 21 00 ff a3 11 39 12 30 10 70 21 00 ff 75 20 1c 0a 00 ff 74 20 1e 0a 00 ff 75 20 00 ff 74 20 00 ff 75 20 00 ff 75 20 00 ff 75 20 00 ff 78 20 c9 15 00 ff 7b 20 cc 15 00 ff 74 20 cc 15 00 ff 74 20 30 10 92 0a 00 ff a3 11 30 12 3c 07 00 ff 30 10 27 0a 00 ff 7b 20 ea 02 00 ff 74 20 00 ff 74 20 00 ff 75 20 fa 21 00 ff 77 20 d7 22 24 4b 00 ff 74 20 fe 21 00 ff 74 20 00 ff 74 20 f6 12 00 ff 74 20 f9 12 00 ff 74 20 f9 12 00 ff 74 20 30 10 02 ff a6 04 00 ff a6 04 00 ff a6 04 00 ff a6 04 00 ff a6 04 00 ff a6 04 00 ff a6 04 00 ff a6 04 00 ff a6 04 00 ff a6 04 00 ff a6 04 49 ff 
[1786974215966] 6d ca 7d 24 7e 06 01 cb 7d 24 7e 06 
[1786974215966] 6d be 7d 25 7e 07 02 be 7d 24 7e 07 
[1786974216260] 6d c6 7d 28 7e 07 02 c7 7d 29 7e 07 67 a3 11 36 12 47 07 00 ff a3 11 48 07 00 ff a3 11 00 ff a3 11 47 18 00 ff ae 11 00 ff a3 11 52 2c 00 ff 74 20 00 ff 74 20 00 ff 74 20 00 ff 74 20 f9 12 00 ff 7b 20 fa 12 00 ff 74 20 fb 12 00 ff 74 20 00 ff 75 20 00 ff 78 20 00 ff 74 20 6a 02 52 2c 8e 0a 00 ff a7 11 00 ff a3 11 4a 18 04 ff 63 2c 00 ff 75 20 00 ff 75 20 00 ff 75 20 00 ff 74 20 00 ff 75 20 00 ff 7a 20 00 ff 74 20 00 ff 74 20 8c 16 5e 4a 00 ff 74 20 00 ff 78 20 63 2c 6f ff 66 67 00 cd 21 00 ff 74 20 1f 0a 00 ff 7a 20 21 0a 00 ff 74 20 00 ff 75 20 00 ff 74 20 00 ff 74 20 00 ff 75 20 00 ff 74 20 ca 15 00 ff 78 20 cd 15 00 ff 74 20 cd 15 00 ff 75 20 30 10 90 0a 00 ff a7 11 34 12 47 18 00 ff a7 11 00 ff 74 20 9d 07 00 ff 74 20 00 ff 74 20 00 ff 75 20 fb 21 00 ff 74 20 fc 21 00 ff 7a 20 fd 21 00 ff 74 20 00 ff 74 20 f7 12 00 ff 7b 20 fa 12 00 ff 7b 20 fa 12 00 ff 77 20 47 2c 03 ff a6 04 00 ff a6 04 00 ff a6 04 00 ff a6 04 00 ff a6 04 00 ff a6 04 00 ff a6 04 00 ff a6 04 00 ff a6 04 00 ff a6 04 4a ff 
[1786974216560] 6d c7 7d 29 7e 07 02 c8 7d 2a 7e 07 67 a3 11 1f 04 00 ff a5 11 63 1d 00 ff b0 11 37 12 00 ff a3 11 32 12 00 ff a3 11 32 12 52 2c 00 ff 75 20 00 ff 77 20 00 ff 75 20 c4 20 00 ff 74 20 f9 12 00 ff 74 20 fa 12 00 ff 75 20 fb 12 00 ff 75 20 c4 20 00 ff 74 20 00 ff 74 20 00 ff 74 20 6a 02 52 2c 00 ff a3 11 af 55 00 ff a3 11 00 ff a3 11 03 ff 63 2c 00 ff 75 20 3f 08 00 ff 75 20 00 ff 74 20 00 ff 75 20 00 ff 74 20 cb 64 00 ff 75 20 00 ff 74 20 00 ff 75 20 00 ff 7b 20 3f 08 00 ff 76 20 63 2c 70 ff 66 75 20 20 0a 00 ff 74 20 22 0a 00 ff 75 20 00 ff 74 20 00 ff 75 20 00 ff 74 20 62 00 8f 02 00 80 64 00 4f 01 4f 4d 4f 5e 02 00 00 00 d7 37 00 00 00 00 02 01 ff 00 01 00 ff 78 20 00 ff 7b 20 ca 15 00 ff 74 20 cd 15 00 ff 74 20 cd 15 00 ff 75 20 47 2c 00 ff af 11 00 ff a4 11 00 ff ae 11 4a 18 00 ff 74 20 00 ff 74 20 00 ff 74 20 00 ff 75 20 62 00 17 01 00 80 64 02 85 00 3c 5e 72 73 00 00 00 00 d7 37 00 00 00 00 02 01 ff 00 01 00 ff 75 20 00 ff 74 20 00 ff 74 20 f7 12 00 ff 74 20 fa 12 00 ff 74 20 fa 12 00 ff 74 20 30 10 04 ff a6 04 4a 18 00 ff a6 04 00 ff a6 04 00 ff a6 04 00 ff a6 04 00 ff a6 04 00 ff a6 04 00 ff a6 04 00 ff a6 04 4b ff 
[1786974216860] 6d c8 7d 2a 7e 07 02 c9 7d 2a 7e 07 66 75 20 1b 0a 00 ff 74 20 1d 0a 00 ff 74 20 00 ff 74 20 00 ff 79 20 00 ff 75 20 00 ff 75 20 00 ff 74 20 cb 15 00 ff 74 20 ce 15 00 ff 7a 20 ce 15 00 ff 74 20 20 04 47 2c 00 ff a3 11 2d 08 00 ff a6 11 3e 07 00 ff a3 11 37 12 00 ff 75 20 00 ff 7a 20 00 ff 74 20 00 ff 75 20 00 ff 74 20 00 ff 74 20 00 ff 75 20 f7 12 00 ff 74 20 fa 12 00 ff 75 20 fa 12 00 ff 77 20 30 10 04 ff a6 04 00 ff a6 04 00 ff a6 04 00 ff a6 04 00 ff a6 04 00 ff a6 04 00 ff a6 04 00 ff a6 04 00 ff a6 04 4b ff 
[1786974216867] 6d c4 7d 25 7e 06 01 c5 7d 25 7e 06 
[1786974217041] 6d c9 7d 2a 7e 07 02 ca 7d 2b 7e 07 67 a3 11 35 12 00 ff a3 11 30 12 00 ff a3 11 30 12 2c 10 dc 15 00 ff 75 20 00 ff 74 20 00 ff 75 20 00 ff 75 20 fc 12 00 ff 74 20 fd 12 00 ff 75 20 fe 12 00 ff 75 20 00 ff 75 20 00 ff 74 20 00 ff 74 20 6a 02 2c 10 00 ff b0 11 00 ff a3 11 00 ff a3 11 49 0e 00 ff a3 11 d3 0a 00 ff ae 11 35 12 01 ff 63 2c 00 ff 75 20 38 08 00 ff 74 20 ba 2d 00 ff 75 20 ba 2d 00 ff 74 20 ba 2d 00 ff 74 20 ba 2d 00 ff 74 20 ba 2d 00 ff 74 20 ba 2d 00 ff 74 20 ba 2d 00 ff 79 20 38 08 00 ff 74 20 be 2d 72 ff 66 75 20 1e 0a 00 ff 78 20 00 ff 74 20 00 ff 7b 20 00 ff 75 20 00 ff 75 20 11 09 00 ff 75 20 10 09 00 ff 74 20 10 09 00 ff 74 20 10 09 00 ff 76 20 25 04 30 10 91 0a 00 ff a3 11 53 0e 00 ff a3 11 00 ff a3 11 36 12 00 ff a4 11 34 12 3f 07 00 ff 74 20 52 2c 00 ff 76 20 2c 10 00 ff 74 20 2c 10 8f 0a 00 ff 75 20 2c 10 94 0a 00 ff 76 20 2c 10 8e 0a 00 ff 76 20 2c 10 00 ff 79 20 52 2c 00 ff 74 20 52 2c 00 ff 74 20 12 2a 91 0a 8f 0a 05 ff a7 04 00 ff a7 04 00 ff a7 04 00 ff a7 04 00 ff a7 04 00 ff a7 04 00 ff a7 04 00 ff a7 04 4c ff 
[1786974217350] 6d ca 7d 2b 7e 07 01 cb 7d 2b 7e 07 66 78 20 52 2c 00 ff 74 20 52 2c 00 ff 74 20 2c 10 00 ff 75 20 2c 10 8f 0a 00 ff 74 20 2c 10 8e 0a 00 ff 7c 20 2c 10 00 ff 76 20 52 2c 00 ff 75 20 1f 04 52 2c 00 ff 75 20 23 04 2c 10 8f 0a 00 ff 74 20 21 04 5e 29 97 0a 00 ff a9 11 00 ff a3 11 00 ff a5 11 46 0e 00 ff b2 11 62 ff 
[1786974217350] 6c cb 7d 2b 7e 07 02 
[1786974217350] 64 cb 7d 2a 7e 06 aa 11 30 10 7d 0b 00 ff 7a 20 fb 21 00 ff 74 20 fc 21 00 ff 74 20 fc 21 00 ff 74 20 fd 21 00 ff 77 20 00 ff 7a 20 00 ff 74 20 17 09 00 ff 74 20 11 09 81 0d 00 ff 75 20 10 09 a9 09 00 00 ff 74 20 10 09 25 0b 00 a9 09 00 a9 09 00 00 ff 76 20 30 10 90 0a 00 ff a9 11 49 18 00 ff ae 11 00 ff a3 11 30 10 00 ff 75 20 2c 10 00 ff 74 20 2c 10 00 ff 74 20 2c 10 7f 0b 00 ff 78 20 00 ff 75 20 2c 10 00 ff 75 20 2c 10 ea 17 00 ff 74 20 fa 29 00 ff 74 20 2c 10 00 ff 74 20 2c 10 dc 15 00 ff 74 20 2c 10 00 ff 74 20 f8 29 7f 0b 00 ff a6 11 2c 10 dc 15 00 ff a3 11 52 2c 00 ff a3 11 30 10 7d 0b 00 ff 75 20 d2 15 00 ff 74 20 d5 15 00 ff 74 20 d5 15 00 ff 74 20 d5 15 00 ff 75 20 d5 15 95 6f 00 ff 75 20 d5 15 00 ff 75 20 30 10 00 ff 7b 20 3f 08 00 ff 74 20 00 ff 74 20 00 ff 7b 20 00 ff 75 20 00 ff 74 20 00 ff a3 11 30 10 9b 21 00 ff 78 20 d3 15 46 3f 00 ff 74 20 d6 15 00 ff 74 20 d6 15 00 ff 74 20 d6 15 00 ff 74 20 d6 15 00 ff 75 20 d6 15 00 ff 76 20 30 10 00 ff 75 20 a6 07 00 ff 74 20 00 ff 75 20 00 ff 74 20 00 ff 74 20 00 ff 74 20 00 ff a5 11 47 2c 00 ff 75 20 d3 15 00 ff 74 20 d6 15 00 ff 75 20 d6 15 00 ff 74 20 d6 15 49 3f 00 ff 75 20 d6 15 00 ff 7b 20 d6 15 00 ff 75 20 30 10 00 ff 74 20 a6 07 00 ff 74 20 00 ff 75 20 00 ff 74 20 c4 20 00 ff 74 20 00 ff 74 20 00 ff a3 11 30 10 d5 2a 00 ff 74 20 d3 15 47 3f 00 ff 77 20 d6 15 00 ff 74 20 d6 15 00 ff 74 20 d6 15 00 ff 74 20 d6 15 00 ff 75 20 d6 15 00 ff 74 20 d9 15 30 10 70 21 00 ff 75 20 f6 12 00 ff 74 20 f9 12 00 ff 78 20 f9 12 00 ff 74 20 f9 12 00 ff 74 20 f9 12 00 ff 74 20 f9 12 00 ff ae 11 47 2c 00 ff 75 20 d3 15 00 ff 74 20 d6 15 00 ff 7a 20 d6 15 00 ff 75 20 d6 15 26 09 b1 2c 00 ff 75 20 d6 15 00 ff 7b 20 d6 15 00 ff 77 20 d9 15 00 ff 74 20 f7 12 00 ff 78 20 fa 12 00 ff 78 20 fa 12 00 ff 74 20 fa 12 00 ff 74 20 fa 12 00 ff 7b 20 fa 12 00 ff aa 11 30 10 d5 2a 00 ff 75 20 d3 15 48 3f 00 ff 7a 20 d6 15 00 ff 74 20 d6 15 00 ff 74 20 d6 15 00 ff 74 20 d6 15 00 ff 74 20 d6 15 00 ff 75 20 d9 15 00 ff 75 20 f8 12 00 ff 75 20 e4 0b 01 fb 12 00 ff 74 20 fb 12 00 ff 75 20 fb 12 00 ff 74 20 fb 12 00 ff 74 20 fb 12 00 ff ae 11 47 2c 00 ff 7b 20 d3 15 00 ff 74 20 d6 15 00 ff 74 20 d6 15 00 ff 74 20 d6 15 4a 3f 00 ff 74 20 d6 15 00 ff 75 20 d6 15 00 ff 7a 20 30 10 71 21 00 ff 74 20 00 ff 74 20 00 ff 74 20 00 ff 77 20 c4 20 00 ff 74 20 00 ff 74 20 00 ff a5 11 30 10 9b 21 00 ff 74 20 d3 15 78 c4 00 ff 74 20 d6 15 00 ff 75 20 d6 15 00 ff 79 20 d6 15 00 ff 74 20 d6 15 00 ff 78 20 d6 15 00 ff 74 20 30 10 00 ff 74 20 a6 07 00 ff 74 20 00 ff 74 20 00 ff 74 20 00 ff 75 20 00 ff 75 20 00 ff a3 11 30 10 00 ff 74 20 d3 15 00 ff 7b 20 d6 15 00 ff 77 20 d6 15 00 ff 74 20 d6 15 00 ff 74 20 d6 15 00 ff 74 20 d6 15 00 ff 74 20 30 10 00 ff 75 20 a6 07 00 ff 74 20 00 ff 74 20 00 ff 74 20 00 ff 74 20 00 ff 78 20 00 ff a3 11 30 10 7d 0b 00 ff 74 20 30 01 2c 10 00 ff 76 20 2c 10 00 ff 75 20 d7 15 2c 10 00 ff 74 20 d7 15 00 ff 74 20 2c 10 00 ff 74 20 2c 10 00 ff 76 20 f8 29 00 ff 7b 20 2c 10 7f 0b 00 ff 76 20 2c 10 00 ff 74 20 2c 10 00 ff 74 20 37 01 fa 29 00 ff 75 20 6a 02 2c 10 94 0a 00 ff 74 20 6a 02 52 2c 8e 0a 00 ff a6 11 30 10 7d 0b 00 ff 75 20 1b 0a 00 ff 75 20 1d 0a 00 ff 74 20 00 ff 74 20 00 ff 75 20 00 ff 74 20 00 ff 74 20 11 09 00 ff 78 20 10 09 00 ff 74 20 10 09 00 ff 75 20 10 09 00 ff 7c 20 97 01 30 10 92 0a 00 ff a6 11 47 0e 01 00 ff a7 11 00 ff a3 11 39 12 30 10 70 21 00 ff 75 20 1c 0a 00 ff 74 20 1e 0a 00 ff 75 20 00 ff 74 20 00 ff 75 20 00 ff 75 20 00 ff 75 20 00 ff 78 20 c9 15 00 ff 7b 20 cc 15 00 ff 74 20 cc 15 00 ff 74 20 30 10 92 0a 00 ff a3 11 30 12 3c 07 00 ff a3 11 4a 18 00 ff 67 00 cd 21 00 ff 74 20 1f 0a 00 ff 7a 20 21 0a 00 ff 74 20 00 ff 75 20 00 ff 74 20 00 ff 74 20 00 ff 75 20 00 ff 74 20 ca 15 00 ff 78 20 cd 15 00 ff 74 20 cd 15 00 ff 75 20 30 10 90 0a 00 ff a7 11 34 12 47 18 00 ff a7 11 00 ff 67 00 cd 21 00 ff 75 20 20 0a 00 ff 74 20 22 0a 00 ff 75 20 00 ff 74 20 00 ff 75 20 00 ff 74 20 62 00 8f 02 00 80 64 00 4f 01 4f 4d 4f 5e 02 00 00 00 d7 37 00 00 00 00 02 01 ff 00 01 00 ff 78 20 00 ff 7b 20 ca 15 00 ff 74 20 cd 15 00 ff 74 20 cd 15 00 ff 75 20 47 2c 00 ff af 11 00 ff a4 11 00 ff a7 11 30 10 71 21 00 ff 75 20 1b 0a 00 ff 74 20 1d 0a 00 ff 74 20 00 ff 74 20 00 ff 79 20 00 ff 75 20 00 ff 75 20 00 ff 74 20 cb 15 00 ff 74 20 ce 15 00 ff 7a 20 ce 15 00 ff 74 20 20 04 47 2c 00 ff a3 11 2d 08 00 ff a6 11 3e 07 00 ff a6 11 30 10 00 ff 74 20 1c 0a 00 ff 75 20 1e 0a 00 ff 78 20 00 ff 74 20 00 ff 7b 20 00 ff 75 20 00 ff 75 20 11 09 00 ff 75 20 10 09 00 ff 74 20 10 09 00 ff 74 20 10 09 00 ff 76 20 25 04 30 10 91 0a 00 ff a3 11 53 0e 00 ff a3 11 00 ff 75 20 da 09 00 ff 74 20 00 ff 75 20 00 ff 77 20 00 ff 75 20 00 ff 74 20 00 ff 74 20 00 ff 74 20 00 ff 78 20 00 ff 74 20 dd 09 00 ff 74 20 5e 2a 00 ff 63 2c 00 ff 63 2c 00 ff 63 2c 00 ff 77 20 00 ff 75 20 00 ff 74 20 00 ff 74 20 00 ff 75 20 00 ff 75 20 00 ff 74 20 00 ff 78 20 00 ff 75 20 00 ff 74 20 00 ff 74 20 30 10 00 ff 75 20 3f 08 00 ff 74 20 00 ff 75 20 00 ff 74 20 00 ff 74 20 62 00 15 01 00 80 64 01 21 01 72 72 4b 71 01 00 00 00 d7 37 00 00 00 00 02 01 ff 00 01 00 ff 74 20 fe 08 00 ff 74 20 01 09 00 ff 75 20 00 ff 7b 20 00 ff 74 20 00 ff 9d 01 00 ff 74 20 00 ff 79 20 00 ff 7c 20 47 2c 00 ff 75 20 00 ff 7b 20 00 ff 75 20 00 ff 74 20 00 ff 74 20 38 09 00 ff 75 20 ff 08 00 ff 74 20 02 09 00 ff 75 20 36 09 00 ff 74 20 00 ff 74 20 00 ff 9d 01 00 ff 74 20 00 ff 75 20 00 ff 74 20 47 2c 00 ff 74 20 00 ff 75 20 00 ff 75 20 00 ff 75 20 00 ff 74 20 00 ff 74 20 ff 08 00 ff 74 20 02 09 00 ff 74 20 00 ff 75 20 00 ff 78 20 00 ff 74 20 00 ff 74 20 00 ff 74 20 00 ff 74 20 30 10 4e 1b 70 21 00 ff 75 20 00 ff 75 20 00 ff 74 20 00 ff 74 20 00 ff 78 20 38 09 00 ff 74 20 ff 08 00 ff 7b 20 02 09 00 ff 74 20 36 09 00 ff 74 20 00 ff 74 20 00 ff 75 20 3f 08 00 ff 75 20 00 ff 75 20 00 ff 75 20 00 ff 74 20 00 ff 74 20 00 ff 75 20 00 ff 74 20 00 ff 74 20 00 ff 75 20 ff 08 00 ff 74 20 02 09 00 ff 74 20 00 ff 75 20 00 ff 78 20 00 ff 7a 20 3f 08 00 ff 74 20 00 ff 74 20 00 ff 74 20 62 00 19 01 00 80 64 01 d7 01 00 39 00 44 02 00 00 00 d7 37 00 00 00 00 02 02 ff 00 01 00 ff 74 20 00 ff 75 20 00 ff 7a 20 00 ff 74 20 00 ff 74 20 38 09 00 ff 75 20 ff 08 00 ff 74 20 02 09 00 ff 74 20 36 09 00 ff 75 20 00 ff 74 20 00 ff 75 20 00 ff 74 20 00 ff 74 20 00 ff 74 20 30 10 4e 1b 71 21 00 ff 74 20 00 ff 74 20 8d 16 00 ff 74 20 00 ff 74 20 62 00 16 01 00 80 64 01 9f 00 26 4d 4e 5e 00 00 00 00 d7 37 00 00 00 00 02 01 ff 00 01 00 ff 75 20 00 ff 75 20 ff 08 00 ff 7a 20 02 09 00 ff 7a 20 00 ff 74 20 00 ff 74 20 62 00 a2 00 00 10 64 01 89 00 15 55 55 43 02 73 03 00 00 00 00 05 d5 ec 03 00 00 00 00 0c 00 ff 00 00 00 ff 9d 01 00 ff 74 20 00 ff 74 20 00 ff 74 20 47 2c 00 ff 74 20 8b 16 86 c4 00 ff ec 3c 59 4a 00 ff 74 20 8c 16 5e 4a 00 ff 74 20 00 ff 74 20 38 09 00 ff 75 20 ff 08 00 ff 75 20 02 09 00 ff 74 20 36 09 00 ff 75 20 00 ff 74 20 00 ff 9d 01 00 ff 74 20 00 ff 74 20 00 ff 74 20 47 2c 00 ff 74 20 3f 08 5b 4a e8 4a 00 ff 74 20 8e 16 00 ff 74 20 00 ff 74 20 00 ff 75 20 00 ff 7b 20 00 09 00 ff 75 20 03 09 00 ff 74 20 00 ff 74 20 00 ff 75 20 00 ff 75 20 00 ff 75 20 00 ff 74 20 00 ff 74 20 5e 2a 91 0a 00 ff 75 20 63 2c 00 ff 75 20 63 2c 00 ff 78 20 63 2c 00 ff 75 20 00 ff 75 20 00 ff 74 20 00 ff 75 20 00 ff 74 20 00 ff 75 20 00 ff 75 20 00 ff 79 20 00 ff 74 20 00 ff 75 20 d9 09 00 ff 74 20 30 10 92 0a 03 ff 77 20 2c 10 28 0a 00 ff 77 20 2c 10 28 0a 00 ff 74 20 2c 10 28 0a 7f 0b 00 ff 74 20 2c 10 28 0a 00 ff 78 20 06 22 2c 10 28 0a 00 ff 74 20 ff 21 00 ff 74 20 2c 10 28 0a 00 ff 77 20 2c 10 28 0a 00 ff 76 20 2c 10 28 0a 7f 0b 00 ff 74 20 2c 10 28 0a 00 ff 74 20 12 2a 28 0a 90 0a 03 ff 7b 20 ea 02 00 ff 74 20 00 ff 74 20 00 ff 75 20 fa 21 00 ff 77 20 d7 22 24 4b 00 ff 74 20 fe 21 00 ff 74 20 00 ff 74 20 f6 12 00 ff 74 20 f9 12 00 ff 74 20 f9 12 00 ff 74 20 30 10 03 ff 74 20 9d 07 00 ff 74 20 00 ff 74 20 00 ff 75 20 fb 21 00 ff 74 20 fc 21 00 ff 7a 20 fd 21 00 ff 74 20 00 ff 74 20 f7 12 00 ff 7b 20 fa 12 00 ff 7b 20 fa 12 00 ff 77 20 47 2c 03 ff 74 20 9d 07 00 ff 74 20 00 ff 74 20 00 ff 74 20 00 ff 75 20 62 00 17 01 00 80 64 02 85 00 3c 5e 72 73 00 00 00 00 d7 37 00 00 00 00 02 01 ff 00 01 00 ff 75 20 00 ff 74 20 00 ff 74 20 f7 12 00 ff 74 20 fa 12 00 ff 74 20 fa 12 00 ff 74 20 30 10 03 ff 74 20 ea 02 00 ff 75 20 00 ff 7a 20 00 ff 74 20 00 ff 75 20 00 ff 74 20 00 ff 74 20 00 ff 75 20 f7 12 00 ff 74 20 fa 12 00 ff 75 20 fa 12 00 ff 77 20 30 10 03 ff 7c 20 2c 10 00 ff 74 20 52 2c 00 ff 74 20 52 2c 00 ff 76 20 2c 10 00 ff 74 20 2c 10 8f 0a 00 ff 75 20 2c 10 94 0a 00 ff 76 20 2c 10 8e 0a 00 ff 76 20 2c 10 00 ff 79 20 52 2c 00 ff 74 20 52 2c 00 ff 74 20 12 2a 91 0a 8f 0a 03 ff a4 04 00 ff a4 04 00 ff a4 04 00 ff a4 04 00 ff a4 04 00 ff a4 04 00 ff a4 04 00 ff a4 04 00 ff a4 04 00 ff a4 04 04 ff a4 04 00 ff a4 04 00 ff a4 04 00 ff a4 04 00 ff a4 04 00 ff a4 04 00 ff a4 04 00 ff a4 04 00 ff a4 04 00 ff a4 04 04 ff a4 04 00 ff a4 04 00 ff a4 04 00 ff a4 04 00 ff a4 04 00 ff a4 04 00 ff a4 04 00 ff a4 04 00 ff a4 04 00 ff a4 04 04 ff a4 04 00 ff a4 04 00 ff a4 04 00 ff a4 04 00 ff a4 04 00 ff a4 04 00 ff a4 04 00 ff a4 04 00 ff a4 04 00 ff a4 04 04 ff a5 04 00 ff a5 04 00 ff a5 04 00 ff a5 04 00 ff a5 04 00 ff a5 04 00 ff a5 04 00 ff a5 04 00 ff a5 04 00 ff a5 04 04 ff a5 04 00 ff a5 04 00 ff a5 04 00 ff a5 04 00 ff a5 04 00 ff a5 04 00 ff a5 04 00 ff a5 04 00 ff a5 04 00 ff a5 04 04 ff a6 04 00 ff a6 04 00 ff a6 04 00 ff a6 04 00 ff a6 04 00 ff a6 04 00 ff a6 04 00 ff a6 04 00 ff a6 04 00 ff a6 04 04 ff a6 04 00 ff a6 04 00 ff a6 04 00 ff a6 04 00 ff a6 04 00 ff a6 04 00 ff a6 04 00 ff a6 04 00 ff a6 04 00 ff a6 04 04 ff a6 04 00 ff a6 04 00 ff a6 04 00 ff a6 04 00 ff a6 04 00 ff a6 04 00 ff a6 04 00 ff a6 04 00 ff a6 04 00 ff a6 04 04 ff a6 04 00 ff a6 04 00 ff a6 04 00 ff a6 04 00 ff a6 04 00 ff a6 04 00 ff a6 04 00 ff a6 04 00 ff a6 04 00 ff a6 04 04 ff a6 04 00 ff a6 04 00 ff a6 04 00 ff a6 04 00 ff a6 04 00 ff a6 04 00 ff a6 04 00 ff a6 04 00 ff a6 04 00 ff a6 04 04 ff a6 04 00 ff a6 04 00 ff a6 04 00 ff a6 04 00 ff a6 04 00 ff a6 04 00 ff a6 04 00 ff a6 04 00 ff a6 04 00 ff a6 04 04 ff a6 04 00 ff a6 04 00 ff a6 04 00 ff a6 04 00 ff a6 04 00 ff a6 04 00 ff a6 04 00 ff a6 04 00 ff a6 04 00 ff a6 04 04 ff a6 04 00 ff a6 04 00 ff a6 04 00 ff a6 04 00 ff a6 04 00 ff a6 04 00 ff a6 04 00 ff a6 04 00 ff a6 04 00 ff a6 04 04 ff a6 04 00 ff a6 04 00 ff a6 04 00 ff a6 04 00 ff a6 04 00 ff a6 04 00 ff a6 04 00 ff a6 04 00 ff a6 04 00 ff a6 04 04 ff a6 04 00 ff a6 04 4a 18 00 ff a6 04 00 ff a6 04 00 ff a6 04 00 ff a6 04 00 ff a6 04 00 ff a6 04 00 ff a6 04 00 ff a6 04 04 ff a6 04 00 ff a6 04 00 ff a6 04 00 ff a6 04 00 ff a6 04 00 ff a6 04 00 ff a6 04 00 ff a6 04 00 ff a6 04 00 ff a6 04 04 ff a7 04 00 ff a7 04 00 ff a7 04 00 ff a7 04 00 ff a7 04 00 ff a7 04 00 ff a7 04 00 ff a7 04 00 ff a7 04 00 ff a7 04 ff ff ff ff ff ff ff ff f0 ff 
[1786974217350] a9 01 01 95 00 41 63 74 69 76 65 20 52 65 73 74 69 6e 67 20 41 72 65 61 20 42 6f 6e 75 73 65 73 3a 20 0a 44 6f 75 62 6c 65 20 48 69 74 20 50 6f 69 6e 74 73 20 52 65 67 65 6e 65 72 61 74 69 6f 6e 2c 0a 44 6f 75 62 6c 65 20 4d 61 6e 61 20 50 6f 69 6e 74 73 20 52 65 67 65 6e 65 72 61 74 69 6f 6e 2c 0a 53 74 61 6d 69 6e 61 20 50 6f 69 6e 74 73 20 52 65 67 65 6e 65 72 61 74 69 6f 6e 2c 0a 53 6f 75 6c 20 50 6f 69 6e 74 73 20 52 65 67 65 6e 65 72 61 74 69 6f 6e 2e 
[1786974217350] a2 40 50 00 00 00 00 00 00 00 
[1786974217350] 6b cb 7d 2a 7e 06 01 63 00 a2 00 00 10 00 00 
[1786974217418] 1d 
[1786974217418] a9 01 01 95 00 41 63 74 69 76 65 20 52 65 73 74 69 6e 67 20 41 72 65 61 20 42 6f 6e 75 73 65 73 3a 20 0a 44 6f 75 62 6c 65 20 48 69 74 20 50 6f 69 6e 74 73 20 52 65 67 65 6e 65 72 61 74 69 6f 6e 2c 0a 44 6f 75 62 6c 65 20 4d 61 6e 61 20 50 6f 69 6e 74 73 20 52 65 67 65 6e 65 72 61 74 69 6f 6e 2c 0a 53 74 61 6d 69 6e 61 20 50 6f 69 6e 74 73 20 52 65 67 65 6e 65 72 61 74 69 6f 6e 2c 0a 53 6f 75 6c 20 50 6f 69 6e 74 73 20 52 65 67 65 6e 65 72 61 74 69 6f 6e 2e 
[1786974217418] a2 40 50 00 00 00 00 00 00 00 
[1786974217418] a9 01 01 95 00 41 63 74 69 76 65 20 52 65 73 74 69 6e 67 20 41 72 65 61 20 42 6f 6e 75 73 65 73 3a 20 0a 44 6f 75 62 6c 65 20 48 69 74 20 50 6f 69 6e 74 73 20 52 65 67 65 6e 65 72 61 74 69 6f 6e 2c 0a 44 6f 75 62 6c 65 20 4d 61 6e 61 20 50 6f 69 6e 74 73 20 52 65 67 65 6e 65 72 61 74 69 6f 6e 2c 0a 53 74 61 6d 69 6e 61 20 50 6f 69 6e 74 73 20 52 65 67 65 6e 65 72 61 74 69 6f 6e 2c 0a 53 6f 75 6c 20 50 6f 69 6e 74 73 20 52 65 67 65 6e 65 72 61 74 69 6f 6e 2e 
[1786974217418] a2 40 50 00 00 00 00 00 00 00 
[1786974217553] 6d cb 7d 2a 7e 06 01 ca 7d 2a 7e 06 68 ab 11 30 10 ae 2b 00 ff 74 20 fa 21 00 ff 74 20 f7 21 00 ff 75 20 f7 21 00 ff 74 20 fe 21 00 ff 74 20 00 ff 75 20 00 ff 74 20 13 09 00 ff 7b 20 00 ff 74 20 b2 09 00 00 ff 74 20 b2 09 00 00 ff 74 20 30 10 91 0a 00 ff a3 11 43 07 00 ff a3 11 47 18 00 ff 75 20 2c 10 00 ff 75 20 2c 10 7f 0b 00 ff 74 20 2c 10 7c 0a 00 ff 75 20 2c 10 89 08 7f 0b 00 ff 74 20 2c 10 7a 0a 00 ff 74 20 67 16 00 ff 75 20 2c 10 7a 0a 89 08 00 ff 7a 20 2c 10 7f 0b 00 ff 75 20 2c 10 7c 0a 00 ff 74 20 2c 10 7f 0b 00 ff 75 20 12 2a 03 ff a4 04 00 ff a4 04 00 ff a4 04 00 ff a4 04 00 ff a4 04 00 ff a4 04 00 ff a4 04 00 ff a4 04 00 ff a4 04 00 ff a4 04 4a ff 
[1786974217567] 6d c9 7d 2e 7e 06 01 c9 7d 2f 7e 06 
[1786974217807] 6d ca 7d 2a 7e 06 01 ca 7d 2b 7e 06 67 b0 11 37 12 00 ff a3 11 32 12 00 ff a3 11 32 12 52 2c 00 ff 75 20 00 ff 77 20 00 ff 75 20 c4 20 00 ff 74 20 f9 12 00 ff 74 20 fa 12 00 ff 75 20 fb 12 00 ff 75 20 c4 20 00 ff 74 20 00 ff 74 20 00 ff 74 20 6a 02 52 2c 00 ff a3 11 af 55 00 ff a3 11 00 ff a3 11 00 ff ae 11 4a 18 00 ff a3 11 37 12 01 ff 63 2c 00 ff 75 20 3f 08 00 ff 75 20 00 ff 74 20 00 ff 75 20 00 ff 74 20 cb 64 00 ff 75 20 00 ff 74 20 00 ff 75 20 00 ff 7b 20 3f 08 00 ff 76 20 63 2c 72 ff 
[1786974217868] 6a c1 7d 2b 7e 07 01 62 00 90 02 00 80 64 01 d7 01 4f 2d 0c 5e 00 00 00 00 d7 37 00 00 00 00 02 02 ff 00 01 
[1786974218000] 6d ca 7d 2b 7e 06 01 c9 7d 2c 7e 06 67 a3 11 35 12 00 ff a3 11 30 12 00 ff a3 11 30 12 2c 10 dc 15 00 ff 75 20 00 ff 74 20 00 ff 75 20 00 ff 75 20 fc 12 00 ff 74 20 fd 12 00 ff 75 20 fe 12 00 ff 75 20 00 ff 75 20 00 ff 74 20 00 ff 74 20 6a 02 2c 10 00 ff b0 11 00 ff a3 11 00 ff a3 11 49 0e 00 ff a3 11 d3 0a 00 ff ae 11 35 12 01 ff 63 2c 00 ff 75 20 38 08 00 ff 74 20 ba 2d 00 ff 75 20 ba 2d 00 ff 74 20 ba 2d 00 ff 74 20 ba 2d 00 ff 74 20 ba 2d 00 ff 74 20 ba 2d 00 ff 74 20 ba 2d 00 ff 79 20 38 08 00 ff 74 20 be 2d 72 ff 68 74 20 f7 21 00 ff 74 20 f7 21 00 ff 74 20 fe 21 00 ff 7a 20 00 ff 75 20 00 ff 75 20 13 09 00 ff 74 20 00 ff 75 20 00 ff 74 20 00 ff 75 20 23 04 47 2c 00 ff ae 11 21 04 41 07 00 ff a3 11 00 ff a5 11 63 1d 00 ff a3 11 00 ff c6 01 cf 0b 01 00 ff c7 01 89 08 00 ff 74 20 d4 15 00 ff 75 20 d7 15 62 00 18 01 00 80 64 00 97 00 72 4d 6e 83 00 00 00 00 d7 37 00 00 00 00 02 01 ff 00 01 00 ff 75 20 da 15 89 08 00 ff 75 20 11 09 dc 1c 00 00 ff 75 20 10 09 22 3f 00 a7 1f 00 00 ff 74 20 10 09 f8 1c 00 a1 1f 00 00 ff 74 20 30 10 05 ff a4 04 00 ff a4 04 00 ff a4 04 00 ff a4 04 00 ff a4 04 00 ff a4 04 00 ff a4 04 00 ff a4 04 4c ff 
[1786974218300] 6d c9 7d 2c 7e 06 01 c9 7d 2d 7e 06 67 af 11 47 18 00 ff a3 11 49 0e 00 ff ae 11 42 07 00 ff ad 11 5f 29 00 ff 7b 20 30 10 4b 1b 00 ff 74 20 47 2c 00 ff 74 20 47 2c 00 ff 74 20 30 10 70 21 00 ff 75 20 00 ff 75 20 00 ff 77 20 30 10 71 21 00 ff 75 20 47 2c 00 ff 74 20 47 2c 00 ff 75 20 3b 01 5e 29 4b 1b a0 0a a4 0a 00 ff a3 11 49 18 00 ff a3 11 63 1d 00 ff a3 11 1e 04 00 ff a3 11 24 04 07 ff 6b 21 00 ff 6c 21 00 ff 6d 21 74 ff 
[1786974218437] 6d c9 7d 2d 7e 06 01 c9 7d 2e 7e 06 67 a3 11 00 ff ac 11 00 ff aa 11 00 ff a3 11 00 ff a6 11 49 18 00 ff a9 11 3d 07 00 ff a8 11 31 12 eb 07 00 ff 67 00 ad 0d 00 ff 67 00 1e 04 00 ff 67 00 1f 04 00 ff 67 00 af 55 00 ff a3 11 38 12 eb 07 00 ff a7 11 34 12 00 ff a4 11 42 07 00 ff a4 11 00 ff a9 11 1e 04 00 ff b0 11 26 04 00 ff fb 03 7e ff 
[1786974219037] 1e 
[1786974219419] a0 7b 1c 00 00 7b 1c 00 00 45 52 10 00 b3 1e e1 13 01 00 00 00 8e 02 76 10 55 03 00 00 00 00 96 00 06 27 00 00 7e 27 00 00 c8 a2 09 fb 02 00 00 d5 01 00 00 01 00 00 00 00 00 00 00 00 
[1786974219419] a9 01 01 95 00 41 63 74 69 76 65 20 52 65 73 74 69 6e 67 20 41 72 65 61 20 42 6f 6e 75 73 65 73 3a 20 0a 44 6f 75 62 6c 65 20 48 69 74 20 50 6f 69 6e 74 73 20 52 65 67 65 6e 65 72 61 74 69 6f 6e 2c 0a 44 6f 75 62 6c 65 20 4d 61 6e 61 20 50 6f 69 6e 74 73 20 52 65 67 65 6e 65 72 61 74 69 6f 6e 2c 0a 53 74 61 6d 69 6e 61 20 50 6f 69 6e 74 73 20 52 65 67 65 6e 65 72 61 74 69 6f 6e 2c 0a 53 6f 75 6c 20 50 6f 69 6e 74 73 20 52 65 67 65 6e 65 72 61 74 69 6f 6e 2e 
[1786974219419] a2 40 50 00 00 00 00 00 00 00 
[1786974219569] 6d c9 7d 2f 7e 06 01 c8 7d 2f 7e 06 
[1786974219870] 6d c1 7d 2b 7e 07 01 c0 7d 2b 7e 07 
[1786974219931] aa 6f 6a 00 00 08 00 4b 75 6b 75 72 65 6a 61 00 8e 02 01 c9 7d 2e 7e 06 02 00 68 69 
[1786974219931] 6b c8 7d 2f 7e 06 01 63 00 19 01 00 80 00 01 
[1786974219931] 1c 00 01 19 01 00 80 04 07 03 00 79 65 73 08 02 00 6e 6f 09 03 00 62 79 65 00 05 00 74 72 61 64 65 
[1786974220382] ef 11 10 
[1786974220931] aa 73 6a 00 00 04 00 59 61 6e 61 00 00 00 0a c8 7d 2f 7e 06 14 00 47 72 65 65 74 69 6e 67 73 2c 20 4b 75 6b 75 72 65 6a 61 2e 
[1786974221870] 6d c0 7d 2b 7e 07 01 c1 7d 2b 7e 07 
[1786974222453] 1d 
[1786974223907] 6d c1 7d 2b 7e 07 01 c0 7d 2b 7e 07 
[1786974224489] 1e 
[1786974225908] 6d c0 7d 2b 7e 07 01 c1 7d 2b 7e 07 
[1786974227506] 1d 
[1786974227926] 6d c1 7d 2b 7e 07 01 c0 7d 2b 7e 07 
[1786974229957] 6c c0 7d 2b 7e 07 01 
[1786974230382] ef 11 14 
[1786974230989] 1e 
[1786974232202] 1c 00 00 00 
[1786974232423] 6d c9 7d 2e 7e 06 01 c9 7d 2d 7e 06 65 74 20 f7 21 00 ff 75 20 f7 21 00 ff 74 20 fc 21 00 ff 74 20 2c 10 7f 0b 00 ff 74 20 d5 15 00 ff 74 20 d6 15 00 ff 75 20 d6 15 00 ff 74 20 d6 15 00 ff 7a 20 d6 15 00 ff 74 20 d6 15 00 ff 74 20 d6 15 00 ff 75 20 d6 15 00 ff 77 20 d6 15 00 ff 75 20 d7 15 2c 10 00 ff 74 20 00 ff 75 20 00 ff 74 20 00 ff 75 20 00 ff c7 01 89 08 00 ff 75 20 2c 10 89 08 7f 0b 00 ff 77 20 00 ff 74 20 00 ff 74 20 01 09 00 ff 74 20 02 09 00 ff 74 20 02 09 00 ff 7b 20 02 09 00 ff 74 20 02 09 00 ff 74 20 02 09 00 ff 7a 20 02 09 00 ff 75 20 02 09 00 ff 75 20 03 09 00 ff 75 20 00 ff 74 20 2c 10 28 0a 00 ff 75 20 fa 21 00 ff 75 20 fb 21 00 ff 74 20 00 ff a4 04 00 ff a4 04 00 ff a4 04 00 ff a4 04 00 ff a4 04 00 ff a4 04 00 ff a5 04 00 ff a5 04 00 ff a6 04 00 ff a6 04 00 ff a6 04 00 ff a6 04 00 ff a6 04 00 ff a6 04 00 ff a6 04 00 ff a6 04 00 ff a6 04 00 ff a6 04 5a ff 
[1786974232502] aa 9a 6a 00 00 04 00 59 61 6e 61 00 00 00 01 c8 7d 2f 7e 06 09 00 47 6f 6f 64 20 62 79 65 2e 
[1786974232534] 1d 
[1786974232652] 6d c9 7d 2d 7e 06 01 ca 7d 2d 7e 06 66 74 20 00 ff 74 20 00 ff 79 20 00 ff 75 20 00 ff 75 20 00 ff 74 20 cb 15 00 ff 74 20 ce 15 00 ff 7a 20 ce 15 00 ff 74 20 20 04 47 2c 00 ff a3 11 2d 08 00 ff a6 11 3e 07 00 ff a3 11 37 12 00 ff ae 11 35 12 00 ff ad 11 1f 04 49 18 00 ff 74 20 00 ff 75 20 00 ff 74 20 00 ff 74 20 00 ff 75 20 f7 12 00 ff 74 20 fa 12 00 ff 75 20 fa 12 00 ff 77 20 30 10 06 ff a6 04 00 ff a6 04 00 ff a6 04 00 ff a6 04 00 ff a6 04 00 ff a6 04 00 ff a6 04 4d ff 
[1786974232653] 83 ca 7d 2d 7e 06 03 0f 00 01 00 
[1786974232653] a4 06 00 d0 07 00 00 
[1786974232653] a9 01 01 95 00 41 63 74 69 76 65 20 52 65 73 74 69 6e 67 20 41 72 65 61 20 42 6f 6e 75 73 65 73 3a 20 0a 44 6f 75 62 6c 65 20 48 69 74 20 50 6f 69 6e 74 73 20 52 65 67 65 6e 65 72 61 74 69 6f 6e 2c 0a 44 6f 75 62 6c 65 20 4d 61 6e 61 20 50 6f 69 6e 74 73 20 52 65 67 65 6e 65 72 61 74 69 6f 6e 2c 0a 53 74 61 6d 69 6e 61 20 50 6f 69 6e 74 73 20 52 65 67 65 6e 65 72 61 74 69 6f 6e 2c 0a 53 6f 75 6c 20 50 6f 69 6e 74 73 20 52 65 67 65 6e 65 72 61 74 69 6f 6e 2e 
[1786974232653] a2 40 50 00 00 00 00 00 00 00 
[1786974232653] a5 03 d0 07 00 00 
[1786974232653] a9 01 01 95 00 41 63 74 69 76 65 20 52 65 73 74 69 6e 67 20 41 72 65 61 20 42 6f 6e 75 73 65 73 3a 20 0a 44 6f 75 62 6c 65 20 48 69 74 20 50 6f 69 6e 74 73 20 52 65 67 65 6e 65 72 61 74 69 6f 6e 2c 0a 44 6f 75 62 6c 65 20 4d 61 6e 61 20 50 6f 69 6e 74 73 20 52 65 67 65 6e 65 72 61 74 69 6f 6e 2c 0a 53 74 61 6d 69 6e 61 20 50 6f 69 6e 74 73 20 52 65 67 65 6e 65 72 61 74 69 6f 6e 2c 0a 53 6f 75 6c 20 50 6f 69 6e 74 73 20 52 65 67 65 6e 65 72 61 74 69 6f 6e 2e 
[1786974232653] a2 40 50 00 00 00 00 00 00 00 
[1786974232653] 83 ca 7d 2d 7e 06 06 01 ee 03 00 
[1786974232653] a0 7b 1c 00 00 7b 1c 00 00 45 52 10 00 b3 1e e1 13 01 00 00 00 8e 02 76 10 55 03 00 00 00 00 96 00 06 27 00 00 7e 27 00 00 c8 a2 09 fb 02 00 00 d5 01 00 00 01 00 00 00 00 00 00 00 00 
[1786974232653] a1 27 00 20 00 20 00 e7 16 13 00 13 00 13 00 7b 11 0a 00 0a 00 0a 00 00 00 0a 00 0a 00 0a 00 00 00 0a 00 0a 00 0a 00 00 00 9a 00 6a 00 6a 00 91 1e 4d 00 4d 00 4d 00 11 06 0a 00 0a 00 0a 00 00 00 00 5a 3c 19 00 28 a5 14 00 7d 00 ad 01 00 04 ff ff ff 7f 00 04 57 1b 00 80 04 9f 0f 00 80 04 97 08 00 80 04 27 23 00 80 04 ff ff ff 7f 00 00 26 00 00 00 04 7c 00 00 80 04 ff ff ff 7f 00 00 07 00 04 10 03 00 80 03 04 6f 03 00 80 02 04 8c 04 00 80 01 04 f0 0a 00 80 04 04 f3 01 00 80 05 04 8c 04 00 80 06 04 f3 01 00 80 04 ff ff ff 7f 04 ff ff ff 7f 04 ff ff ff 7f 
[1786974232653] a0 7b 1c 00 00 7b 1c 00 00 45 52 10 00 b3 1e e1 13 01 00 00 00 8e 02 76 10 55 03 00 00 00 00 96 00 ca 26 00 00 7e 27 00 00 c8 a2 09 fb 02 00 00 d5 01 00 00 01 00 00 00 00 00 00 00 00 
[1786974232653] aa 9b 6a 00 00 08 00 4b 75 6b 75 72 65 6a 61 00 8e 02 24 ca 7d 2d 7e 06 09 00 75 74 61 6e 69 20 68 75 72 
[1786974232907] 6d ca 7d 2d 7e 06 01 cb 7d 2d 7e 06 66 78 20 00 ff 74 20 00 ff 7b 20 00 ff 75 20 00 ff 75 20 11 09 00 ff 75 20 10 09 00 ff 74 20 10 09 00 ff 74 20 10 09 00 ff 76 20 25 04 30 10 91 0a 00 ff a3 11 53 0e 00 ff a3 11 00 ff a3 11 36 12 00 ff a4 11 34 12 3f 07 00 ff a3 11 43 07 00 ff 76 20 2c 10 00 ff 74 20 2c 10 8f 0a 00 ff 75 20 2c 10 94 0a 00 ff 76 20 2c 10 8e 0a 00 ff 76 20 2c 10 00 ff 79 20 52 2c 00 ff 74 20 52 2c 00 ff 74 20 12 2a 91 0a 8f 0a 06 ff a7 04 00 ff a7 04 00 ff a7 04 00 ff a7 04 00 ff a7 04 00 ff a7 04 00 ff a7 04 4d ff 
[1786974233017] 6d cb 7d 2d 7e 06 01 cc 7d 2d 7e 06 66 74 20 52 2c 00 ff 74 20 2c 10 00 ff 75 20 2c 10 8f 0a 00 ff 74 20 2c 10 8e 0a 00 ff 7c 20 2c 10 00 ff 76 20 52 2c 00 ff 75 20 1f 04 52 2c 00 ff 75 20 23 04 2c 10 8f 0a 00 ff 74 20 21 04 5e 29 97 0a 00 ff a9 11 00 ff a3 11 00 ff a5 11 46 0e 00 ff b2 11 00 ff a7 11 49 0e 62 ff 
[1786974233119] 6d cc 7d 2d 7e 06 01 cd 7d 2c 7e 06 65 74 20 2c 10 00 ff 74 20 d5 15 00 ff 74 20 d6 15 00 ff 74 20 d6 15 00 ff 77 20 d6 15 00 ff 74 20 d6 15 00 ff 7a 20 d6 15 00 ff 74 20 d6 15 00 ff 74 20 d6 15 00 ff 7b 20 d6 15 00 ff 76 20 2c 10 00 ff 75 20 1d 0a 00 ff 74 20 1e 0a 00 ff 7a 20 21 0a 00 ff 74 20 22 0a 00 ff 74 20 1d 0a 00 ff 75 20 1e 0a 00 ff 78 20 52 2c 00 ff 74 20 00 ff 74 20 fe 08 00 ff 75 20 ff 08 00 ff 74 20 ff 08 00 ff 74 20 ff 08 00 ff 75 20 ff 08 00 ff 75 20 ff 08 00 ff 75 20 ff 08 00 ff 75 20 ff 08 00 ff 7b 20 00 09 00 ff 74 20 00 ff 74 20 2c 10 28 0a 7f 0b 00 ff 74 20 00 ff 74 20 00 ff 74 20 00 ff 7a 20 00 ff 74 20 52 2c 01 ff a4 04 00 ff a4 04 00 ff a4 04 00 ff a5 04 00 ff a5 04 00 ff a6 04 00 ff a6 04 00 ff a6 04 00 ff a6 04 00 ff a6 04 00 ff a6 04 00 ff a6 04 00 ff a6 04 00 ff a6 04 00 ff a6 04 00 ff a6 04 00 ff a7 04 5b ff 66 a3 11 4a 18 00 ff a3 11 00 ff af 11 00 ff b1 11 32 12 00 ff aa 11 30 12 49 18 00 ff a3 11 00 ff a3 11 63 1d 00 ff a3 11 af 55 00 ff aa 11 53 0e 00 ff a3 11 00 ff b1 11 00 ff a3 11 49 18 00 ff ab 11 53 0e 00 ff a3 11 47 18 62 ff 
[1786974233419] 6d cd 7d 2c 7e 06 01 ce 7d 2b 7e 06 65 75 20 d2 15 00 ff 78 20 d3 15 46 3f 00 ff 75 20 d3 15 00 ff 74 20 d3 15 47 3f 00 ff 75 20 d3 15 00 ff 75 20 d3 15 48 3f 00 ff 7b 20 d3 15 00 ff 74 20 d3 15 78 c4 00 ff 74 20 d3 15 00 ff 74 20 30 01 2c 10 00 ff 75 20 1b 0a 00 ff 75 20 1c 0a 00 ff 74 20 1f 0a 00 ff 75 20 20 0a 00 ff 75 20 1b 0a 00 ff 74 20 1c 0a 00 ff 74 20 2c 10 8e 0a 00 ff a3 11 47 18 00 ff 74 20 00 ff 74 20 38 09 00 ff 74 20 62 00 15 01 00 80 64 02 21 01 72 72 4b 71 01 00 00 00 d7 37 00 00 00 00 02 01 ff 00 01 00 ff 78 20 38 09 00 ff 74 20 00 ff 74 20 38 09 00 ff 75 20 00 ff 74 20 38 09 00 ff 75 20 00 ff 75 20 00 ff 77 20 2c 10 28 0a 00 ff 74 20 00 ff 74 20 00 ff 74 20 00 ff 75 20 00 ff 74 20 52 2c 02 ff a4 04 00 ff a4 04 00 ff a5 04 00 ff a5 04 00 ff a6 04 00 ff a6 04 00 ff a6 04 00 ff a6 04 00 ff a6 04 00 ff a6 04 00 ff a6 04 00 ff a6 04 00 ff a6 04 00 ff a6 04 4a 18 00 ff a6 04 00 ff a7 04 5c ff 66 a8 11 1a 12 00 ff a3 11 1a 12 00 ff aa 11 22 12 46 0e 00 ff a3 11 5d 0e 00 ff a3 11 36 12 60 0e 00 ff a3 11 34 12 00 ff ad 11 49 0e 00 ff a3 11 3f 07 00 ff ac 11 47 0e 01 00 ff aa 11 4a 18 00 ff a3 11 42 07 00 ff a6 11 4a 18 00 ff a3 11 af 55 00 ff a4 11 47 18 62 ff 
[1786974233719] 6d ce 7d 2b 7e 06 01 ce 7d 2a 7e 06 65 a3 11 30 10 9b 21 00 ff a5 11 47 2c 00 ff a3 11 30 10 d5 2a 00 ff ae 11 47 2c 00 ff aa 11 30 10 d5 2a 00 ff ae 11 47 2c 00 ff a5 11 30 10 9b 21 00 ff a3 11 30 10 00 ff a3 11 30 10 7d 0b 00 ff a6 11 30 10 7d 0b 00 ff a3 11 39 12 30 10 70 21 00 ff 67 00 cd 21 00 ff 67 00 cd 21 00 ff a7 11 30 10 71 21 00 ff a6 11 30 10 00 ff ad 11 5d 29 7d 0b 96 0a 00 ff ad 11 4a 18 42 07 00 ff a3 11 24 12 3e 07 00 ff 74 20 00 ff 75 20 00 ff 74 20 00 ff 74 20 00 ff 74 20 00 ff 74 20 62 00 16 01 00 80 64 01 9f 00 26 4d 4e 5e 00 00 00 00 d7 37 00 00 00 00 02 01 ff 00 01 00 ff 74 20 00 ff 74 20 00 ff 75 20 00 ff 77 20 2c 10 28 0a 00 ff 7b 20 ea 02 00 ff 74 20 9d 07 00 ff 74 20 9d 07 00 ff 74 20 ea 02 00 ff 7c 20 2c 10 03 ff a4 04 00 ff a5 04 00 ff a5 04 00 ff a6 04 00 ff a6 04 00 ff a6 04 00 ff a6 04 00 ff a6 04 00 ff a6 04 00 ff a6 04 00 ff a6 04 00 ff a6 04 00 ff a6 04 00 ff a6 04 00 ff a7 04 5d ff 
[1786974233824] 6d ce 7d 2a 7e 06 01 cf 7d 29 7e 06 65 ad 11 00 ff a3 11 49 0e 00 ff a3 11 43 07 00 ff ad 11 49 18 00 ff a3 11 46 0e 00 ff a3 11 49 0e 00 ff a3 11 3c 07 00 ff a3 11 af 55 00 ff a3 11 47 18 00 ff a3 11 ea 88 47 0e 01 00 ff a3 11 3b 12 ce 21 00 ff 67 00 ce 21 00 ff af 11 38 12 ce 21 00 ff ad 11 34 12 eb 88 52 0e 00 ff a3 11 22 12 00 ff a3 11 19 12 49 18 00 ff ad 11 19 12 00 ff ad 11 19 12 53 0e 00 ff 30 10 6d 0a 00 ff 30 10 95 21 00 ff 30 10 73 0a 00 ff 47 2c 00 ff 30 10 73 0a 00 ff 30 10 95 21 00 ff 30 10 6d 0a 00 ff 47 2c 00 ff 30 10 6f 0a 00 ff 30 10 97 21 00 ff 30 10 27 0a 00 ff 47 2c 27 0a 00 ff 30 10 27 0a 00 ff 30 10 27 0a 00 ff 5d 29 27 0a 03 ff a4 04 00 ff a5 04 00 ff a5 04 00 ff a6 04 00 ff a6 04 00 ff a6 04 00 ff a6 04 00 ff a6 04 00 ff a6 04 00 ff a6 04 00 ff a6 04 00 ff a6 04 00 ff a6 04 00 ff a6 04 00 ff a7 04 5d ff 66 ad 11 1e 12 00 ff ad 11 20 12 00 ff f9 11 00 ff f7 11 00 ff b0 11 1e 12 00 ff a4 11 1a 12 3d 07 00 ff a3 11 1a 12 00 ff a6 11 1a 12 00 ff a6 11 22 12 00 ff b0 11 49 0e 00 ff a3 11 4a 18 00 ff a8 11 00 ff a7 11 00 ff a3 11 40 07 62 ff 
[1786974234084] 6d cb 7d 24 7e 06 01 cc 7d 24 7e 06 
[1786974234294] 6d cf 7d 29 7e 06 02 d0 7d 29 7e 06 66 f6 11 00 ff f6 11 00 ff f6 11 00 ff f9 11 00 ff f7 11 00 ff f9 11 00 ff f8 11 00 ff f5 11 00 ff a3 11 1e 12 00 ff a3 11 1a 12 00 ff a3 11 1a 12 00 ff a3 11 22 12 a8 1d 00 ff a3 11 53 0e 00 ff a3 11 62 ff 
[1786974234543] 6d d0 7d 29 7e 06 02 d1 7d 28 7e 06 65 a3 11 5b 0e 00 ff a3 11 52 0e 00 ff a3 11 5e 0e 00 ff a5 11 3e 07 00 ff a6 11 5d 0e 00 ff a3 11 22 12 2e 0f 00 ff ae 11 19 12 43 07 00 ff ad 11 19 12 ee 88 cf 08 00 ff 74 20 e3 08 00 ff 75 20 00 ff 75 20 cf 08 00 ff a3 11 36 12 19 12 ef 88 ed 08 00 ff a3 11 1e 12 00 ff f7 11 00 ff f7 11 00 ff f6 11 00 ff f9 11 00 ff fa 11 12 ff a8 04 aa 04 00 ff ab 04 ac 04 00 ff ab 04 00 ff ab 04 00 ff ab 04 00 ff ab 04 00 ff ab 04 00 ff ab 04 00 ff ab 04 00 ff ab 04 00 ff ab 04 00 ff ab 04 00 ff ac 04 5f ff 66 f5 11 00 ff f9 11 00 ff f5 11 00 ff f7 11 00 ff f6 11 00 ff f6 11 00 ff f6 11 00 ff f7 11 00 ff f9 11 00 ff f9 11 00 ff f5 11 00 ff fa 11 00 ff a3 11 1e 12 00 ff a3 11 1a 12 62 ff 
[1786974234844] 6d d1 7d 28 7e 06 02 d1 7d 27 7e 06 65 a3 11 21 12 32 0f 00 ff a3 11 5e 0e 00 ff ae 11 22 12 30 0f 00 ff a6 11 19 12 00 ff a3 11 1e 12 00 ff f7 11 00 ff f9 11 ee 88 00 ff 74 20 e1 08 00 ff 74 20 00 ff 75 20 00 ff f8 11 ef 88 e1 08 00 ff f7 11 00 ff f7 11 00 ff f9 11 00 ff f5 11 00 ff f7 11 00 ff f8 11 00 ff f9 11 7e ff 
[1786974234944] 6d d1 7d 27 7e 06 02 d2 7d 26 7e 06 65 a3 11 1d 12 00 ff a3 11 19 12 00 ff a3 11 1e 12 00 ff f5 11 00 ff f5 11 00 ff f9 11 00 ff f8 11 ee 88 00 ff 74 20 df 08 00 ff 75 20 00 ff 74 20 00 ff f7 11 ef 88 df 08 00 ff fa 11 00 ff f8 11 00 ff f7 11 00 ff f8 11 00 ff f7 11 00 ff f6 11 00 ff fa 11 7e ff 66 f5 11 00 ff f8 11 00 ff f8 11 00 ff f8 11 00 ff f9 11 00 ff f9 11 00 ff f6 11 00 ff f6 11 00 ff f6 11 00 ff f8 11 00 ff f7 11 00 ff f9 11 00 ff f5 11 00 ff f9 11 62 ff 
[1786974235244] 6d d2 7d 26 7e 06 01 d2 7d 25 7e 06 65 3a 11 f5 19 00 ff d8 11 9a 11 99 11 f1 19 00 ff d3 11 f6 19 00 ff f5 11 00 ff f5 11 00 ff f6 11 ee 88 cf 08 00 ff 74 20 e3 08 00 ff 74 20 00 ff 74 20 cf 08 00 ff f8 11 ef 88 e3 08 00 ff f9 11 00 ff cf 11 a2 11 f5 19 00 ff 2d 11 f6 19 00 ff fa 11 00 ff 2e 11 f5 19 00 ff 2c 11 f1 19 00 ff 35 11 f6 19 00 ff f9 11 7e ff 
[1786974235535] a9 01 01 95 00 41 63 74 69 76 65 20 52 65 73 74 69 6e 67 20 41 72 65 61 20 42 6f 6e 75 73 65 73 3a 20 0a 44 6f 75 62 6c 65 20 48 69 74 20 50 6f 69 6e 74 73 20 52 65 67 65 6e 65 72 61 74 69 6f 6e 2c 0a 44 6f 75 62 6c 65 20 4d 61 6e 61 20 50 6f 69 6e 74 73 20 52 65 67 65 6e 65 72 61 74 69 6f 6e 2c 0a 53 74 61 6d 69 6e 61 20 50 6f 69 6e 74 73 20 52 65 67 65 6e 65 72 61 74 69 6f 6e 2c 0a 53 6f 75 6c 20 50 6f 69 6e 74 73 20 52 65 67 65 6e 65 72 61 74 69 6f 6e 2e 
[1786974235535] a2 40 50 00 00 00 00 00 00 00 
[1786974235535] a9 01 01 95 00 41 63 74 69 76 65 20 52 65 73 74 69 6e 67 20 41 72 65 61 20 42 6f 6e 75 73 65 73 3a 20 0a 44 6f 75 62 6c 65 20 48 69 74 20 50 6f 69 6e 74 73 20 52 65 67 65 6e 65 72 61 74 69 6f 6e 2c 0a 44 6f 75 62 6c 65 20 4d 61 6e 61 20 50 6f 69 6e 74 73 20 52 65 67 65 6e 65 72 61 74 69 6f 6e 2c 0a 53 74 61 6d 69 6e 61 20 50 6f 69 6e 74 73 20 52 65 67 65 6e 65 72 61 74 69 6f 6e 2c 0a 53 6f 75 6c 20 50 6f 69 6e 74 73 20 52 65 67 65 6e 65 72 61 74 69 6f 6e 2e 
[1786974235535] a2 40 50 00 00 00 00 00 00 00 
[1786974236085] 6d cc 7d 24 7e 06 01 cd 7d 24 7e 06 
[1786974237298] 1e 
[1786974237537] 1d 
[1786974237617] 6d d2 7d 25 7e 06 01 d2 7d 24 7e 06 65 2e 11 f9 19 6c 11 00 ff d3 11 9f 11 00 ff d0 11 97 11 f0 19 00 ff 37 11 f5 19 00 ff 2a 11 f1 19 00 ff 39 11 f6 19 ee 88 00 ff 75 20 e1 08 00 ff 75 20 00 ff 77 20 00 ff f5 11 ef 88 e1 08 00 ff d4 11 f5 19 00 ff d6 11 98 11 f9 19 00 ff 2d 11 fa 19 00 ff d8 11 a1 11 f1 19 00 ff d7 11 a2 11 f9 19 00 ff 36 11 00 ff 2e 11 fa 19 6c 11 00 ff 2d 11 f1 19 7e ff 
[1786974237618] 6c d2 7d 24 7e 06 02 
[1786974237618] 64 71 7e f1 7d 07 98 01 01 05 2c 25 00 ff 98 01 05 05 2c 25 2d 25 00 ff 68 00 00 ff a9 11 0f 05 00 ff 99 01 00 ff 99 01 00 ff 99 01 00 ff 99 01 00 ff 99 01 89 14 00 ff 99 01 0f 05 00 ff a5 11 46 0e 00 ff a3 11 af 55 00 ff a3 11 00 ff a3 11 af 55 00 ff 68 00 00 ff 68 00 00 ff 68 00 00 ff a9 11 b3 11 0f 05 00 ff 99 01 00 ff 99 01 00 ff 99 01 00 ff 99 01 00 ff 99 01 00 ff 99 01 0f 05 00 ff a3 11 49 0e 00 ff ab 11 00 ff a6 11 24 0e 00 ff a6 11 00 ff 68 00 0e 05 00 ff 68 00 0e 05 00 ff 68 00 0e 05 5c 0b 00 ff 68 00 14 05 00 ff 99 01 00 ff 99 01 00 ff 99 01 00 ff 99 01 00 ff 99 01 00 ff 99 01 0f 05 00 ff b1 11 46 0e 00 ff a3 11 00 ff a3 11 00 ff a3 11 af 55 4a 18 00 ff 99 01 00 ff 99 01 00 ff 99 01 00 ff 99 01 00 ff 99 01 00 ff 99 01 00 ff 99 01 00 ff 99 01 00 ff 99 01 00 ff 99 01 0f 05 00 ff ae 11 49 0e 00 ff a3 11 00 ff a3 11 00 ff a3 11 00 ff 99 01 69 08 00 ff 99 01 e3 ce 00 ff 99 01 00 ff 99 01 69 08 00 ff 99 01 00 ff 99 01 00 ff 99 01 00 ff 99 01 00 ff 99 01 00 ff 99 01 0f 05 00 ff a6 11 46 0e 00 ff a6 11 00 ff a4 11 24 0e 00 ff a8 11 00 ff 99 01 00 ff 99 01 00 ff 99 01 00 ff 99 01 00 ff 99 01 00 ff 99 01 00 ff 99 01 00 ff 99 01 00 ff 99 01 3e 08 00 ff 99 01 0f 05 00 ff b1 11 49 0e 00 ff a3 11 46 0e 00 ff a3 11 49 0e 00 ff a3 11 46 0e 00 ff 99 01 00 ff 99 01 00 ff 99 01 00 ff 99 01 00 ff 99 01 00 ff 99 01 00 ff 9a 01 00 ff 99 01 00 ff 99 01 00 ff 99 01 11 05 00 ff a3 11 0e 05 00 ff a3 11 0e 05 00 ff a8 11 0e 05 00 ff a3 11 0e 05 00 ff 99 01 00 ff 99 01 00 ff 99 01 00 ff 99 01 00 ff 99 01 00 ff 9a 01 00 ff 99 01 00 ff 9a 01 00 ff 99 01 00 ff 99 01 00 ff 99 01 00 ff 99 01 00 ff 99 01 00 ff 99 01 3e 08 00 ff 99 01 00 ff 99 01 00 ff 99 01 00 ff 99 01 00 ff 9a 01 62 00 7f 02 00 80 64 02 39 00 00 00 00 00 00 00 00 00 d7 37 00 00 00 00 02 01 ff 00 01 00 ff 99 01 00 ff 9a 01 62 00 a2 00 00 10 64 00 89 00 15 55 55 43 02 73 03 00 00 00 00 05 d5 ec 03 00 00 00 00 0c 00 ff 00 00 00 ff 99 01 00 ff 9a 01 00 ff 99 01 00 ff 99 01 00 ff 99 01 00 ff 99 01 00 ff 99 01 00 ff 99 01 00 ff 99 01 00 ff 99 01 00 ff 99 01 00 ff 99 01 00 ff 9a 01 00 ff 99 01 00 ff 9a 01 00 ff 99 01 00 ff 99 01 00 ff 99 01 00 ff 99 01 00 ff 99 01 00 ff 99 01 3e 08 00 ff 99 01 00 ff 99 01 00 ff 99 01 00 ff 99 01 00 ff 99 01 00 ff 99 01 00 ff 9a 01 00 ff 99 01 00 ff 99 01 00 ff 99 01 10 05 00 ff 99 01 0e 05 00 ff 99 01 0e 05 00 ff 99 01 0e 05 00 ff 99 01 0e 05 00 ff 99 01 00 ff 99 01 00 ff 99 01 00 ff 99 01 00 ff 99 01 00 ff 99 01 00 ff 99 01 00 ff 99 01 00 ff 99 01 3e 08 00 ff 99 01 0f 05 00 ff a3 11 49 0e 00 ff a3 11 46 0e 00 ff a3 11 49 0e 00 ff a3 11 46 0e 00 ff 99 01 69 08 00 ff 99 01 00 ff 99 01 00 ff 99 01 69 08 00 ff 99 01 00 ff 99 01 00 ff 99 01 00 ff 99 01 00 ff 99 01 00 ff 99 01 0f 05 00 ff a3 11 46 0e 00 ff ae 11 00 ff a3 11 24 0e 00 ff a3 11 4a 18 00 ff 99 01 00 ff 99 01 00 ff 99 01 00 ff 99 01 00 ff 99 01 00 ff 99 01 00 ff 99 01 00 ff 99 01 00 ff 99 01 00 ff 99 01 0f 05 00 ff ac 11 49 0e 00 ff a3 11 49 18 00 ff a3 11 4a 18 00 ff aa 11 00 ff 99 01 15 05 00 ff 99 01 0e 05 00 ff 99 01 0e 05 00 ff 99 01 15 05 00 ff 99 01 00 ff 99 01 00 ff 99 01 00 ff 99 01 00 ff 99 01 0e 05 00 ff 99 01 16 05 00 ff aa 11 46 0e 00 ff a3 11 00 ff b2 11 00 ff a4 11 4a 18 00 ff a3 11 06 05 00 ff a3 11 af 55 00 ff 36 11 bb 11 00 ff 68 00 b4 11 0f 05 00 ff 99 01 00 ff 99 01 00 ff 99 01 00 ff 99 01 00 ff a2 01 89 14 00 ff 99 01 0f 05 00 ff a3 11 49 0e 00 ff a7 11 00 ff a3 11 24 0e 00 ff a3 11 af 55 00 ff 98 01 02 05 2d 25 00 ff a3 11 4a 18 00 ff 3a 11 b3 11 10 05 af 55 00 ff b4 1c cd 21 97 11 ec 11 31 25 14 05 00 ff 99 01 b9 0d 00 ff 99 01 00 ff 99 01 00 ff 99 01 00 ff 99 01 00 ff 99 01 0f 05 00 ff a3 11 46 0e 00 ff b1 11 00 ff b1 11 49 18 00 ff a9 11 af 55 00 ff 98 01 23 19 00 ff 2a 11 bb 11 4a 18 00 ff 33 11 b7 11 0f 05 00 ff 99 01 62 00 35 43 00 50 64 02 84 00 00 47 4c 73 03 00 00 00 d7 00 00 00 00 00 01 00 ff 00 01 00 ff 99 01 e9 58 00 ff 99 01 00 ff 99 01 00 ff 99 01 00 ff 99 01 00 ff 99 01 0f 05 00 ff a3 11 49 0e 00 ff a9 11 00 ff ad 11 00 ff a5 11 00 ff ba 01 6d 08 00 ff c1 01 00 ff 0f 05 00 ff 99 01 00 ff 99 01 00 ff 99 01 00 ff 99 01 00 ff 99 01 00 ff 99 01 0f 05 05 ff 0e 05 00 ff 0e 05 00 ff 14 05 00 ff 99 01 74 08 00 ff 99 01 74 08 00 ff 99 01 00 ff 99 01 00 ff 99 01 00 ff 99 01 0f 05 09 ff 72 08 00 ff 99 01 00 ff 99 01 00 ff 99 01 00 ff 99 01 0f 05 07 ff 69 08 01 ff 72 08 00 ff 99 01 00 ff 99 01 00 ff 99 01 00 ff 99 01 0f 05 09 ff 72 08 00 ff 99 01 00 ff 99 01 00 ff 99 01 00 ff 99 01 0f 05 09 ff 72 08 00 ff 99 01 00 ff 99 01 00 ff 99 01 00 ff 99 01 11 05 00 ff 0e 05 00 ff 0e 05 00 ff 13 05 78 21 00 ff 85 04 00 ff 85 04 04 ff 72 08 00 ff 99 01 00 ff 99 01 00 ff 99 01 00 ff 99 01 e1 07 00 ff 99 01 3e 08 00 ff 99 01 31 07 00 ff 99 01 0f 05 00 ff 86 04 00 ff 86 04 3e 08 04 ff 72 08 00 ff 99 01 00 ff 99 01 00 ff 99 01 00 ff 99 01 00 ff 99 01 00 ff 99 01 9d 07 00 ff 99 01 0f 05 00 ff 89 04 00 ff 89 04 ef 07 04 ff 72 08 00 ff 99 01 00 ff 99 01 00 ff 99 01 00 ff 99 01 00 ff 99 01 3e 08 00 ff 99 01 31 07 00 ff 99 01 0f 05 00 ff 89 04 00 ff 89 04 ef 07 04 ff 72 08 00 ff 99 01 00 ff 99 01 00 ff 99 01 00 ff 99 01 10 05 00 ff 99 01 0e 05 00 ff 99 01 0e 05 00 ff 99 01 12 05 70 21 00 ff 87 04 00 ff 87 04 3e 08 04 ff 72 08 00 ff 99 01 00 ff 99 01 00 ff 99 01 00 ff 99 01 0f 05 03 ff 88 04 00 ff 88 04 02 ff 69 08 01 ff 72 08 00 ff 99 01 00 ff 99 01 00 ff 99 01 00 ff 99 01 0f 05 09 ff 72 08 00 ff 99 01 00 ff 99 01 00 ff 99 01 00 ff 99 01 0f 05 05 ff 0e 05 00 ff 0e 05 00 ff 15 05 00 ff 74 08 00 ff 78 08 00 ff 99 01 00 ff 99 01 00 ff 99 01 00 ff 99 01 0f 05 07 ff 0f 05 00 ff 99 01 a0 12 54 1d 00 ff 99 01 9e 12 00 ff 99 01 00 ff 99 01 00 ff 3b 16 00 ff 99 01 0f 05 07 ff 0f 05 00 ff 99 01 9a 12 55 1d cc 13 00 ff 99 01 99 12 00 ff 99 01 00 ff 99 01 00 ff 99 01 00 ff 99 01 0f 05 07 ff 0f 05 00 ff 99 01 9f 12 00 ff 99 01 9d 12 00 ff 99 01 00 ff 99 01 00 ff 99 01 00 ff 99 01 0f 05 07 ff 0f 05 00 ff 99 01 00 ff 99 01 00 ff 99 01 bc 16 0a 03 00 ff 99 01 b9 16 09 03 cb 13 cd 13 00 ff 99 01 bf 16 00 ff 99 01 0f 05 05 ff 85 04 00 ff 85 04 8b 04 00 ff 86 04 00 ff 86 04 00 ff 86 04 00 ff 86 04 00 ff 86 04 00 ff 86 04 06 ff 86 04 00 ff 86 04 00 ff 86 04 00 ff 86 04 00 ff 86 04 00 ff 86 04 00 ff 86 04 00 ff 86 04 06 ff 86 04 00 ff 86 04 00 ff 86 04 00 ff 86 04 00 ff 86 04 00 ff 86 04 00 ff 86 04 00 ff 86 04 06 ff 86 04 00 ff 86 04 00 ff 86 04 00 ff 86 04 00 ff 86 04 00 ff 86 04 00 ff 86 04 00 ff 86 04 06 ff 86 04 00 ff 86 04 00 ff 86 04 00 ff 86 04 00 ff 86 04 00 ff 86 04 00 ff 86 04 00 ff 86 04 00 ff 85 04 00 ff 85 04 00 ff 85 04 03 ff 86 04 00 ff 86 04 00 ff 86 04 00 ff 86 04 00 ff 86 04 00 ff 86 04 00 ff 86 04 00 ff 86 04 00 ff 86 04 00 ff 86 04 00 ff 86 04 03 ff 89 04 00 ff 89 04 00 ff 89 04 00 ff 89 04 00 ff 89 04 00 ff 89 04 00 ff 89 04 00 ff 89 04 00 ff 89 04 00 ff 89 04 00 ff 89 04 03 ff 87 04 00 ff 87 04 00 ff 87 04 00 ff 87 04 00 ff 87 04 00 ff 87 04 00 ff 87 04 00 ff 87 04 00 ff 87 04 00 ff 87 04 00 ff 87 04 03 ff 87 04 00 ff 87 04 00 ff 87 04 00 ff 87 04 00 ff 87 04 00 ff 87 04 00 ff 87 04 00 ff 87 04 00 ff 87 04 00 ff 87 04 00 ff 87 04 03 ff 87 04 00 ff 87 04 00 ff 87 04 00 ff 87 04 00 ff 87 04 00 ff 87 04 00 ff 87 04 00 ff 87 04 00 ff 88 04 00 ff 88 04 00 ff 88 04 03 ff 87 04 00 ff 87 04 00 ff 87 04 00 ff 87 04 00 ff 87 04 00 ff 87 04 00 ff 87 04 00 ff 87 04 06 ff 87 04 00 ff 87 04 00 ff 87 04 00 ff 87 04 00 ff 87 04 00 ff 87 04 00 ff 87 04 00 ff 87 04 06 ff 87 04 00 ff 87 04 00 ff 87 04 00 ff 87 04 00 ff 87 04 00 ff 87 04 00 ff 87 04 00 ff 87 04 06 ff 88 04 00 ff 88 04 8c 04 00 ff 87 04 00 ff 87 04 00 ff 87 04 00 ff 87 04 00 ff 87 04 00 ff 87 04 07 ff 8c 04 00 ff 87 04 00 ff 87 04 00 ff 87 04 00 ff 87 04 00 ff 87 04 00 ff 87 04 07 ff 8c 04 00 ff 87 04 00 ff 87 04 00 ff 87 04 00 ff 87 04 00 ff 87 04 00 ff 87 04 07 ff 8c 04 00 ff 87 04 00 ff 87 04 00 ff 87 04 00 ff 87 04 00 ff 87 04 00 ff 87 04 07 ff 8c 04 00 ff 87 04 00 ff 87 04 00 ff 87 04 00 ff 87 04 00 ff 87 04 00 ff 87 04 ff ff ff ff ff ff ff ff f2 ff 
[1786974237618] a9 01 01 95 00 41 63 74 69 76 65 20 52 65 73 74 69 6e 67 20 41 72 65 61 20 42 6f 6e 75 73 65 73 3a 20 0a 44 6f 75 62 6c 65 20 48 69 74 20 50 6f 69 6e 74 73 20 52 65 67 65 6e 65 72 61 74 69 6f 6e 2c 0a 44 6f 75 62 6c 65 20 4d 61 6e 61 20 50 6f 69 6e 74 73 20 52 65 67 65 6e 65 72 61 74 69 6f 6e 2c 0a 53 74 61 6d 69 6e 61 20 50 6f 69 6e 74 73 20 52 65 67 65 6e 65 72 61 74 69 6f 6e 2c 0a 53 6f 75 6c 20 50 6f 69 6e 74 73 20 52 65 67 65 6e 65 72 61 74 69 6f 6e 2e 
[1786974237618] a2 40 50 00 00 00 00 00 00 00 
[1786974237618] 83 71 7e f1 7d 07 03 0b 00 00 00 
[1786974237618] 6b 71 7e f1 7d 07 01 63 00 a2 00 00 10 01 00 
[1786974237618] 83 71 7e f1 7d 07 03 0b 00 00 00 
[1786974238588] 6d 71 7e ef 7d 07 01 70 7e ef 7d 07 
[1786974239613] 6d 71 7e f1 7d 07 01 70 7e f1 7d 07 68 98 01 a8 09 00 00 ff 98 01 02 05 2d 25 00 ff 68 00 00 ff a9 11 0f 05 00 ff 99 01 00 ff 99 01 00 ff 99 01 00 ff 99 01 00 ff 99 01 0e 05 00 ff 99 01 16 05 00 ff a3 11 49 0e 00 ff ab 11 00 ff a6 11 49 18 00 ff a4 11 00 ff 98 01 a6 0b 00 ff b8 01 6b 08 00 ff 0f 05 00 ff 99 01 1f 04 00 ff 99 01 21 04 00 ff 99 01 00 ff 99 01 00 ff 3b 16 00 ff 99 01 0f 05 06 ff 8b 04 00 ff 86 04 00 ff 86 04 00 ff 86 04 00 ff 86 04 00 ff 86 04 00 ff 86 04 4c ff 
[1786974239872] 6d 70 7e f1 7d 07 01 6f 7e f1 7d 07 68 98 01 0f 09 00 ff 98 01 02 05 2d 25 00 ff 68 00 00 ff a9 11 0f 05 00 ff 99 01 e5 61 00 ff 99 01 00 ff 99 01 00 ff 99 01 00 ff 99 01 00 ff 99 01 0f 05 00 ff a5 11 46 0e 00 ff b2 11 4a 18 00 ff a3 11 24 0e 00 ff a3 11 49 18 00 ff 98 01 00 ff b8 01 6b 08 00 ff 0f 05 00 ff 99 01 24 04 1e 18 cc 13 00 ff 99 01 25 04 00 ff 99 01 00 ff 99 01 00 ff 99 01 00 ff 99 01 0f 05 06 ff 8b 04 00 ff 86 04 00 ff 86 04 00 ff 86 04 00 ff 86 04 00 ff 86 04 00 ff 86 04 4c ff 
[1786974239973] 6d 6f 7e f1 7d 07 01 6e 7e f1 7d 07 68 98 01 37 09 00 ff 98 01 02 05 2d 25 00 ff 68 00 00 ff a9 11 0f 05 00 ff 99 01 61 00 00 00 00 00 7e 02 00 80 02 0d 00 49 6d 62 75 20 53 75 70 70 6c 69 65 72 64 02 7a 02 00 13 56 3c 00 00 00 00 d7 37 00 00 00 00 00 02 01 ff 00 01 00 ff 99 01 00 ff 99 01 00 ff 99 01 00 ff 99 01 00 ff 99 01 0f 05 00 ff a3 11 49 0e 00 ff a6 11 00 ff a3 11 00 ff a3 11 00 ff 98 01 00 ff b8 01 6b 08 00 ff 0f 05 00 ff 99 01 1e 04 20 18 00 ff 99 01 20 04 00 ff 99 01 2d 1a 00 ff 99 01 2a 1a 00 ff 99 01 2b 1a 00 ff 99 01 0f 05 06 ff 8b 04 00 ff 86 04 00 ff 86 04 00 ff 86 04 00 ff 86 04 00 ff 86 04 00 ff 86 04 4c ff 
[1786974240073] 6d 6e 7e f1 7d 07 01 6d 7e f1 7d 07 68 98 01 82 09 00 00 ff 98 01 02 05 2d 25 00 ff 68 00 b6 11 00 ff a3 11 10 05 00 ff 99 01 0e 05 00 ff a3 11 0e 05 00 ff a3 11 0e 05 00 ff a3 11 0e 05 00 ff af 11 0e 05 00 ff a3 11 13 05 78 21 00 ff a3 11 46 0e 00 ff af 11 00 ff a3 11 af 55 00 ff a3 11 00 ff 98 01 00 ff b8 01 6b 08 00 ff 0f 05 00 ff 99 01 41 08 00 ff 99 01 00 ff 99 01 2e 1a 4a 1a 00 ff 99 01 28 1a 6b 1a cd 13 00 ff 99 01 2c 1a 41 08 00 ff 99 01 0f 05 06 ff 8b 04 00 ff 86 04 00 ff 86 04 00 ff 86 04 00 ff 86 04 00 ff 86 04 00 ff 86 04 4c ff 
[1786974240187] 6d 6d 7e f1 7d 07 01 6c 7e f1 7d 07 68 a4 11 01 05 00 ff a3 11 06 05 00 ff a3 11 af 55 00 ff a9 11 00 ff a3 11 49 18 00 ff aa 11 4a 18 00 ff a3 11 4a 18 00 ff a3 11 00 ff a3 11 00 ff a9 11 00 ff a5 11 00 ff a3 11 00 ff a3 11 24 0e 00 ff a3 11 4a 18 00 ff 98 01 a6 0b 00 ff b8 01 6e 08 00 ff 10 05 00 ff 0e 05 00 ff 0e 05 00 ff 0e 05 00 ff 0e 05 00 ff 0e 05 00 ff 13 05 78 21 06 ff 8b 04 00 ff 86 04 00 ff 86 04 00 ff 86 04 00 ff 86 04 00 ff 86 04 00 ff 86 04 4c ff 
[1786974240293] 6d 6c 7e f1 7d 07 01 6b 7e f1 7d 07 68 ad 11 00 ff a3 11 00 ff ae 11 00 ff a3 11 49 18 00 ff a3 11 00 ff aa 11 4a 18 00 ff ab 11 00 ff a3 11 00 ff a5 11 4a 18 00 ff a3 11 49 18 00 ff a3 11 af 55 00 ff a3 11 00 ff a6 11 00 ff 67 00 39 01 00 ff b9 01 6c 08 00 ff c2 01 0d ff 8a 04 00 ff 85 04 00 ff 85 04 00 ff 85 04 00 ff 85 04 00 ff 85 04 00 ff 85 04 4c ff 
[1786974240382] 82 f3 d7 
[1786974240382] ef 11 18 
[1786974240397] 6d 6b 7e f1 7d 07 01 6a 7e f1 7d 07 68 b2 11 00 ff a3 11 00 ff a7 11 00 ff b1 11 4a 18 00 ff b0 11 00 ff a3 11 49 18 00 ff a6 11 00 ff a9 11 4a 18 00 ff a7 11 00 ff a3 11 00 ff a3 11 00 ff a3 11 00 ff ac 11 00 ff 67 00 30 01 62 ff 
[1786974240497] 6d 6a 7e f1 7d 07 01 69 7e f1 7d 07 68 a3 11 f6 04 00 ff a3 11 f6 04 00 ff a3 11 f6 04 00 ff 98 01 f6 04 78 21 00 ff 98 01 f6 04 00 ff 98 01 f6 04 00 ff 98 01 f6 04 00 ff 98 01 f6 04 00 ff 98 01 fc 04 78 21 00 ff 98 01 f6 04 00 ff 98 01 f6 04 00 ff 98 01 2a 19 00 ff 98 01 f6 04 00 ff 98 01 fa 04 70 21 62 ff 
[1786974240551] a9 01 01 95 00 41 63 74 69 76 65 20 52 65 73 74 69 6e 67 20 41 72 65 61 20 42 6f 6e 75 73 65 73 3a 20 0a 44 6f 75 62 6c 65 20 48 69 74 20 50 6f 69 6e 74 73 20 52 65 67 65 6e 65 72 61 74 69 6f 6e 2c 0a 44 6f 75 62 6c 65 20 4d 61 6e 61 20 50 6f 69 6e 74 73 20 52 65 67 65 6e 65 72 61 74 69 6f 6e 2c 0a 53 74 61 6d 69 6e 61 20 50 6f 69 6e 74 73 20 52 65 67 65 6e 65 72 61 74 69 6f 6e 2c 0a 53 6f 75 6c 20 50 6f 69 6e 74 73 20 52 65 67 65 6e 65 72 61 74 69 6f 6e 2e 
[1786974240551] a2 40 50 00 00 00 00 00 00 00 
[1786974240599] 6d 69 7e f1 7d 07 01 68 7e f1 7d 07 68 70 01 00 ff 70 01 00 ff 70 01 00 ff 70 01 00 ff 70 01 00 ff 70 01 00 ff 70 01 00 ff 70 01 00 ff 70 01 8b 16 5b 06 00 ff 98 01 00 ff 98 01 00 ff 98 01 00 ff 98 01 00 ff 98 01 f7 04 00 ff f8 04 58 06 00 ff f8 04 58 06 00 ff f8 04 58 06 00 ff f8 04 58 06 00 ff f8 04 58 06 00 ff f8 04 58 06 00 ff 58 06 00 ff f6 04 6a 08 78 21 00 ff 98 01 f6 04 00 ff 98 01 f6 04 00 ff 98 01 f6 04 00 ff 98 01 f6 04 00 ff 98 01 fa 04 70 21 55 ff 
[1786974240601] 6d 70 7e ef 7d 07 01 6f 7e ef 7d 07 
[1786974240701] 6d 68 7e f1 7d 07 01 68 7e f2 7d 07 67 66 03 00 ff 66 03 35 12 00 ff 66 03 39 12 00 ff 67 00 b8 11 00 ff 67 00 b3 11 3c 08 00 ff 67 00 b3 11 4a 18 00 ff 67 00 b3 11 00 ff 67 00 b3 11 49 18 00 ff 67 00 b3 11 00 ff 67 00 b3 11 4a 18 00 ff 67 00 b3 11 00 ff 67 00 b3 11 4a 18 00 ff 67 00 b3 11 00 ff 67 00 b3 11 00 ff 67 00 b3 11 3c 08 00 ff 67 00 b3 11 13 05 00 ff 99 01 8b 16 71 21 00 ff 99 01 8b 16 7e ff 
[1786974241023] 6d 68 7e f2 7d 07 01 69 7e f2 7d 07 66 99 01 00 ff 99 01 00 ff 99 01 00 ff 99 01 00 ff 9a 01 00 ff 99 01 00 ff 9a 01 00 ff 99 01 00 ff 99 01 00 ff 99 01 00 ff 99 01 00 ff 99 01 00 ff 99 01 3e 08 00 ff 99 01 8b 16 03 ff 72 08 00 ff 99 01 00 ff 99 01 00 ff 99 01 00 ff 99 01 10 05 00 ff 99 01 0e 05 00 ff 99 01 0e 05 00 ff 99 01 12 05 70 21 00 ff 87 04 00 ff 87 04 3e 08 01 ff 87 04 00 ff 87 04 00 ff 87 04 00 ff 87 04 00 ff 87 04 00 ff 87 04 00 ff 87 04 00 ff 88 04 00 ff 88 04 00 ff 88 04 4a ff 
[1786974241169] 6d 69 7e f2 7d 07 01 69 7e f3 7d 07 67 66 03 00 ff 66 03 35 12 00 ff 66 03 30 12 00 ff 66 03 30 12 00 ff 66 03 30 12 00 ff 66 03 30 12 00 ff 66 03 30 12 00 ff 66 03 30 12 00 ff 66 03 30 12 00 ff 66 03 30 12 00 ff 66 03 30 12 00 ff 66 03 30 12 00 ff 66 03 30 12 00 ff 66 03 30 12 00 ff 66 03 30 12 00 ff 66 03 8c 16 34 12 00 ff 66 03 8c 16 00 ff 66 03 8c 16 35 12 7e ff 
[1786974241169] 6c 69 7e f3 7d 07 02 
[1786974241169] 64 68 7e f3 7d 06 70 01 91 16 00 ff 70 01 00 ff 70 01 00 ff 70 01 00 ff 70 01 00 ff 70 01 00 ff 70 01 00 ff 70 01 8b 16 5a 06 00 ff 98 01 00 ff 98 01 00 ff 98 01 00 ff 98 01 00 ff 98 01 f7 04 00 ff 66 03 00 ff 70 01 00 ff 70 01 00 ff 70 01 00 ff 70 01 00 ff 70 01 00 ff 70 01 00 ff 70 01 00 ff 70 01 8b 16 5b 06 00 ff 98 01 00 ff 98 01 00 ff 98 01 00 ff 98 01 00 ff 98 01 f7 04 00 ff 66 03 00 ff a3 11 f6 04 00 ff a3 11 f6 04 00 ff 98 01 f6 04 78 21 00 ff 98 01 f6 04 00 ff 98 01 f6 04 00 ff 98 01 f6 04 00 ff 98 01 f6 04 00 ff 98 01 fc 04 78 21 00 ff 98 01 f6 04 00 ff 98 01 f6 04 00 ff 98 01 2a 19 00 ff 98 01 f6 04 00 ff 98 01 fa 04 70 21 00 ff 66 03 35 12 00 ff a3 11 00 ff a7 11 00 ff b1 11 4a 18 00 ff b0 11 00 ff a3 11 49 18 00 ff a6 11 00 ff a9 11 4a 18 00 ff a7 11 00 ff a3 11 00 ff a3 11 00 ff a3 11 00 ff ac 11 00 ff 67 00 30 01 00 ff 66 03 39 12 00 ff a3 11 00 ff ae 11 00 ff a3 11 49 18 00 ff a3 11 00 ff aa 11 4a 18 00 ff ab 11 00 ff a3 11 00 ff a5 11 4a 18 00 ff a3 11 49 18 00 ff a3 11 af 55 00 ff a3 11 00 ff a6 11 00 ff 67 00 39 01 00 ff 67 00 b8 11 00 ff a3 11 06 05 00 ff a3 11 af 55 00 ff a9 11 00 ff a3 11 49 18 00 ff aa 11 4a 18 00 ff a3 11 4a 18 00 ff a3 11 00 ff a3 11 00 ff a9 11 00 ff a5 11 00 ff a3 11 00 ff a3 11 24 0e 00 ff a3 11 4a 18 00 ff 67 00 b3 11 3c 08 00 ff 98 01 02 05 2d 25 00 ff 68 00 b6 11 00 ff a3 11 10 05 00 ff 99 01 0e 05 00 ff a3 11 0e 05 00 ff a3 11 0e 05 00 ff a3 11 0e 05 00 ff af 11 0e 05 00 ff a3 11 13 05 78 21 00 ff a3 11 46 0e 00 ff af 11 00 ff a3 11 af 55 00 ff a3 11 00 ff 67 00 b3 11 4a 18 00 ff 98 01 02 05 2d 25 00 ff 68 00 00 ff a9 11 0f 05 00 ff 99 01 62 00 7e 02 00 80 64 02 7a 02 00 13 56 3c 00 00 00 00 d7 37 00 00 00 00 02 01 ff 00 01 00 ff 99 01 00 ff 99 01 00 ff 99 01 00 ff 99 01 00 ff 99 01 0f 05 00 ff a3 11 49 0e 00 ff a6 11 00 ff a3 11 00 ff a3 11 00 ff 67 00 b3 11 00 ff 98 01 02 05 2d 25 00 ff 68 00 00 ff a9 11 0f 05 00 ff 99 01 e5 61 00 ff 99 01 00 ff 99 01 00 ff 99 01 00 ff 99 01 00 ff 99 01 0f 05 00 ff a5 11 46 0e 00 ff b2 11 4a 18 00 ff a3 11 24 0e 00 ff a3 11 49 18 00 ff 67 00 b3 11 49 18 00 ff 98 01 02 05 2d 25 00 ff 68 00 00 ff a9 11 0f 05 00 ff 99 01 00 ff 99 01 00 ff 99 01 00 ff 99 01 00 ff 99 01 0e 05 00 ff 99 01 16 05 00 ff a3 11 49 0e 00 ff ab 11 00 ff a6 11 49 18 00 ff a4 11 00 ff 67 00 b3 11 00 ff 98 01 05 05 2c 25 2d 25 00 ff 68 00 00 ff a9 11 0f 05 00 ff 99 01 00 ff 99 01 00 ff 99 01 00 ff 99 01 00 ff 99 01 89 14 00 ff 99 01 0f 05 00 ff a5 11 46 0e 00 ff a3 11 af 55 00 ff a3 11 00 ff a3 11 af 55 00 ff 67 00 b3 11 4a 18 00 ff 68 00 00 ff 68 00 00 ff a9 11 b3 11 0f 05 00 ff 99 01 00 ff 99 01 00 ff 99 01 00 ff 99 01 00 ff 99 01 00 ff 99 01 0f 05 00 ff a3 11 49 0e 00 ff ab 11 00 ff a6 11 24 0e 00 ff a6 11 00 ff 67 00 b3 11 00 ff 68 00 0e 05 00 ff 68 00 0e 05 5c 0b 00 ff 68 00 14 05 00 ff 99 01 00 ff 99 01 00 ff 99 01 00 ff 99 01 00 ff 99 01 00 ff 99 01 0f 05 00 ff b1 11 46 0e 00 ff a3 11 00 ff a3 11 00 ff a3 11 af 55 4a 18 00 ff 67 00 b3 11 4a 18 00 ff 99 01 00 ff 99 01 00 ff 99 01 00 ff 99 01 00 ff 99 01 00 ff 99 01 00 ff 99 01 00 ff 99 01 00 ff 99 01 0f 05 00 ff ae 11 49 0e 00 ff a3 11 00 ff a3 11 00 ff a3 11 00 ff 67 00 b3 11 00 ff 99 01 e3 ce 00 ff 99 01 00 ff 99 01 69 08 00 ff 99 01 00 ff 99 01 00 ff 99 01 00 ff 99 01 00 ff 99 01 00 ff 99 01 0f 05 00 ff a6 11 46 0e 00 ff a6 11 00 ff a4 11 24 0e 00 ff a8 11 00 ff 67 00 b3 11 00 ff 99 01 00 ff 99 01 00 ff 99 01 00 ff 99 01 00 ff 99 01 00 ff 99 01 00 ff 99 01 00 ff 99 01 3e 08 00 ff 99 01 0f 05 00 ff b1 11 49 0e 00 ff a3 11 46 0e 00 ff a3 11 49 0e 00 ff a3 11 46 0e 00 ff 67 00 b3 11 3c 08 00 ff 99 01 00 ff 99 01 00 ff 99 01 00 ff 99 01 62 00 7f 02 00 80 64 03 39 00 00 00 00 00 00 00 00 00 d7 37 00 00 00 00 02 01 ff 00 01 00 ff 99 01 00 ff 9a 01 00 ff 99 01 00 ff 99 01 00 ff 99 01 11 05 00 ff a3 11 0e 05 00 ff a3 11 0e 05 00 ff a8 11 0e 05 00 ff a3 11 0e 05 00 ff 67 00 b3 11 13 05 00 ff 99 01 00 ff 99 01 00 ff 99 01 00 ff 99 01 00 ff 9a 01 00 ff 99 01 00 ff 9a 01 00 ff 99 01 00 ff 99 01 00 ff 99 01 00 ff 99 01 00 ff 99 01 00 ff 99 01 3e 08 00 ff 99 01 8b 16 71 21 06 ff b7 01 6a 08 00 ff 98 01 36 09 00 ff 98 01 00 ff 98 01 00 ff 98 01 00 ff 98 01 f7 04 02 ff f8 04 58 06 00 ff f8 04 58 06 00 ff f8 04 58 06 00 ff f8 04 58 06 00 ff f8 04 58 06 00 ff 58 06 00 ff f6 04 6a 08 78 21 00 ff 98 01 f6 04 00 ff 98 01 f6 04 00 ff 98 01 f6 04 00 ff 98 01 f6 04 00 ff 98 01 fa 04 70 21 1e ff c2 01 0d ff b8 01 6e 08 00 ff 10 05 00 ff 0e 05 00 ff 0e 05 00 ff 0e 05 00 ff 0e 05 00 ff 0e 05 00 ff 13 05 78 21 06 ff b8 01 6b 08 00 ff 0f 05 00 ff 99 01 41 08 00 ff 99 01 00 ff 99 01 2e 1a 4a 1a 00 ff 99 01 28 1a 6b 1a cd 13 00 ff 99 01 2c 1a 41 08 00 ff 99 01 0f 05 06 ff b8 01 6b 08 00 ff 0f 05 00 ff 99 01 1e 04 20 18 00 ff 99 01 20 04 00 ff 99 01 2d 1a 00 ff 99 01 2a 1a 00 ff 99 01 2b 1a 00 ff 99 01 0f 05 06 ff b8 01 6b 08 00 ff 0f 05 00 ff 99 01 24 04 1e 18 cc 13 00 ff 99 01 25 04 00 ff 99 01 00 ff 99 01 00 ff 99 01 62 00 a2 00 00 10 64 02 89 00 15 55 55 43 02 73 03 00 00 00 00 05 d5 ec 03 00 00 00 00 0c 00 ff 00 00 00 ff 99 01 0f 05 06 ff b8 01 6b 08 00 ff 0f 05 00 ff 99 01 1f 04 00 ff 99 01 21 04 00 ff 99 01 00 ff 99 01 00 ff 3b 16 00 ff 99 01 0f 05 06 ff c1 01 00 ff 0f 05 00 ff 99 01 00 ff 99 01 00 ff 99 01 00 ff 99 01 00 ff 99 01 00 ff 99 01 0f 05 06 ff 0e 05 00 ff 14 05 00 ff 99 01 74 08 00 ff 99 01 74 08 00 ff 99 01 00 ff 99 01 00 ff 99 01 00 ff 99 01 0f 05 09 ff 72 08 00 ff 99 01 00 ff 99 01 00 ff 99 01 00 ff 99 01 0f 05 07 ff 69 08 01 ff 72 08 00 ff 99 01 00 ff 99 01 00 ff 99 01 00 ff 99 01 0f 05 09 ff 72 08 00 ff 99 01 00 ff 99 01 00 ff 99 01 00 ff 99 01 0f 05 09 ff 72 08 00 ff 99 01 00 ff 99 01 00 ff 99 01 00 ff 99 01 11 05 00 ff 0e 05 00 ff 0e 05 00 ff 13 05 78 21 00 ff 85 04 00 ff 85 04 04 ff 72 08 00 ff 99 01 00 ff 99 01 00 ff 99 01 00 ff 99 01 e1 07 00 ff 99 01 3e 08 00 ff 99 01 31 07 00 ff 99 01 0f 05 00 ff 86 04 00 ff 86 04 3e 08 04 ff 72 08 00 ff 99 01 00 ff 99 01 00 ff 99 01 00 ff 99 01 00 ff 99 01 00 ff 99 01 9d 07 00 ff 99 01 0f 05 00 ff 89 04 00 ff 89 04 ef 07 01 ff 90 04 00 ff 90 04 00 ff 90 04 00 ff 93 04 00 ff 91 04 00 ff 91 04 00 ff 91 04 00 ff 91 04 00 ff 91 04 00 ff 91 04 00 ff 91 04 00 ff 92 04 2c ff 8a 04 00 ff 85 04 00 ff 85 04 00 ff 85 04 00 ff 85 04 00 ff 85 04 00 ff 85 04 07 ff 8b 04 00 ff 86 04 00 ff 86 04 00 ff 86 04 00 ff 86 04 00 ff 86 04 00 ff 86 04 07 ff 8b 04 00 ff 86 04 00 ff 86 04 00 ff 86 04 00 ff 86 04 00 ff 86 04 00 ff 86 04 07 ff 8b 04 00 ff 86 04 00 ff 86 04 00 ff 86 04 00 ff 86 04 00 ff 86 04 00 ff 86 04 07 ff 8b 04 00 ff 86 04 00 ff 86 04 00 ff 86 04 00 ff 86 04 00 ff 86 04 00 ff 86 04 07 ff 8b 04 00 ff 86 04 00 ff 86 04 00 ff 86 04 00 ff 86 04 00 ff 86 04 00 ff 86 04 07 ff 85 04 8b 04 00 ff 86 04 00 ff 86 04 00 ff 86 04 00 ff 86 04 00 ff 86 04 00 ff 86 04 07 ff 86 04 00 ff 86 04 00 ff 86 04 00 ff 86 04 00 ff 86 04 00 ff 86 04 00 ff 86 04 07 ff 86 04 00 ff 86 04 00 ff 86 04 00 ff 86 04 00 ff 86 04 00 ff 86 04 00 ff 86 04 07 ff 86 04 00 ff 86 04 00 ff 86 04 00 ff 86 04 00 ff 86 04 00 ff 86 04 00 ff 86 04 07 ff 86 04 00 ff 86 04 00 ff 86 04 00 ff 86 04 00 ff 86 04 00 ff 86 04 00 ff 86 04 00 ff 85 04 00 ff 85 04 00 ff 85 04 04 ff 86 04 00 ff 86 04 00 ff 86 04 00 ff 86 04 00 ff 86 04 00 ff 86 04 00 ff 86 04 00 ff 86 04 00 ff 86 04 00 ff 86 04 04 ff 89 04 00 ff 89 04 00 ff 89 04 00 ff 89 04 00 ff 89 04 00 ff 89 04 00 ff 89 04 00 ff 89 04 00 ff 89 04 00 ff 89 04 04 ff 87 04 00 ff 87 04 00 ff 87 04 00 ff 87 04 00 ff 87 04 00 ff 87 04 00 ff 87 04 00 ff 87 04 00 ff 87 04 00 ff 87 04 ff ff ff ff ff ff ff ff f0 ff 
[1786974241169] a9 01 01 95 00 41 63 74 69 76 65 20 52 65 73 74 69 6e 67 20 41 72 65 61 20 42 6f 6e 75 73 65 73 3a 20 0a 44 6f 75 62 6c 65 20 48 69 74 20 50 6f 69 6e 74 73 20 52 65 67 65 6e 65 72 61 74 69 6f 6e 2c 0a 44 6f 75 62 6c 65 20 4d 61 6e 61 20 50 6f 69 6e 74 73 20 52 65 67 65 6e 65 72 61 74 69 6f 6e 2c 0a 53 74 61 6d 69 6e 61 20 50 6f 69 6e 74 73 20 52 65 67 65 6e 65 72 61 74 69 6f 6e 2c 0a 53 6f 75 6c 20 50 6f 69 6e 74 73 20 52 65 67 65 6e 65 72 61 74 69 6f 6e 2e 
[1786974241169] a2 40 50 00 00 00 00 00 00 00 
[1786974241169] 6b 68 7e f3 7d 06 01 63 00 a2 00 00 10 03 00 
[1786974241561] 6d 68 7e f3 7d 06 01 68 7e f2 7d 06 65 70 01 00 ff 70 01 00 ff a3 11 f6 04 00 ff b2 11 00 ff ad 11 00 ff a4 11 01 05 00 ff 98 01 82 09 00 00 ff 98 01 37 09 00 ff 98 01 0f 09 00 ff 98 01 a8 09 00 00 ff 98 01 01 05 2c 25 00 ff 68 00 00 ff 68 00 0e 05 00 ff 99 01 00 ff 99 01 69 08 00 ff 99 01 00 ff 99 01 00 ff 99 01 01 ff f8 04 58 06 02 ff b9 01 6c 08 00 ff 98 01 a6 0b 00 ff 98 01 00 ff 98 01 00 ff 98 01 00 ff 98 01 a6 0b 00 ff ba 01 6d 08 00 ff 0e 05 06 ff 90 04 09 ff 85 04 00 ff 86 04 00 ff 86 04 00 ff 86 04 00 ff 86 04 00 ff 86 04 00 ff 89 04 00 ff 87 04 5a ff 
[1786974241813] 6d 68 7e f2 7d 06 01 68 7e f1 7d 06 65 70 01 8b 08 26 09 00 ff 70 01 8b 08 27 09 b1 2c 00 ff a6 11 f6 04 00 ff ab 11 00 ff ad 11 4a 18 00 ff aa 11 26 19 00 ff 98 01 82 09 00 00 ff 98 01 00 ff 98 01 00 ff 98 01 00 ff 98 01 24 19 00 ff 68 00 00 ff 68 00 0e 05 00 ff 99 01 00 ff 99 01 00 ff 99 01 00 ff 99 01 00 ff 99 01 01 ff f8 04 58 06 02 ff b9 01 6c 08 00 ff 98 01 00 ff 98 01 00 ff 98 01 00 ff 98 01 00 ff 98 01 00 ff ba 01 6d 08 00 ff 0e 05 01 ff 69 08 04 ff 90 04 09 ff 85 04 00 ff 86 04 00 ff 86 04 00 ff 86 04 00 ff 86 04 00 ff 86 04 00 ff 89 04 00 ff 87 04 5a ff 
[1786974242051] 6d 68 7e f1 7d 06 01 68 7e f0 7d 06 65 a3 11 f7 04 00 ff ad 11 f7 04 00 ff b2 11 f9 04 78 21 00 ff a3 11 47 18 00 ff ab 11 00 ff af 11 01 05 5c 0b 00 ff 98 01 82 09 00 00 ff 98 01 00 ff 98 01 00 ff 98 01 00 ff 98 01 01 05 2c 25 00 ff 68 00 00 ff 68 00 0e 05 5c 0b 00 ff 99 01 00 ff 99 01 84 07 00 ff 99 01 85 07 00 ff 99 01 00 ff 99 01 01 ff f8 04 59 06 02 ff b9 01 6c 08 00 ff 98 01 00 ff 98 01 00 ff 98 01 00 ff 98 01 00 ff 98 01 dc 09 01 00 ff ba 01 6f 08 00 ff 0e 05 06 ff 90 04 09 ff 85 04 00 ff 86 04 00 ff 86 04 00 ff 86 04 00 ff 86 04 00 ff 86 04 00 ff 89 04 00 ff 87 04 5a ff 
[1786974242543] 6d 68 7e f0 7d 06 02 68 7e ef 7d 06 65 ad 01 18 05 00 ff ad 01 17 05 00 ff ad 01 17 05 00 ff ad 01 0f 05 00 ff ad 01 16 05 70 21 00 ff aa 11 01 05 00 ff 98 01 00 ff 98 01 00 ff 98 01 00 ff 98 01 00 ff 98 01 21 14 2c 25 00 ff 68 00 00 ff 68 00 0e 05 00 ff 99 01 00 ff 99 01 82 07 00 ff 99 01 83 07 00 ff 99 01 00 ff 99 01 00 ff f7 04 00 ff f9 04 78 21 02 ff 01 05 08 05 00 ff 98 01 02 05 00 ff 98 01 25 19 00 ff 98 01 60 06 00 ff 98 01 25 19 00 ff 98 01 05 05 00 ff c0 01 00 ff 0e 05 06 ff 90 04 09 ff 85 04 00 ff 86 04 00 ff 86 04 00 ff 86 04 00 ff 86 04 00 ff 86 04 00 ff 89 04 00 ff 87 04 5a ff 
[1786974242544] 6c 68 7e ef 7d 06 03 
[1786974242544] 64 cc 80 e3 7d 07 c6 3a 00 ff c3 3a 4a 18 00 ff c6 3a 4a 18 00 ff c3 3a 00 ff ac 3f 07 3d 0b 3d 6d 0e 00 ff ac 3f 0f 3d 07 3d 04 3d fc 3f 00 ff c5 3a 00 ff c7 3a 61 00 00 00 00 00 07 43 00 50 01 09 00 53 77 61 6d 70 6c 69 6e 67 64 02 17 02 00 00 00 00 00 00 00 00 00 5f 00 00 00 00 00 01 00 ff 00 01 00 ff b5 3f 05 3d 01 40 00 ff b5 3f 45 46 00 ff b6 3f 00 ff b6 3f 00 ff b6 3f a7 3f c0 3f 00 ff 53 12 c0 3f a1 3f 6d 0e 00 ff c5 3a 00 ff c6 3a 00 ff 51 12 0a 3d 04 3d 6d 0e 00 ff c4 3a 00 ff c3 3a ef 40 fb 3f af 55 00 ff b6 3f 37 01 04 3d 05 3d 6a 40 01 40 00 ff c7 3a 6a 40 f6 40 66 0e 00 ff c3 3a f5 40 fc 3f 00 ff b6 3f 05 3d 66 0e 00 ff b2 3f 00 ff b1 3f 00 ff b5 3f 00 ff b6 3f 00 ff b5 3f 0c 3d 02 40 00 ff c6 3a 49 18 00 ff 51 12 bb 3f 0a 3d 4a 18 00 ff 48 12 bb 3f 04 3d 0e 3d 00 ff c5 3a 00 ff c5 3a f0 40 66 0e 00 ff 65 40 f6 40 00 40 00 ff b1 3f fa 40 f6 40 fd 3f 00 ff b1 3f 07 3d f4 40 66 0e 00 ff ac 3f 0e 3d 00 ff ac 3f 00 ff b1 3f 00 ff b6 3f 0c 3d 6d 0e 00 ff ac 3f 06 3d 00 ff b6 3f 08 3d f9 3f 00 ff b0 3f 07 3d 00 ff b5 3f 0e 3d 00 ff ac 3f 0d 3d 00 ff ac 3f 07 3d 66 0e 00 ff b5 3f 07 3d f1 40 fc 3f 00 ff b5 3f f2 40 ef 40 01 40 00 ff 65 40 fa 40 f6 40 66 0e 00 ff b1 3f f4 40 01 43 00 ff b6 3f 00 ff ac 3f 01 43 00 ff b2 3f 00 ff ac 3f 04 3d 01 43 00 ff c7 3a 4a 18 00 ff c2 3a 4a 18 00 ff b4 3f 00 ff b1 3f c5 44 00 ff b2 3f 37 01 00 ff ac 3f 6a 02 00 ff b2 3f 6a 02 00 ff b5 3f 6a 02 f7 40 f0 40 66 0e 00 ff 65 40 f6 40 fa 40 6d 0e 49 18 00 ff ae 3f 6a 02 f4 40 ee 40 02 40 00 ff ac 3f 35 01 f5 40 00 ff b6 3f 00 ff ac 3f 00 ff ac 3f 04 3d 00 ff c3 3a ef 40 00 ff c6 3a f6 40 af 55 4a 18 00 ff ac 3f 01 43 00 ff ac 3f 37 01 00 ff b5 3f 3b 01 00 ff ac 11 22 0e 00 ff ae 11 66 0e 00 ff a3 11 f0 40 26 0e 00 ff 65 40 fa 40 01 43 00 ff 65 40 f4 40 fa 40 6d 0e 00 ff af 3f 39 01 f4 40 36 0f af 55 00 ff b3 3f 35 01 66 0e 00 ff 53 12 bf 3f 01 43 00 ff 53 12 be 3f 0d 3d 66 0e 00 ff ac 3f 07 3d f0 40 6d 0e 00 ff 67 40 f0 40 f4 40 cd 40 49 18 00 ff b5 3f 37 01 00 ff ad 3f 3b 01 fa 3f 00 ff a3 11 25 0e 00 ff aa 11 00 ff a3 11 49 18 00 ff a3 11 f1 40 00 ff af 11 6c 40 fa 40 35 0f 49 18 00 ff a3 11 f3 40 6c 40 34 0f 00 ff a3 11 f3 40 4a 18 00 ff 53 12 bc 3f 39 01 33 0f 00 ff 53 12 c3 3f 35 01 6d 0e 00 ff 53 12 6f 40 c2 3f 01 43 00 ff 53 12 bc 3f 6f 40 f7 40 00 ff 67 40 f0 40 f4 40 d2 40 af 55 00 ff b5 3f 3b 01 33 0f 00 ff ab 11 33 0f 00 ff a3 11 00 ff a3 11 07 03 00 ff a3 11 34 0f 00 ff aa 11 00 ff a3 11 49 18 00 ff a3 11 07 03 00 ff af 11 00 ff a3 11 00 ff 53 12 39 01 ef 40 35 0f 00 ff 53 12 35 01 f6 40 6a 40 c1 3f fb 3f 00 ff 53 12 f6 40 f0 40 bb 3f fe 3f 00 ff 67 40 f0 40 f4 40 d1 40 c4 3f 00 ff a3 11 bd 03 00 ff a3 11 49 18 46 0e 00 ff a3 11 49 18 00 ff a3 11 00 ff aa 11 49 18 00 ff a6 11 49 18 00 ff ab 11 62 00 a2 00 00 10 64 00 89 00 15 55 55 43 02 73 03 00 00 00 00 05 d5 ec 03 00 00 00 00 0c 00 ff 00 00 00 ff a3 11 49 18 00 ff a3 11 4a 18 46 0e 00 ff a3 11 af 55 00 ff a3 11 f1 40 49 18 af 55 00 ff b2 3f c2 3f 30 01 f2 40 f3 40 6d 0e 01 43 00 ff 67 40 f4 40 be 3f ef 40 01 40 00 ff 67 40 f4 40 c3 3f 49 18 00 ff a3 11 00 ff a3 11 4a 18 00 ff a3 11 00 ff a3 11 49 18 00 ff a3 11 9e 00 00 ff a3 11 a0 00 00 ff a6 11 49 18 00 ff a3 11 00 ff a3 11 4a 18 af 55 00 ff a5 11 af 55 00 ff aa 11 33 0f 00 ff 53 12 bf 3f 30 01 f1 40 02 40 00 ff 53 12 b9 3f f3 40 f1 40 c2 44 66 0e 00 ff ac 3f fa 40 f1 40 f3 40 6d 0e 00 ff a3 11 4a 18 00 ff a3 11 00 ff a3 11 af 55 00 ff a3 11 49 18 00 ff aa 11 9f 00 00 ff a3 11 a1 00 00 ff a3 11 49 18 00 ff a3 11 4a 18 00 ff a3 11 4a 18 00 ff a4 11 00 ff a3 11 00 ff 53 12 30 01 6d 0e 00 ff 53 12 b9 3f 0a 13 00 ff ac 3f 00 ff a6 11 49 18 00 ff a3 11 af 55 00 ff a3 11 00 ff a3 11 34 0f 00 ff ab 11 49 18 00 ff aa 11 49 18 00 ff a3 11 00 ff a3 11 00 ff a3 11 00 ff a3 11 26 0e 00 ff a3 11 bd 03 00 ff 53 12 c1 3f 30 01 fc 3f 00 ff 53 12 bd 3f 00 ff b3 3f 00 ff ac 3f 3a 01 35 0f 00 ff a7 11 00 ff a3 11 46 0e 00 ff a3 11 00 ff a3 11 49 18 00 ff a3 11 00 ff ae 11 af 55 00 ff a3 11 00 ff a7 11 00 ff a3 11 f9 3f 00 ff ac 3f 38 01 63 0e 00 ff 53 12 bd 3f 34 01 66 0e 00 ff b2 3f 00 ff 53 12 0c 3d bf 3f 00 ff b6 3f 97 01 00 ff a9 11 23 0e 49 18 00 ff a3 11 00 ff b1 11 07 03 00 ff a3 11 00 ff a3 11 4a 18 00 ff a6 11 49 18 00 ff a6 11 07 03 00 ff a3 11 00 ff b2 3f 38 01 63 0e 00 ff ac 3f 34 01 00 ff af 3f 00 ff af 3f 00 ff 53 12 ba 3f 04 3d 00 ff ad 3f 36 01 00 ff b6 3f 0a 13 33 01 00 ff ad 3f 3a 01 24 0e 00 ff a6 11 49 18 00 ff a5 11 af 55 00 ff a3 11 af 55 00 ff ad 11 49 18 00 ff a3 11 4a 18 00 ff a3 11 33 0f 00 ff ac 3f 30 01 00 ff b5 3f 00 ff ac 3f 0c 13 00 ff 53 12 0d 13 bf 3f c1 3f 6e 0e 00 ff 53 12 bb 3f c3 3f 04 3d 00 ff ae 3f 00 ff ac 3f 00 ff ac 3f 0e 13 36 01 00 ff ac 3f 0c 13 3a 01 23 0e 00 ff a3 11 36 0f 00 ff a3 11 33 0f 4a 18 00 ff aa 11 00 ff a3 11 bd 03 00 ff b5 3f 38 01 fa 3f 00 ff b6 3f 34 01 6d 0e 00 ff ac 3f 00 ff b5 3f 0d 13 6d 0e 00 ff 53 12 0c 13 b9 3f ba 3f 00 ff ac 3f 0d 3d 00 ff ae 3f 00 ff b2 3f 0d 13 00 ff b1 3f 00 ff ad 3f 36 01 00 ff ac 3f 33 01 02 40 00 ff ac 3f 33 01 f7 40 fb 3f 00 ff b5 3f f8 40 33 01 fd 40 66 0e 00 ff b3 3f 71 40 33 01 6d 0e 00 ff ac 3f 34 01 01 43 00 ff 53 12 bf 3f 0c 3d 00 ff 4f 12 bc 3f 06 3d 00 ff 53 12 bc 3f 06 3d 6c 0e 00 ff 53 12 c3 3f b9 3f 06 3d 00 ff ac 3f 06 3d 6e 0e 00 ff ac 3f 00 ff b0 3f 00 ff b1 3f 00 ff b5 3f 0d 13 00 ff af 3f 00 ff ac 3f 6e 40 66 0e 00 ff b5 3f f8 40 fc 40 c6 44 f6 40 01 40 af 55 00 ff ad 3f f6 40 70 40 0c 3d 66 0e 00 ff 53 12 bf 3f 06 3d fe 3f 00 ff 53 12 c3 3f 08 3d 00 ff c4 3a 00 ff c2 3a 00 ff c6 3a 00 ff c6 3a ff ff ff ff ff ff ff ff ff ff ff ff e4 ff 
[1786974242544] 83 cc 80 e3 7d 07 03 0b 00 00 00 
[1786974242544] 6b cc 80 e3 7d 07 01 63 00 a2 00 00 10 01 00 
[1786974242553] 1d 
[1786974242686] 1e 
[1786974242933] 6d cc 80 e3 7d 07 01 cd 80 e3 7d 07 66 5a 12 bf 3f bb 3f 00 ff 5b 12 c4 3f be 3f 00 ff ac 3f 00 ff b4 3f 00 ff ac 3f 00 ff b5 3f 6f 40 fc 3f 00 ff 68 40 c2 40 00 ff 68 40 04 3d cf 40 f4 40 af 55 00 ff c7 3a af 55 00 ff c1 3a 4a 18 00 ff c4 3a 00 ff c5 3a 00 ff c4 3a 00 ff ac 3f 0a 3d 66 0e 62 ff 
[1786974243323] b4 15 1b 00 59 6f 75 20 63 61 6e 6e 6f 74 20 75 73 65 20 74 68 69 73 20 6f 62 6a 65 63 74 2e 
[1786974243577] 6d cd 80 e3 7d 07 01 ce 80 e3 7d 07 66 b6 3f 00 ff 5c 12 b9 3f ba 3f 00 ff b3 3f 00 ff af 3f 0c 13 00 ff b3 3f 0d 13 f7 40 00 ff b5 3f 6e 40 f6 40 6d 0e 01 43 00 ff 67 40 f8 40 fc 40 af 55 00 ff 53 12 ba 3f fa 40 70 40 04 3d 6d 0e 00 ff c4 3a 4a 18 00 ff ac 3f 0a 3d 65 0e 00 ff ac 3f 09 3d 66 0e 00 ff c3 3a 00 ff b3 3f 0a 3d 66 0e 00 ff ac 3f 0e 3d 6e 0e 62 ff 
[1786974243875] b4 15 1b 00 59 6f 75 20 63 61 6e 6e 6f 74 20 75 73 65 20 74 68 69 73 20 6f 62 6a 65 63 74 2e 
[1786974244263] b4 15 1b 00 59 6f 75 20 63 61 6e 6e 6f 74 20 75 73 65 20 74 68 69 73 20 6f 62 6a 65 63 74 2e 
[1786974244463] b4 15 1b 00 59 6f 75 20 63 61 6e 6e 6f 74 20 75 73 65 20 74 68 69 73 20 6f 62 6a 65 63 74 2e 
[1786974244565] a9 01 01 95 00 41 63 74 69 76 65 20 52 65 73 74 69 6e 67 20 41 72 65 61 20 42 6f 6e 75 73 65 73 3a 20 0a 44 6f 75 62 6c 65 20 48 69 74 20 50 6f 69 6e 74 73 20 52 65 67 65 6e 65 72 61 74 69 6f 6e 2c 0a 44 6f 75 62 6c 65 20 4d 61 6e 61 20 50 6f 69 6e 74 73 20 52 65 67 65 6e 65 72 61 74 69 6f 6e 2c 0a 53 74 61 6d 69 6e 61 20 50 6f 69 6e 74 73 20 52 65 67 65 6e 65 72 61 74 69 6f 6e 2c 0a 53 6f 75 6c 20 50 6f 69 6e 74 73 20 52 65 67 65 6e 65 72 61 74 69 6f 6e 2e 
[1786974244565] a2 40 50 00 00 00 00 00 00 00 
[1786974244595] 6d ce 80 e3 7d 07 01 cd 80 e3 7d 07 68 c5 3a 00 ff c6 3a 00 ff 51 12 0a 3d 04 3d 6d 0e 00 ff c4 3a 00 ff c3 3a ef 40 fb 3f af 55 00 ff b6 3f 37 01 04 3d 05 3d 6a 40 01 40 00 ff c7 3a 6a 40 f6 40 66 0e 00 ff c3 3a f5 40 fc 3f 00 ff b6 3f 05 3d 66 0e 00 ff b2 3f 00 ff b1 3f 00 ff b5 3f 00 ff b6 3f 00 ff b5 3f 0c 3d 02 40 62 ff 
[1786974244653] b4 15 1b 00 59 6f 75 20 63 61 6e 6e 6f 74 20 75 73 65 20 74 68 69 73 20 6f 62 6a 65 63 74 2e 
[1786974244763] 6d cd 80 e3 7d 07 01 cc 80 e3 7d 07 68 c6 3a 00 ff c3 3a 4a 18 00 ff c6 3a 4a 18 00 ff c3 3a 00 ff ac 3f 07 3d 0b 3d 6d 0e 00 ff ac 3f 0f 3d 07 3d 04 3d fc 3f 00 ff c5 3a 62 00 07 43 00 50 64 00 17 02 00 00 00 00 00 00 00 00 00 5f 00 00 00 00 01 00 ff 00 01 00 ff c7 3a 00 ff b5 3f 05 3d 01 40 00 ff b5 3f 45 46 00 ff b6 3f 00 ff b6 3f 00 ff b6 3f a7 3f c0 3f 00 ff 53 12 c0 3f a1 3f 6d 0e 62 ff 
[1786974244916] 6d cc 80 e3 7d 07 01 cb 80 e3 7d 07 68 c0 3a 4a 18 00 ff c6 3a 4a 18 00 ff c3 3a 00 ff c3 3a 36 01 00 ff c4 3a 33 01 0f 3d 00 ff c5 3a 04 3d 34 01 00 ff c2 3a 00 ff ac 3f 07 3d 0b 3d 00 ff b5 3f 0e 3d 0f 3d 01 43 00 ff ac 3f 02 40 44 46 00 ff b0 3f 00 ff b3 3f 00 ff 53 12 bf 3f a2 3f 00 ff 98 3f 62 ff 
[1786974245076] 6d cb 80 e3 7d 07 01 cb 80 e4 7d 07 67 98 3f 6e 40 00 ff 53 12 bb 3f a1 3f 6e 40 00 ff b6 3f 06 3d 6e 40 01 40 00 ff c2 3a f9 40 4a 18 00 ff c3 3a 49 18 00 ff ac 3f 0a 3d f5 40 66 0e 00 ff b4 3f 0e 3d f4 40 00 ff b6 3f 71 40 00 ff af 3f f4 40 6d 0e 00 ff b3 3f f4 40 01 43 00 ff 53 12 bf 3f b9 3f f3 40 00 ff 53 12 ba 3f c2 3f 00 ff 53 12 ba 3f 0c 3d 00 ff 53 12 c3 3f 08 3d 00 ff c4 3a 00 ff c2 3a 00 ff b2 3f 07 3d 00 ff b3 3f 0f 3d 7e ff 
[1786974245076] 6c cb 80 e4 7d 07 02 
[1786974245076] 64 71 7e f2 7d 06 98 01 a8 09 00 00 ff 98 01 02 05 2d 25 00 ff 68 00 00 ff a9 11 0f 05 00 ff 99 01 00 ff 99 01 00 ff 99 01 00 ff 99 01 00 ff 99 01 0e 05 00 ff 99 01 16 05 00 ff a3 11 49 0e 00 ff ab 11 00 ff a6 11 49 18 00 ff a4 11 00 ff 98 01 01 05 2c 25 00 ff 98 01 05 05 2c 25 2d 25 00 ff 68 00 00 ff a9 11 0f 05 00 ff 99 01 00 ff 99 01 00 ff 99 01 00 ff 99 01 00 ff 99 01 89 14 00 ff 99 01 0f 05 00 ff a5 11 46 0e 00 ff a3 11 af 55 00 ff a3 11 00 ff a3 11 af 55 00 ff 68 00 00 ff 68 00 00 ff 68 00 00 ff a9 11 b3 11 0f 05 00 ff 99 01 00 ff 99 01 00 ff 99 01 00 ff 99 01 00 ff 99 01 00 ff 99 01 0f 05 00 ff a3 11 49 0e 00 ff ab 11 00 ff a6 11 24 0e 00 ff a6 11 00 ff 68 00 0e 05 00 ff 68 00 0e 05 00 ff 68 00 0e 05 5c 0b 00 ff 68 00 14 05 00 ff 99 01 00 ff 99 01 00 ff 99 01 00 ff 99 01 00 ff 99 01 00 ff 99 01 0f 05 00 ff b1 11 46 0e 00 ff a3 11 00 ff a3 11 00 ff a3 11 af 55 4a 18 00 ff 99 01 00 ff 99 01 00 ff 99 01 00 ff 99 01 00 ff 99 01 00 ff 99 01 00 ff 99 01 00 ff 99 01 00 ff 99 01 00 ff 99 01 0f 05 00 ff ae 11 49 0e 00 ff a3 11 00 ff a3 11 00 ff a3 11 00 ff 99 01 69 08 00 ff 99 01 e3 ce 00 ff 99 01 00 ff 99 01 69 08 00 ff 99 01 00 ff 99 01 00 ff 99 01 00 ff 99 01 00 ff 99 01 00 ff 99 01 0f 05 00 ff a6 11 46 0e 00 ff a6 11 00 ff a4 11 24 0e 00 ff a8 11 00 ff 99 01 00 ff 99 01 00 ff 99 01 00 ff 99 01 00 ff 99 01 00 ff 99 01 00 ff 99 01 00 ff 99 01 00 ff 99 01 3e 08 00 ff 99 01 0f 05 00 ff b1 11 49 0e 00 ff a3 11 46 0e 00 ff a3 11 49 0e 00 ff a3 11 46 0e 00 ff 99 01 00 ff 99 01 00 ff 99 01 00 ff 99 01 00 ff 99 01 00 ff 99 01 00 ff 9a 01 00 ff 99 01 00 ff 99 01 00 ff 99 01 11 05 00 ff a3 11 0e 05 00 ff a3 11 0e 05 00 ff a8 11 0e 05 00 ff a3 11 0e 05 00 ff 99 01 00 ff 99 01 00 ff 99 01 00 ff 99 01 00 ff 99 01 62 00 7f 02 00 80 64 01 39 00 00 00 00 00 00 00 00 00 d7 37 00 00 00 00 02 01 ff 00 01 00 ff 9a 01 00 ff 99 01 00 ff 9a 01 00 ff 99 01 00 ff 99 01 00 ff 99 01 00 ff 99 01 00 ff 99 01 00 ff 99 01 3e 08 00 ff 99 01 00 ff 99 01 00 ff 99 01 00 ff 99 01 00 ff 9a 01 00 ff 99 01 00 ff 9a 01 00 ff 99 01 00 ff 9a 01 00 ff 99 01 00 ff 99 01 00 ff 99 01 00 ff 99 01 00 ff 99 01 00 ff 99 01 00 ff 99 01 00 ff 99 01 00 ff 99 01 00 ff 99 01 00 ff 9a 01 00 ff 99 01 00 ff 9a 01 00 ff 99 01 00 ff 99 01 00 ff 99 01 00 ff 99 01 00 ff 99 01 00 ff 99 01 3e 08 00 ff 99 01 00 ff 99 01 00 ff 99 01 00 ff 99 01 00 ff 99 01 00 ff 99 01 00 ff 9a 01 00 ff 99 01 00 ff 99 01 00 ff 99 01 10 05 00 ff 99 01 0e 05 00 ff 99 01 0e 05 00 ff 99 01 0e 05 00 ff 99 01 0e 05 00 ff 99 01 00 ff 99 01 00 ff 99 01 00 ff 99 01 00 ff 99 01 00 ff 99 01 00 ff 99 01 00 ff 99 01 00 ff 99 01 3e 08 00 ff 99 01 0f 05 00 ff a3 11 49 0e 00 ff a3 11 46 0e 00 ff a3 11 49 0e 00 ff a3 11 46 0e 00 ff 99 01 69 08 00 ff 99 01 00 ff 99 01 00 ff 99 01 69 08 00 ff 99 01 00 ff 99 01 00 ff 99 01 00 ff 99 01 00 ff 99 01 00 ff 99 01 0f 05 00 ff a3 11 46 0e 00 ff ae 11 00 ff a3 11 24 0e 00 ff a3 11 4a 18 00 ff 99 01 00 ff 99 01 00 ff 99 01 00 ff 99 01 00 ff 99 01 00 ff 99 01 00 ff 99 01 00 ff 99 01 00 ff 99 01 00 ff 99 01 0f 05 00 ff ac 11 49 0e 00 ff a3 11 49 18 00 ff a3 11 4a 18 00 ff aa 11 00 ff 99 01 15 05 00 ff 99 01 0e 05 00 ff 99 01 0e 05 00 ff 99 01 15 05 00 ff 99 01 00 ff 99 01 00 ff 99 01 00 ff 99 01 00 ff 99 01 0e 05 00 ff 99 01 16 05 00 ff aa 11 46 0e 00 ff a3 11 00 ff b2 11 00 ff a4 11 4a 18 00 ff a3 11 06 05 00 ff a3 11 af 55 00 ff 36 11 bb 11 00 ff 68 00 b4 11 0f 05 00 ff 99 01 00 ff 99 01 00 ff 99 01 00 ff 99 01 00 ff a2 01 89 14 00 ff 99 01 0f 05 00 ff a3 11 49 0e 00 ff a7 11 00 ff a3 11 24 0e 00 ff a3 11 af 55 00 ff 98 01 02 05 2d 25 00 ff a3 11 4a 18 00 ff 3a 11 b3 11 10 05 af 55 00 ff b4 1c cd 21 97 11 ec 11 31 25 14 05 00 ff 99 01 b9 0d 00 ff 99 01 00 ff 99 01 00 ff 99 01 00 ff 99 01 00 ff 99 01 0f 05 00 ff a3 11 46 0e 00 ff b1 11 00 ff b1 11 49 18 00 ff a9 11 af 55 00 ff 98 01 a6 0b 00 ff b8 01 6b 08 00 ff 0f 05 00 ff 99 01 1f 04 00 ff 99 01 21 04 00 ff 99 01 00 ff 99 01 00 ff 3b 16 00 ff 99 01 0f 05 05 ff ba 01 6d 08 00 ff c1 01 00 ff 0f 05 00 ff 99 01 00 ff 99 01 00 ff 99 01 00 ff 99 01 00 ff 99 01 00 ff 99 01 0f 05 05 ff 0e 05 00 ff 0e 05 00 ff 14 05 00 ff 99 01 74 08 00 ff 99 01 74 08 00 ff 99 01 00 ff 99 01 00 ff 99 01 00 ff 99 01 0f 05 09 ff 72 08 00 ff 99 01 00 ff 99 01 00 ff 99 01 00 ff 99 01 0f 05 07 ff 69 08 01 ff 72 08 00 ff 99 01 00 ff 99 01 00 ff 99 01 00 ff 99 01 0f 05 09 ff 72 08 00 ff 99 01 00 ff 99 01 00 ff 99 01 00 ff 99 01 0f 05 09 ff 72 08 00 ff 99 01 00 ff 99 01 00 ff 99 01 00 ff 99 01 11 05 00 ff 0e 05 00 ff 0e 05 00 ff 13 05 78 21 00 ff 85 04 00 ff 85 04 04 ff 72 08 00 ff 99 01 00 ff 99 01 00 ff 99 01 00 ff 99 01 e1 07 00 ff 99 01 3e 08 00 ff 99 01 31 07 00 ff 99 01 0f 05 00 ff 86 04 00 ff 86 04 3e 08 04 ff 72 08 00 ff 99 01 00 ff 99 01 62 00 a2 00 00 10 64 02 89 00 15 55 55 43 02 73 03 00 00 00 00 05 d5 ec 03 00 00 00 00 0c 00 ff 00 00 00 ff 99 01 00 ff 99 01 00 ff 99 01 00 ff 99 01 9d 07 00 ff 99 01 0f 05 00 ff 89 04 00 ff 89 04 ef 07 04 ff 72 08 00 ff 99 01 00 ff 99 01 00 ff 99 01 00 ff 99 01 00 ff 99 01 3e 08 00 ff 99 01 31 07 00 ff 99 01 0f 05 00 ff 89 04 00 ff 89 04 ef 07 04 ff 72 08 00 ff 99 01 00 ff 99 01 00 ff 99 01 00 ff 99 01 10 05 00 ff 99 01 0e 05 00 ff 99 01 0e 05 00 ff 99 01 12 05 70 21 00 ff 87 04 00 ff 87 04 3e 08 04 ff 72 08 00 ff 99 01 00 ff 99 01 00 ff 99 01 00 ff 99 01 0f 05 03 ff 88 04 00 ff 88 04 02 ff 69 08 01 ff 72 08 00 ff 99 01 00 ff 99 01 00 ff 99 01 00 ff 99 01 0f 05 09 ff 72 08 00 ff 99 01 00 ff 99 01 00 ff 99 01 00 ff 99 01 0f 05 05 ff 0e 05 00 ff 0e 05 00 ff 15 05 00 ff 74 08 00 ff 78 08 00 ff 99 01 00 ff 99 01 00 ff 99 01 00 ff 99 01 0f 05 07 ff 0f 05 00 ff 99 01 a0 12 54 1d 00 ff 99 01 9e 12 00 ff 99 01 00 ff 99 01 00 ff 3b 16 00 ff 99 01 0f 05 07 ff 0f 05 00 ff 99 01 9a 12 55 1d cc 13 00 ff 99 01 99 12 00 ff 99 01 00 ff 99 01 00 ff 99 01 00 ff 99 01 0f 05 07 ff 0f 05 00 ff 99 01 9f 12 00 ff 99 01 9d 12 00 ff 99 01 00 ff 99 01 00 ff 99 01 00 ff 99 01 0f 05 06 ff 8b 04 00 ff 86 04 00 ff 86 04 00 ff 86 04 00 ff 86 04 00 ff 86 04 00 ff 86 04 06 ff 85 04 00 ff 85 04 8b 04 00 ff 86 04 00 ff 86 04 00 ff 86 04 00 ff 86 04 00 ff 86 04 00 ff 86 04 06 ff 86 04 00 ff 86 04 00 ff 86 04 00 ff 86 04 00 ff 86 04 00 ff 86 04 00 ff 86 04 00 ff 86 04 06 ff 86 04 00 ff 86 04 00 ff 86 04 00 ff 86 04 00 ff 86 04 00 ff 86 04 00 ff 86 04 00 ff 86 04 06 ff 86 04 00 ff 86 04 00 ff 86 04 00 ff 86 04 00 ff 86 04 00 ff 86 04 00 ff 86 04 00 ff 86 04 06 ff 86 04 00 ff 86 04 00 ff 86 04 00 ff 86 04 00 ff 86 04 00 ff 86 04 00 ff 86 04 00 ff 86 04 00 ff 85 04 00 ff 85 04 00 ff 85 04 03 ff 86 04 00 ff 86 04 00 ff 86 04 00 ff 86 04 00 ff 86 04 00 ff 86 04 00 ff 86 04 00 ff 86 04 00 ff 86 04 00 ff 86 04 00 ff 86 04 03 ff 89 04 00 ff 89 04 00 ff 89 04 00 ff 89 04 00 ff 89 04 00 ff 89 04 00 ff 89 04 00 ff 89 04 00 ff 89 04 00 ff 89 04 00 ff 89 04 03 ff 87 04 00 ff 87 04 00 ff 87 04 00 ff 87 04 00 ff 87 04 00 ff 87 04 00 ff 87 04 00 ff 87 04 00 ff 87 04 00 ff 87 04 00 ff 87 04 03 ff 87 04 00 ff 87 04 00 ff 87 04 00 ff 87 04 00 ff 87 04 00 ff 87 04 00 ff 87 04 00 ff 87 04 00 ff 87 04 00 ff 87 04 00 ff 87 04 03 ff 87 04 00 ff 87 04 00 ff 87 04 00 ff 87 04 00 ff 87 04 00 ff 87 04 00 ff 87 04 00 ff 87 04 00 ff 88 04 00 ff 88 04 00 ff 88 04 03 ff 87 04 00 ff 87 04 00 ff 87 04 00 ff 87 04 00 ff 87 04 00 ff 87 04 00 ff 87 04 00 ff 87 04 06 ff 87 04 00 ff 87 04 00 ff 87 04 00 ff 87 04 00 ff 87 04 00 ff 87 04 00 ff 87 04 00 ff 87 04 06 ff 87 04 00 ff 87 04 00 ff 87 04 00 ff 87 04 00 ff 87 04 00 ff 87 04 00 ff 87 04 00 ff 87 04 06 ff 88 04 00 ff 88 04 8c 04 00 ff 87 04 00 ff 87 04 00 ff 87 04 00 ff 87 04 00 ff 87 04 00 ff 87 04 07 ff 8c 04 00 ff 87 04 00 ff 87 04 00 ff 87 04 00 ff 87 04 00 ff 87 04 00 ff 87 04 07 ff 8c 04 00 ff 87 04 00 ff 87 04 00 ff 87 04 00 ff 87 04 00 ff 87 04 00 ff 87 04 07 ff 8c 04 00 ff 87 04 00 ff 87 04 00 ff 87 04 00 ff 87 04 00 ff 87 04 00 ff 87 04 ff ff ff ff ff ff ff ff f2 ff 
[1786974245076] a9 01 01 95 00 41 63 74 69 76 65 20 52 65 73 74 69 6e 67 20 41 72 65 61 20 42 6f 6e 75 73 65 73 3a 20 0a 44 6f 75 62 6c 65 20 48 69 74 20 50 6f 69 6e 74 73 20 52 65 67 65 6e 65 72 61 74 69 6f 6e 2c 0a 44 6f 75 62 6c 65 20 4d 61 6e 61 20 50 6f 69 6e 74 73 20 52 65 67 65 6e 65 72 61 74 69 6f 6e 2c 0a 53 74 61 6d 69 6e 61 20 50 6f 69 6e 74 73 20 52 65 67 65 6e 65 72 61 74 69 6f 6e 2c 0a 53 6f 75 6c 20 50 6f 69 6e 74 73 20 52 65 67 65 6e 65 72 61 74 69 6f 6e 2e 
[1786974245076] a2 40 50 00 00 00 00 00 00 00 
[1786974245076] 83 71 7e f2 7d 06 03 0b 00 00 00 
[1786974245076] 6b 71 7e f2 7d 06 01 63 00 a2 00 00 10 03 00 
[1786974245076] 83 71 7e f2 7d 06 03 0b 00 00 00 
[1786974245653] 6d 71 7e f2 7d 06 01 70 7e f2 7d 06 68 98 01 0f 09 00 ff 98 01 02 05 2d 25 00 ff 68 00 00 ff a9 11 0f 05 00 ff 99 01 e5 61 00 ff 99 01 00 ff 99 01 00 ff 99 01 00 ff 99 01 00 ff 99 01 0f 05 00 ff a5 11 46 0e 00 ff b2 11 4a 18 00 ff a3 11 24 0e 00 ff a3 11 49 18 00 ff 98 01 00 ff b8 01 6b 08 00 ff 0f 05 00 ff 99 01 24 04 1e 18 cc 13 00 ff 99 01 25 04 00 ff 99 01 00 ff 99 01 00 ff 99 01 00 ff 99 01 0f 05 06 ff 8b 04 00 ff 86 04 00 ff 86 04 00 ff 86 04 00 ff 86 04 00 ff 86 04 00 ff 86 04 4c ff 
[1786974245909] 6d 70 7e f2 7d 06 01 6f 7e f2 7d 06 68 98 01 37 09 00 ff 98 01 02 05 2d 25 00 ff 68 00 00 ff a9 11 0f 05 00 ff 99 01 62 00 7e 02 00 80 64 02 7a 02 00 13 56 3c 00 00 00 00 d7 37 00 00 00 00 02 01 ff 00 01 00 ff 99 01 00 ff 99 01 00 ff 99 01 00 ff 99 01 00 ff 99 01 0f 05 00 ff a3 11 49 0e 00 ff a6 11 00 ff a3 11 00 ff a3 11 00 ff 98 01 00 ff b8 01 6b 08 00 ff 0f 05 00 ff 99 01 1e 04 20 18 00 ff 99 01 20 04 00 ff 99 01 2d 1a 00 ff 99 01 2a 1a 00 ff 99 01 2b 1a 00 ff 99 01 0f 05 06 ff 8b 04 00 ff 86 04 00 ff 86 04 00 ff 86 04 00 ff 86 04 00 ff 86 04 00 ff 86 04 4c ff 
[1786974246011] 6d 6f 7e f2 7d 06 01 6e 7e f2 7d 06 68 98 01 82 09 00 00 ff 98 01 02 05 2d 25 00 ff 68 00 b6 11 00 ff a3 11 10 05 00 ff 99 01 0e 05 00 ff a3 11 0e 05 00 ff a3 11 0e 05 00 ff a3 11 0e 05 00 ff af 11 0e 05 00 ff a3 11 13 05 78 21 00 ff a3 11 46 0e 00 ff af 11 00 ff a3 11 af 55 00 ff a3 11 00 ff 98 01 00 ff b8 01 6b 08 00 ff 0f 05 00 ff 99 01 41 08 00 ff 99 01 00 ff 99 01 2e 1a 4a 1a 00 ff 99 01 28 1a 6b 1a cd 13 00 ff 99 01 2c 1a 41 08 00 ff 99 01 0f 05 06 ff 8b 04 00 ff 86 04 00 ff 86 04 00 ff 86 04 00 ff 86 04 00 ff 86 04 00 ff 86 04 4c ff 
[1786974246120] 6d 6e 7e f2 7d 06 01 6d 7e f2 7d 06 68 a4 11 01 05 00 ff a3 11 06 05 00 ff a3 11 af 55 00 ff a9 11 00 ff a3 11 49 18 00 ff aa 11 4a 18 00 ff a3 11 4a 18 00 ff a3 11 00 ff a3 11 00 ff a9 11 00 ff a5 11 00 ff a3 11 00 ff a3 11 24 0e 00 ff a3 11 4a 18 00 ff 98 01 a6 0b 00 ff b8 01 6e 08 00 ff 10 05 00 ff 0e 05 00 ff 0e 05 00 ff 0e 05 00 ff 0e 05 00 ff 0e 05 00 ff 13 05 78 21 06 ff 8b 04 00 ff 86 04 00 ff 86 04 00 ff 86 04 00 ff 86 04 00 ff 86 04 00 ff 86 04 4c ff 
[1786974246220] 6d 6d 7e f2 7d 06 01 6c 7e f2 7d 06 68 ad 11 00 ff a3 11 00 ff ae 11 00 ff a3 11 49 18 00 ff a3 11 00 ff aa 11 4a 18 00 ff ab 11 00 ff a3 11 00 ff a5 11 4a 18 00 ff a3 11 49 18 00 ff a3 11 af 55 00 ff a3 11 00 ff a6 11 00 ff 67 00 39 01 00 ff b9 01 6c 08 00 ff c2 01 0d ff 8a 04 00 ff 85 04 00 ff 85 04 00 ff 85 04 00 ff 85 04 00 ff 85 04 00 ff 85 04 4c ff 
[1786974246320] 6d 6c 7e f2 7d 06 01 6b 7e f2 7d 06 68 b2 11 00 ff a3 11 00 ff a7 11 00 ff b1 11 4a 18 00 ff b0 11 00 ff a3 11 49 18 00 ff a6 11 00 ff a9 11 4a 18 00 ff a7 11 00 ff a3 11 00 ff a3 11 00 ff a3 11 00 ff ac 11 00 ff 67 00 30 01 62 ff 
[1786974246420] 6d 6b 7e f2 7d 06 01 6a 7e f2 7d 06 68 a3 11 f6 04 00 ff a3 11 f6 04 00 ff a3 11 f6 04 00 ff 98 01 f6 04 78 21 00 ff 98 01 f6 04 00 ff 98 01 f6 04 00 ff 98 01 f6 04 00 ff 98 01 f6 04 00 ff 98 01 fc 04 78 21 00 ff 98 01 f6 04 00 ff 98 01 f6 04 00 ff 98 01 2a 19 00 ff 98 01 f6 04 00 ff 98 01 fa 04 70 21 62 ff 
[1786974246523] 6d 6a 7e f2 7d 06 01 69 7e f2 7d 06 68 70 01 00 ff 70 01 00 ff 70 01 00 ff 70 01 00 ff 70 01 00 ff 70 01 00 ff 70 01 00 ff 70 01 00 ff 70 01 8b 16 5b 06 00 ff 98 01 00 ff 98 01 00 ff 98 01 00 ff 98 01 00 ff 98 01 f7 04 00 ff f8 04 58 06 00 ff f8 04 58 06 00 ff f8 04 58 06 00 ff f8 04 58 06 00 ff f8 04 58 06 00 ff f8 04 58 06 00 ff 58 06 00 ff f6 04 6a 08 78 21 00 ff 98 01 f6 04 00 ff 98 01 f6 04 00 ff 98 01 f6 04 00 ff 98 01 f6 04 00 ff 98 01 fa 04 70 21 55 ff 
[1786974246623] 6d 69 7e f2 7d 06 01 69 7e f3 7d 06 67 66 03 00 ff 66 03 35 12 00 ff 66 03 39 12 00 ff 67 00 b8 11 00 ff 67 00 b3 11 3c 08 00 ff 67 00 b3 11 4a 18 00 ff 67 00 b3 11 00 ff 67 00 b3 11 49 18 00 ff 67 00 b3 11 00 ff 67 00 b3 11 4a 18 00 ff 67 00 b3 11 00 ff 67 00 b3 11 4a 18 00 ff 67 00 b3 11 00 ff 67 00 b3 11 00 ff 67 00 b3 11 3c 08 00 ff 67 00 b3 11 13 05 00 ff 99 01 8b 16 71 21 00 ff 99 01 8b 16 7e ff 
[1786974246623] 6c 69 7e f3 7d 06 01 
[1786974246623] 64 6a 7e f3 7d 07 a7 11 00 ff b1 11 4a 18 00 ff b0 11 00 ff a3 11 49 18 00 ff a6 11 00 ff a9 11 4a 18 00 ff a7 11 00 ff a3 11 00 ff a3 11 00 ff a3 11 00 ff ac 11 00 ff 67 00 30 01 00 ff 66 03 39 12 00 ff 66 03 35 12 00 ff ae 11 00 ff a3 11 49 18 00 ff a3 11 00 ff aa 11 4a 18 00 ff ab 11 00 ff a3 11 00 ff a5 11 4a 18 00 ff a3 11 49 18 00 ff a3 11 af 55 00 ff a3 11 00 ff a6 11 00 ff 67 00 39 01 00 ff 67 00 b8 11 00 ff 66 03 30 12 00 ff a3 11 af 55 00 ff a9 11 00 ff a3 11 49 18 00 ff aa 11 4a 18 00 ff a3 11 4a 18 00 ff a3 11 00 ff a3 11 00 ff a9 11 00 ff a5 11 00 ff a3 11 00 ff a3 11 24 0e 00 ff a3 11 4a 18 00 ff 67 00 b3 11 3c 08 00 ff 66 03 30 12 00 ff 68 00 b6 11 00 ff a3 11 10 05 00 ff 99 01 0e 05 00 ff a3 11 0e 05 00 ff a3 11 0e 05 00 ff a3 11 0e 05 00 ff af 11 0e 05 00 ff a3 11 13 05 78 21 00 ff a3 11 46 0e 00 ff af 11 00 ff a3 11 af 55 00 ff a3 11 00 ff 67 00 b3 11 4a 18 00 ff 66 03 30 12 00 ff 68 00 00 ff a9 11 0f 05 00 ff 99 01 62 00 7e 02 00 80 64 02 7a 02 00 13 56 3c 00 00 00 00 d7 37 00 00 00 00 02 01 ff 00 01 00 ff 99 01 00 ff 99 01 00 ff 99 01 00 ff 99 01 00 ff 99 01 0f 05 00 ff a3 11 49 0e 00 ff a6 11 00 ff a3 11 00 ff a3 11 00 ff 67 00 b3 11 00 ff 66 03 30 12 00 ff 68 00 00 ff a9 11 0f 05 00 ff 99 01 e5 61 00 ff 99 01 00 ff 99 01 00 ff 99 01 00 ff 99 01 00 ff 99 01 0f 05 00 ff a5 11 46 0e 00 ff b2 11 4a 18 00 ff a3 11 24 0e 00 ff a3 11 49 18 00 ff 67 00 b3 11 49 18 00 ff 66 03 30 12 00 ff 68 00 00 ff a9 11 0f 05 00 ff 99 01 00 ff 99 01 00 ff 99 01 00 ff 99 01 00 ff 99 01 0e 05 00 ff 99 01 16 05 00 ff a3 11 49 0e 00 ff ab 11 00 ff a6 11 49 18 00 ff a4 11 00 ff 67 00 b3 11 00 ff 66 03 30 12 00 ff 68 00 00 ff a9 11 0f 05 00 ff 99 01 00 ff 99 01 00 ff 99 01 00 ff 99 01 00 ff 99 01 89 14 00 ff 99 01 0f 05 00 ff a5 11 46 0e 00 ff a3 11 af 55 00 ff a3 11 00 ff a3 11 af 55 00 ff 67 00 b3 11 4a 18 00 ff 66 03 30 12 00 ff 68 00 00 ff a9 11 b3 11 0f 05 00 ff 99 01 00 ff 99 01 00 ff 99 01 00 ff 99 01 00 ff 99 01 62 00 a2 00 00 10 64 02 89 00 15 55 55 43 02 73 03 00 00 00 00 05 d5 ec 03 00 00 00 00 0c 00 ff 00 00 00 ff 99 01 0f 05 00 ff a3 11 49 0e 00 ff ab 11 00 ff a6 11 24 0e 00 ff a6 11 00 ff 67 00 b3 11 00 ff 66 03 30 12 00 ff 68 00 0e 05 5c 0b 00 ff 68 00 14 05 00 ff 99 01 00 ff 99 01 00 ff 99 01 00 ff 99 01 00 ff 99 01 00 ff 99 01 0f 05 00 ff b1 11 46 0e 00 ff a3 11 00 ff a3 11 00 ff a3 11 af 55 4a 18 00 ff 67 00 b3 11 4a 18 00 ff 66 03 30 12 00 ff 99 01 00 ff 99 01 00 ff 99 01 00 ff 99 01 00 ff 99 01 00 ff 99 01 00 ff 99 01 00 ff 99 01 0f 05 00 ff ae 11 49 0e 00 ff a3 11 00 ff a3 11 00 ff a3 11 00 ff 67 00 b3 11 00 ff 66 03 30 12 00 ff 99 01 00 ff 99 01 69 08 00 ff 99 01 00 ff 99 01 00 ff 99 01 00 ff 99 01 00 ff 99 01 00 ff 99 01 0f 05 00 ff a6 11 46 0e 00 ff a6 11 00 ff a4 11 24 0e 00 ff a8 11 00 ff 67 00 b3 11 00 ff 66 03 30 12 00 ff 99 01 00 ff 99 01 00 ff 99 01 00 ff 99 01 00 ff 99 01 00 ff 99 01 00 ff 99 01 3e 08 00 ff 99 01 0f 05 00 ff b1 11 49 0e 00 ff a3 11 46 0e 00 ff a3 11 49 0e 00 ff a3 11 46 0e 00 ff 67 00 b3 11 3c 08 00 ff 66 03 30 12 00 ff 99 01 00 ff 99 01 00 ff 99 01 00 ff 99 01 00 ff 9a 01 00 ff 99 01 00 ff 99 01 00 ff 99 01 11 05 00 ff a3 11 0e 05 00 ff a3 11 0e 05 00 ff a8 11 0e 05 00 ff a3 11 0e 05 00 ff 67 00 b3 11 13 05 00 ff 66 03 30 12 00 ff 99 01 00 ff 99 01 00 ff 99 01 62 00 7f 02 00 80 64 01 39 00 00 00 00 00 00 00 00 00 d7 37 00 00 00 00 02 01 ff 00 01 00 ff 9a 01 00 ff 99 01 00 ff 9a 01 00 ff 99 01 00 ff 99 01 00 ff 99 01 00 ff 99 01 00 ff 99 01 00 ff 99 01 3e 08 00 ff 99 01 8b 16 71 21 00 ff 66 03 8c 16 34 12 00 ff 99 01 00 ff 99 01 00 ff 9a 01 00 ff 99 01 00 ff 9a 01 00 ff 99 01 00 ff 9a 01 00 ff 99 01 00 ff 99 01 00 ff 99 01 00 ff 99 01 00 ff 99 01 00 ff 99 01 8b 16 00 ff 66 03 8c 16 00 ff 99 01 00 ff 99 01 00 ff 99 01 00 ff 9a 01 00 ff 99 01 00 ff 9a 01 00 ff 99 01 00 ff 99 01 00 ff 99 01 00 ff 99 01 00 ff 99 01 00 ff 99 01 3e 08 00 ff 99 01 8b 16 00 ff 66 03 8c 16 35 12 00 ff 99 01 00 ff 99 01 00 ff 99 01 00 ff 99 01 00 ff 9a 01 00 ff 99 01 00 ff 99 01 00 ff 99 01 10 05 00 ff 99 01 0e 05 00 ff 99 01 0e 05 00 ff 99 01 0e 05 00 ff 99 01 0e 05 00 ff 99 01 12 05 71 21 00 ff 66 03 30 12 1c ff 10 05 00 ff 0e 05 00 ff 0e 05 00 ff 0e 05 00 ff 0e 05 00 ff 0e 05 00 ff 13 05 78 21 07 ff 0f 05 00 ff 99 01 41 08 00 ff 99 01 00 ff 99 01 2e 1a 4a 1a 00 ff 99 01 28 1a 6b 1a cd 13 00 ff 99 01 2c 1a 41 08 00 ff 99 01 0f 05 07 ff 0f 05 00 ff 99 01 1e 04 20 18 00 ff 99 01 20 04 00 ff 99 01 2d 1a 00 ff 99 01 2a 1a 00 ff 99 01 2b 1a 00 ff 99 01 0f 05 07 ff 0f 05 00 ff 99 01 24 04 1e 18 cc 13 00 ff 99 01 25 04 00 ff 99 01 00 ff 99 01 00 ff 99 01 00 ff 99 01 0f 05 07 ff 0f 05 00 ff 99 01 1f 04 00 ff 99 01 21 04 00 ff 99 01 00 ff 99 01 00 ff 3b 16 00 ff 99 01 0f 05 07 ff 0f 05 00 ff 99 01 00 ff 99 01 00 ff 99 01 00 ff 99 01 00 ff 99 01 00 ff 99 01 0f 05 07 ff 14 05 00 ff 99 01 74 08 00 ff 99 01 74 08 00 ff 99 01 00 ff 99 01 00 ff 99 01 00 ff 99 01 0f 05 09 ff 72 08 00 ff 99 01 00 ff 99 01 00 ff 99 01 00 ff 99 01 0f 05 07 ff 69 08 01 ff 72 08 00 ff 99 01 00 ff 99 01 00 ff 99 01 00 ff 99 01 0f 05 09 ff 72 08 00 ff 99 01 00 ff 99 01 00 ff 99 01 00 ff 99 01 0f 05 09 ff 72 08 00 ff 99 01 00 ff 99 01 00 ff 99 01 00 ff 99 01 11 05 00 ff 0e 05 00 ff 0e 05 00 ff 13 05 78 21 00 ff 85 04 00 ff 85 04 04 ff 72 08 00 ff 99 01 00 ff 99 01 00 ff 99 01 00 ff 99 01 e1 07 00 ff 99 01 3e 08 00 ff 99 01 31 07 00 ff 99 01 0f 05 00 ff 86 04 00 ff 86 04 3e 08 04 ff 72 08 00 ff 99 01 00 ff 99 01 00 ff 99 01 00 ff 99 01 00 ff 99 01 00 ff 99 01 9d 07 00 ff 99 01 0f 05 00 ff 89 04 00 ff 89 04 ef 07 04 ff 72 08 00 ff 99 01 00 ff 99 01 00 ff 99 01 00 ff 99 01 00 ff 99 01 3e 08 00 ff 99 01 31 07 00 ff 99 01 0f 05 00 ff 89 04 00 ff 89 04 ef 07 04 ff 72 08 00 ff 99 01 00 ff 99 01 00 ff 99 01 00 ff 99 01 10 05 00 ff 99 01 0e 05 00 ff 99 01 0e 05 00 ff 99 01 12 05 70 21 00 ff 87 04 00 ff 87 04 3e 08 04 ff 72 08 00 ff 99 01 00 ff 99 01 00 ff 99 01 00 ff 99 01 0f 05 03 ff 88 04 00 ff 88 04 10 ff 85 04 00 ff 85 04 00 ff 85 04 00 ff 85 04 00 ff 85 04 00 ff 85 04 08 ff 86 04 00 ff 86 04 00 ff 86 04 00 ff 86 04 00 ff 86 04 00 ff 86 04 08 ff 86 04 00 ff 86 04 00 ff 86 04 00 ff 86 04 00 ff 86 04 00 ff 86 04 08 ff 86 04 00 ff 86 04 00 ff 86 04 00 ff 86 04 00 ff 86 04 00 ff 86 04 08 ff 86 04 00 ff 86 04 00 ff 86 04 00 ff 86 04 00 ff 86 04 00 ff 86 04 08 ff 86 04 00 ff 86 04 00 ff 86 04 00 ff 86 04 00 ff 86 04 00 ff 86 04 08 ff 86 04 00 ff 86 04 00 ff 86 04 00 ff 86 04 00 ff 86 04 00 ff 86 04 08 ff 86 04 00 ff 86 04 00 ff 86 04 00 ff 86 04 00 ff 86 04 00 ff 86 04 08 ff 86 04 00 ff 86 04 00 ff 86 04 00 ff 86 04 00 ff 86 04 00 ff 86 04 08 ff 86 04 00 ff 86 04 00 ff 86 04 00 ff 86 04 00 ff 86 04 00 ff 86 04 08 ff 86 04 00 ff 86 04 00 ff 86 04 00 ff 86 04 00 ff 86 04 00 ff 86 04 00 ff 85 04 00 ff 85 04 00 ff 85 04 05 ff 86 04 00 ff 86 04 00 ff 86 04 00 ff 86 04 00 ff 86 04 00 ff 86 04 00 ff 86 04 00 ff 86 04 00 ff 86 04 05 ff 89 04 00 ff 89 04 00 ff 89 04 00 ff 89 04 00 ff 89 04 00 ff 89 04 00 ff 89 04 00 ff 89 04 00 ff 89 04 05 ff 87 04 00 ff 87 04 00 ff 87 04 00 ff 87 04 00 ff 87 04 00 ff 87 04 00 ff 87 04 00 ff 87 04 00 ff 87 04 05 ff 87 04 00 ff 87 04 00 ff 87 04 00 ff 87 04 00 ff 87 04 00 ff 87 04 00 ff 87 04 00 ff 87 04 00 ff 87 04 05 ff 87 04 00 ff 87 04 00 ff 87 04 00 ff 87 04 00 ff 87 04 00 ff 87 04 00 ff 88 04 00 ff 88 04 00 ff 88 04 05 ff 87 04 00 ff 87 04 00 ff 87 04 00 ff 87 04 00 ff 87 04 00 ff 87 04 ff ff ff ff ff ff ff ff f4 ff 
[1786974246623] 6b 6a 7e f3 7d 07 01 63 00 a2 00 00 10 01 00 
[1786974246723] 6d 6a 7e f3 7d 07 01 6b 7e f3 7d 07 66 99 01 00 ff 99 01 00 ff 99 01 00 ff 99 01 00 ff 99 01 00 ff 99 01 00 ff 99 01 3e 08 00 ff 99 01 0f 05 00 ff a3 11 49 0e 00 ff a3 11 46 0e 00 ff a3 11 49 0e 00 ff a3 11 46 0e 00 ff 67 00 b3 11 00 ff 66 03 30 12 00 ff 69 08 01 ff 72 08 00 ff 99 01 00 ff 99 01 00 ff 99 01 00 ff 99 01 0f 05 07 ff 87 04 00 ff 87 04 00 ff 87 04 00 ff 87 04 00 ff 87 04 00 ff 87 04 4e ff 
[1786974246868] 6d 6b 7e f3 7d 07 01 6b 7e f2 7d 07 65 a3 11 00 ff a3 11 06 05 00 ff 98 01 02 05 2d 25 00 ff 98 01 02 05 2d 25 00 ff 98 01 02 05 2d 25 00 ff 98 01 02 05 2d 25 00 ff 98 01 05 05 2c 25 2d 25 00 ff 68 00 00 ff 68 00 0e 05 00 ff 99 01 00 ff 99 01 e3 ce 00 ff 99 01 00 ff 99 01 00 ff 99 01 00 ff 99 01 00 ff 99 01 00 ff 99 01 00 ff 99 01 00 ff c2 01 00 ff b8 01 6e 08 00 ff b8 01 6b 08 00 ff b8 01 6b 08 00 ff b8 01 6b 08 00 ff b8 01 6b 08 00 ff c1 01 00 ff 0e 05 0a ff 8a 04 00 ff 8b 04 00 ff 8b 04 00 ff 8b 04 00 ff 8b 04 00 ff 8b 04 00 ff 85 04 8b 04 00 ff 86 04 00 ff 86 04 00 ff 86 04 00 ff 86 04 00 ff 86 04 00 ff 89 04 00 ff 87 04 00 ff 87 04 00 ff 87 04 00 ff 87 04 00 ff 87 04 5a ff 
[1786974247043] 6d 6b 7e f2 7d 07 01 6c 7e f1 7d 07 65 ad 11 00 ff a4 11 01 05 00 ff 98 01 82 09 00 00 ff 98 01 37 09 00 ff 98 01 0f 09 00 ff 98 01 a8 09 00 00 ff 98 01 01 05 2c 25 00 ff 68 00 00 ff 68 00 0e 05 00 ff 99 01 00 ff 99 01 69 08 00 ff 99 01 00 ff 99 01 00 ff 99 01 00 ff 99 01 00 ff 99 01 00 ff 99 01 00 ff 99 01 00 ff b9 01 6c 08 00 ff 98 01 a6 0b 00 ff 98 01 00 ff 98 01 00 ff 98 01 00 ff 98 01 a6 0b 00 ff ba 01 6d 08 00 ff 0e 05 10 ff 85 04 00 ff 86 04 00 ff 86 04 00 ff 86 04 00 ff 86 04 00 ff 86 04 00 ff 89 04 00 ff 87 04 00 ff 87 04 00 ff 87 04 00 ff 87 04 00 ff 87 04 5a ff 66 99 01 69 08 00 ff 99 01 00 ff 99 01 00 ff 99 01 69 08 00 ff 99 01 00 ff 99 01 00 ff 99 01 00 ff 99 01 00 ff 99 01 00 ff 99 01 0f 05 00 ff a3 11 46 0e 00 ff ae 11 00 ff a3 11 24 0e 00 ff a3 11 4a 18 04 ff 72 08 00 ff 99 01 00 ff 99 01 00 ff 99 01 00 ff 99 01 0f 05 05 ff 87 04 00 ff 87 04 00 ff 87 04 00 ff 87 04 00 ff 87 04 00 ff 87 04 00 ff 87 04 00 ff 87 04 4c ff 
[1786974247343] 6d 6c 7e f1 7d 07 01 6d 7e f1 7d 07 66 99 01 00 ff 99 01 00 ff 99 01 00 ff 99 01 00 ff 99 01 00 ff 99 01 00 ff 99 01 00 ff 99 01 00 ff 99 01 00 ff 99 01 0f 05 00 ff ac 11 49 0e 00 ff a3 11 49 18 00 ff a3 11 4a 18 00 ff aa 11 00 ff 0e 05 00 ff 0e 05 00 ff 15 05 00 ff 74 08 00 ff 78 08 00 ff 99 01 00 ff 99 01 00 ff 99 01 00 ff 99 01 0f 05 05 ff 88 04 00 ff 88 04 8c 04 00 ff 87 04 00 ff 87 04 00 ff 87 04 00 ff 87 04 00 ff 87 04 00 ff 87 04 4c ff 
[1786974247503] 6d 6d 7e f1 7d 07 01 6e 7e f1 7d 07 66 99 01 15 05 00 ff 99 01 0e 05 00 ff 99 01 0e 05 00 ff 99 01 15 05 00 ff 99 01 00 ff 99 01 00 ff 99 01 00 ff 99 01 00 ff 99 01 0e 05 00 ff 99 01 16 05 00 ff aa 11 46 0e 00 ff a3 11 00 ff b2 11 00 ff a4 11 4a 18 02 ff 0f 05 00 ff 99 01 a0 12 54 1d 00 ff 99 01 9e 12 00 ff 99 01 00 ff 99 01 00 ff 3b 16 00 ff 99 01 0f 05 06 ff 8c 04 00 ff 87 04 00 ff 87 04 00 ff 87 04 00 ff 87 04 00 ff 87 04 00 ff 87 04 4c ff 
[1786974247574] 1d 
[1786974247603] 6d 6e 7e f1 7d 07 01 6f 7e f1 7d 07 66 a3 11 06 05 00 ff a3 11 af 55 00 ff 36 11 bb 11 00 ff 68 00 b4 11 0f 05 00 ff 99 01 00 ff 99 01 00 ff 99 01 00 ff 99 01 00 ff a2 01 89 14 00 ff 99 01 0f 05 00 ff a3 11 49 0e 00 ff a7 11 00 ff a3 11 24 0e 00 ff a3 11 af 55 02 ff 0f 05 00 ff 99 01 9a 12 55 1d cc 13 00 ff 99 01 99 12 00 ff 99 01 00 ff 99 01 00 ff 99 01 00 ff 99 01 0f 05 06 ff 8c 04 00 ff 87 04 00 ff 87 04 00 ff 87 04 00 ff 87 04 00 ff 87 04 00 ff 87 04 4c ff 
[1786974247625] 6d 70 7e ef 7d 07 01 70 7e ee 7d 07 
[1786974247703] 6d 6f 7e f1 7d 07 01 6f 7e f0 7d 07 65 98 01 00 ff 98 01 00 ff 98 01 24 19 00 ff 68 00 00 ff 68 00 0e 05 00 ff 99 01 00 ff 99 01 00 ff 99 01 00 ff 99 01 00 ff 99 01 00 ff 99 01 00 ff 99 01 00 ff 99 01 00 ff 99 01 00 ff 99 01 00 ff 99 01 00 ff 99 01 15 05 00 ff a3 11 01 05 5b 0b 00 ff 98 01 00 ff 98 01 00 ff ba 01 6d 08 00 ff 0e 05 01 ff 69 08 07 ff 69 08 01 ff 15 05 00 ff 06 05 00 ff 98 01 1f 14 02 ff 85 04 00 ff 86 04 00 ff 86 04 00 ff 86 04 00 ff 86 04 00 ff 86 04 00 ff 89 04 00 ff 87 04 00 ff 87 04 00 ff 87 04 00 ff 87 04 00 ff 87 04 00 ff 87 04 00 ff 88 04 be 13 00 ff bc 13 00 ff bc 13 5a ff 
[1786974247917] 6d 6f 7e f0 7d 07 01 6f 7e ef 7d 07 65 98 01 00 ff 98 01 00 ff 98 01 01 05 2c 25 00 ff 68 00 00 ff 68 00 0e 05 5c 0b 00 ff 99 01 00 ff 99 01 84 07 00 ff 99 01 85 07 00 ff 99 01 00 ff 99 01 00 ff 99 01 00 ff 99 01 00 ff 99 01 00 ff 99 01 00 ff 99 01 00 ff 99 01 00 ff 99 01 15 05 00 ff a3 11 01 05 2d 0a 00 ff 98 01 00 ff 98 01 dc 09 01 00 ff ba 01 6f 08 00 ff 0e 05 0b ff 15 05 00 ff 21 14 5b 0b 00 ff 98 01 02 ff 85 04 00 ff 86 04 00 ff 86 04 00 ff 86 04 00 ff 86 04 00 ff 86 04 00 ff 89 04 00 ff 87 04 00 ff 87 04 00 ff 87 04 00 ff 87 04 00 ff 87 04 00 ff 87 04 00 ff 82 04 88 04 00 ff 80 04 00 ff 80 04 5a ff 
[1786974247989] 1e 
[1786974248019] 6d 6f 7e ef 7d 07 01 6f 7e ee 7d 07 65 98 01 00 ff 98 01 00 ff 98 01 21 14 2c 25 00 ff 68 00 00 ff 68 00 0e 05 00 ff 99 01 00 ff 99 01 82 07 00 ff 99 01 83 07 00 ff 99 01 00 ff 99 01 00 ff 99 01 00 ff 99 01 00 ff 99 01 00 ff 99 01 00 ff 99 01 00 ff 99 01 00 ff 99 01 15 05 00 ff a3 11 01 05 2d 0a 00 ff 98 01 25 19 00 ff 98 01 05 05 00 ff c0 01 00 ff 0e 05 0b ff 15 05 00 ff 01 05 2d 0a 00 ff 98 01 02 ff 85 04 00 ff 86 04 00 ff 86 04 00 ff 86 04 00 ff 86 04 00 ff 86 04 00 ff 89 04 00 ff 87 04 00 ff 87 04 00 ff 87 04 00 ff 87 04 00 ff 87 04 00 ff 87 04 00 ff 82 04 88 04 00 ff 80 04 00 ff 80 04 5a ff 
[1786974248104] 6b 6f 7e ee 7d 07 01 63 00 a2 00 00 10 01 00 
[1786974248256] 6d 6f 7e ee 7d 07 01 6f 7e ed 7d 07 65 98 01 0e 09 6f 0b 00 ff 98 01 0e 09 00 ff 98 01 21 14 2c 25 00 ff 68 00 00 ff 68 00 0e 05 00 ff 99 01 3e 08 00 ff 99 01 00 ff 99 01 8c 16 a7 21 00 ff 99 01 8c 16 00 ff 99 01 8c 16 00 ff 99 01 8c 16 00 ff 99 01 8c 16 00 ff 99 01 8c 16 00 ff 99 01 8c 16 00 ff 99 01 a7 21 00 ff 99 01 3e 08 00 ff 99 01 15 05 00 ff a6 11 01 05 5b 0b 00 ff 98 01 00 ff 98 01 21 14 01 ff 0e 05 0b ff 15 05 00 ff 01 05 2d 0a 00 ff 98 01 00 ff 80 04 00 ff b9 13 00 ff 85 04 00 ff 86 04 00 ff 86 04 00 ff 86 04 00 ff 86 04 00 ff 86 04 00 ff 89 04 00 ff 87 04 00 ff 87 04 00 ff 87 04 00 ff 87 04 00 ff 87 04 00 ff 87 04 00 ff 82 04 88 04 00 ff 80 04 00 ff 80 04 5a ff 
[1786974248420] 6d 6f 7e ed 7d 07 01 70 7e ed 7d 07 66 98 01 00 ff 98 01 00 ff 98 01 00 ff 98 01 00 ff 98 01 02 05 2d 25 00 ff a3 11 4a 18 00 ff 3a 11 b3 11 10 05 af 55 00 ff b4 1c cd 21 97 11 ec 11 31 25 14 05 00 ff 99 01 b9 0d 00 ff 99 01 00 ff 99 01 00 ff 99 01 00 ff 99 01 00 ff 99 01 0f 05 00 ff 98 01 00 ff 98 01 00 ff 98 01 00 ff 98 01 1f 14 02 ff 0f 05 00 ff 99 01 9f 12 00 ff 99 01 9d 12 00 ff 99 01 00 ff 99 01 00 ff 99 01 00 ff 99 01 0f 05 01 ff 80 04 00 ff 80 04 00 ff 80 04 00 ff bc 13 01 ff 8c 04 00 ff 87 04 00 ff 87 04 00 ff 87 04 00 ff 87 04 00 ff 87 04 00 ff 87 04 48 ff 
[1786974248520] 6d 70 7e ed 7d 07 01 70 7e ec 7d 07 65 98 01 00 ff 98 01 01 05 2c 25 00 ff 68 00 00 ff 68 00 b6 11 10 05 00 ff 68 00 0f 05 00 ff 68 00 b4 11 0f 05 5e 0b 00 ff a7 11 0f 05 70 21 00 ff 66 03 b6 11 8b 16 00 ff 66 03 8b 16 00 ff 66 03 8b 16 00 ff 66 03 b4 11 8b 16 00 ff a7 11 8b 16 47 18 00 ff 68 00 b6 11 0f 05 71 21 00 ff 68 00 0f 05 5e 0b 00 ff 68 00 b4 11 0f 05 00 ff a3 11 17 05 00 ff a3 11 01 05 00 ff 98 01 00 ff 98 01 26 19 01 ff 0e 05 0b ff 15 05 00 ff 21 14 5b 0b 00 ff 98 01 00 ff 98 01 00 ff b9 13 00 ff 85 04 00 ff 86 04 00 ff 86 04 00 ff 86 04 00 ff 86 04 00 ff 86 04 00 ff 89 04 00 ff 87 04 00 ff 87 04 00 ff 87 04 00 ff 87 04 00 ff 87 04 00 ff 87 04 00 ff 82 04 88 04 00 ff 80 04 00 ff 80 04 00 ff 80 04 5a ff 
[1786974248632] 6d 70 7e ec 7d 07 01 71 7e ec 7d 07 66 98 01 00 ff 98 01 00 ff 98 01 00 ff 98 01 00 ff 98 01 00 ff 98 01 23 19 00 ff 2a 11 bb 11 4a 18 00 ff 33 11 b7 11 0f 05 00 ff 99 01 62 00 35 43 00 50 64 02 84 00 00 47 4c 73 03 00 00 00 d7 00 00 00 00 00 01 00 ff 00 01 00 ff 99 01 e9 58 00 ff 99 01 00 ff 99 01 00 ff 99 01 00 ff 99 01 00 ff 98 01 15 09 00 ff 98 01 22 09 00 ff 98 01 14 09 00 ff 98 01 15 09 00 ff 98 01 1f 14 02 ff 0f 05 00 ff 99 01 00 ff 99 01 00 ff 99 01 bc 16 0a 03 00 ff 99 01 b9 16 09 03 cb 13 cd 13 00 ff 99 01 bf 16 00 ff 99 01 0f 05 00 ff 80 04 00 ff 80 04 00 ff 80 04 00 ff 80 04 00 ff bc 13 01 ff 8c 04 00 ff 87 04 00 ff 87 04 00 ff 87 04 00 ff 87 04 00 ff 87 04 00 ff 87 04 47 ff 
[1786974248742] 6d 71 7e ec 7d 07 01 71 7e eb 7d 07 65 98 01 01 05 2c 25 00 ff 68 00 00 ff 68 00 00 ff 68 00 00 ff 68 00 b4 11 00 ff a7 11 47 18 00 ff 66 03 b6 11 00 ff 66 03 00 ff 66 03 00 ff 66 03 b4 11 00 ff a7 11 49 0e 00 ff 68 00 b6 11 00 ff 68 00 00 ff 68 00 b4 11 00 ff ae 11 08 05 00 ff 98 01 0a 05 00 ff 98 01 02 05 00 ff 98 01 09 05 01 ff 10 05 00 ff 0f 05 00 ff 0f 05 00 ff 0f 05 70 21 00 ff 79 21 00 ff 79 21 00 ff 79 21 00 ff 79 21 00 ff 79 21 00 ff 0f 05 71 21 00 ff 0f 05 00 ff 0f 05 00 ff 17 05 00 ff 01 05 00 ff 98 01 00 ff 98 01 00 ff 98 01 14 09 00 ff 85 04 00 ff 86 04 00 ff 86 04 00 ff 86 04 00 ff 86 04 00 ff 86 04 00 ff 89 04 00 ff 87 04 00 ff 87 04 00 ff 87 04 00 ff 87 04 00 ff 87 04 00 ff 87 04 00 ff 82 04 88 04 00 ff 80 04 00 ff 80 04 00 ff 80 04 00 ff 80 04 5a ff 
[1786974248897] 6d 71 7e eb 7d 07 01 71 7e ea 7d 07 65 98 01 f0 11 0a 05 00 ff 98 01 02 05 2d 25 00 ff 98 01 05 05 2c 25 2d 25 00 ff 68 00 00 ff 68 00 b4 11 00 ff a7 11 48 0e 00 ff 66 03 b6 11 00 ff 66 03 00 ff 66 03 00 ff 66 03 b4 11 00 ff a6 11 48 0e 00 ff 68 00 b6 11 00 ff 68 00 00 ff 68 00 b4 11 00 ff a3 11 7a 12 21 14 00 ff 98 01 00 ff 98 01 00 ff 98 01 66 06 0d ff 08 05 00 ff 98 01 0a 05 00 ff 98 01 02 05 00 ff 98 01 09 05 00 ff 98 01 02 05 5d 0b 00 ff 8a 04 00 ff 8b 04 00 ff 8b 04 00 ff 8b 04 00 ff 8b 04 00 ff 8b 04 00 ff 8e 04 00 ff 8c 04 00 ff 8c 04 00 ff 8c 04 00 ff 8c 04 00 ff 8c 04 00 ff 8c 04 00 ff 82 04 8d 04 00 ff 80 04 00 ff 80 04 00 ff 80 04 00 ff 80 04 5a ff 
[1786974249111] 6d 71 7e ea 7d 07 01 71 7e e9 7d 07 65 98 01 6f 0b 0f 09 00 ff 98 01 39 09 00 ff 98 01 24 19 00 ff 68 00 00 ff 68 00 b4 11 00 ff a3 11 26 0e 00 ff 66 03 b6 11 00 ff 66 03 00 ff 66 03 00 ff 66 03 b4 11 00 ff a3 11 26 0e 00 ff 68 00 b6 11 00 ff 68 00 00 ff 68 00 00 ff a3 11 79 12 21 14 5b 0b 00 ff 98 01 00 ff 98 01 00 ff 98 01 01 05 2d 0a 00 ff 98 01 02 05 00 ff 98 01 05 05 0b ff 21 14 00 ff 98 01 00 ff 98 01 00 ff 98 01 66 06 00 ff 98 01 00 ff bc 13 00 ff ba 13 0a ff 85 04 00 ff 86 04 00 ff 86 04 00 ff 86 04 00 ff 86 04 00 ff 86 04 5a ff 
[1786974249369] 6d 71 7e e9 7d 07 01 71 7e e8 7d 07 65 98 01 00 ff 98 01 00 ff 98 01 21 14 2c 25 00 ff 68 00 00 ff 68 00 b4 11 00 ff a3 11 46 0e 00 ff 66 03 b6 11 00 ff 66 03 00 ff 66 03 00 ff 66 03 b4 11 00 ff ae 11 46 0e 00 ff 68 00 b6 11 00 ff 68 00 00 ff 68 00 00 ff a3 11 79 12 01 05 00 ff 98 01 00 ff 98 01 00 ff 98 01 01 05 2d 0a 00 ff 98 01 39 09 00 ff 98 01 22 14 0b ff 21 14 5b 0b 00 ff 98 01 00 ff 98 01 00 ff 98 01 01 05 2d 0a 00 ff 98 01 00 ff 80 04 00 ff b9 13 0a ff 85 04 00 ff 86 04 00 ff 86 04 00 ff 86 04 00 ff 86 04 00 ff 86 04 5a ff 
[1786974249469] 6d 71 7e e8 7d 07 01 71 7e e7 7d 07 65 98 01 84 09 00 00 ff 98 01 85 09 00 00 ff 98 01 21 14 2c 25 00 ff 68 00 00 ff 68 00 b4 11 00 ff af 11 26 0e 00 ff 66 03 b6 11 00 ff 66 03 00 ff 66 03 00 ff 66 03 b4 11 00 ff ae 11 26 0e 00 ff 68 00 b6 11 00 ff 68 00 00 ff 68 00 00 ff a3 11 79 12 08 05 00 ff 98 01 02 05 00 ff 98 01 02 05 00 ff 98 01 07 05 5b 0b 00 ff 98 01 00 ff 98 01 26 19 0b ff 01 05 00 ff 98 01 00 ff 98 01 00 ff 98 01 01 05 2d 0a 00 ff 98 01 00 ff 80 04 00 ff b9 13 0a ff 85 04 00 ff 86 04 00 ff 86 04 00 ff 86 04 00 ff 86 04 00 ff 86 04 5a ff 
[1786974249571] 6d 71 7e e7 7d 07 02 71 7e e6 7d 07 65 98 01 00 ff 98 01 00 ff 98 01 26 19 00 ff 68 00 00 ff 68 00 b4 11 00 ff a3 11 49 0e 00 ff 66 03 b6 11 00 ff 66 03 00 ff 66 03 00 ff 66 03 b4 11 00 ff a3 11 49 0e 00 ff 68 00 b6 11 00 ff 68 00 00 ff 68 00 00 ff a3 11 7c 12 21 14 00 ff 98 01 00 ff 98 01 00 ff 98 01 66 06 00 ff 98 01 85 09 00 00 ff 98 01 22 14 0b ff b9 01 03 05 6c 08 00 ff 98 01 02 05 00 ff 98 01 02 05 00 ff 98 01 07 05 5b 0b 00 ff 98 01 16 09 00 ff 80 04 00 ff b9 13 0a ff 85 04 00 ff 86 04 00 ff 86 04 00 ff 86 04 00 ff 86 04 00 ff 86 04 5a ff 
[1786974249571] 5d 09 01 ed 98 00 02 01 0d 00 50 6f 77 65 72 66 75 6c 20 56 6f 69 64 33 00 ae e7 02 00 00 01 11 00 50 6f 77 65 72 66 75 6c 20 45 70 69 70 68 61 6e 79 42 00 ae e7 02 00 00 03 e5 5b 09 00 00 00 00 00 00 00 80 01 01 13 00 42 61 73 69 63 20 46 65 61 74 68 65 72 77 65 69 67 68 74 4c 00 1d 70 00 00 00 04 74 7f 00 02 01 12 00 50 6f 77 65 72 66 75 6c 20 56 61 6d 70 69 72 69 73 6d 30 00 49 22 03 00 00 01 14 00 50 6f 77 65 72 66 75 6c 20 44 72 61 67 6f 6e 20 48 69 64 65 24 00 49 22 03 00 00 05 ee 98 0b 00 00 00 00 ee 01 00 00 00 00 00 00 00 06 28 85 00 03 01 0d 00 50 6f 77 65 72 66 75 6c 20 56 6f 69 64 33 00 84 f9 02 00 00 01 0f 00 50 6f 77 65 72 66 75 6c 20 53 74 72 69 6b 65 03 00 84 f9 02 00 00 01 12 00 50 6f 77 65 72 66 75 6c 20 56 61 6d 70 69 72 69 73 6d 30 00 84 f9 02 00 00 07 bd 8a 00 00 08 81 7b 00 01 00 0a 79 65 00 0b 64 5b 00 00 
[1786974249571] 5e 01 00 01 00 00 00 e0 a5 01 00 00 
[1786974249571] 92 a2 00 00 10 00 
[1786974249571] a9 00 01 95 00 41 63 74 69 76 65 20 52 65 73 74 69 6e 67 20 41 72 65 61 20 42 6f 6e 75 73 65 73 3a 20 0a 44 6f 75 62 6c 65 20 48 69 74 20 50 6f 69 6e 74 73 20 52 65 67 65 6e 65 72 61 74 69 6f 6e 2c 0a 44 6f 75 62 6c 65 20 4d 61 6e 61 20 50 6f 69 6e 74 73 20 52 65 67 65 6e 65 72 61 74 69 6f 6e 2c 0a 53 74 61 6d 69 6e 61 20 50 6f 69 6e 74 73 20 52 65 67 65 6e 65 72 61 74 69 6f 6e 2c 0a 53 6f 75 6c 20 50 6f 69 6e 74 73 20 52 65 67 65 6e 65 72 61 74 69 6f 6e 2e 
[1786974249571] a2 40 10 00 00 00 00 00 00 00 
[1786974249571] b4 15 48 00 59 6f 75 20 61 72 65 20 6e 6f 20 6c 6f 6e 67 65 72 20 72 65 66 69 6c 6c 69 6e 67 20 73 74 61 6d 69 6e 61 2c 20 73 69 6e 63 65 20 79 6f 75 20 6c 65 66 74 20 61 20 72 65 67 65 6e 65 72 61 74 69 6f 6e 20 7a 6f 6e 65 2e 
[1786974249700] 6d 71 7e e6 7d 07 02 71 7e e5 7d 07 65 98 01 84 09 00 00 ff 98 01 85 09 00 00 ff 98 01 21 14 2c 25 00 ff 68 00 00 ff 68 00 b4 11 00 ff a3 11 26 0e 00 ff 66 03 b6 11 00 ff 66 03 00 ff 66 03 b3 01 00 ff 66 03 b4 11 00 ff ae 11 26 0e 00 ff 68 00 b6 11 00 ff 68 00 00 ff 68 00 00 ff a3 11 26 19 00 ff 98 01 00 ff 98 01 00 ff 98 01 01 05 00 ff 98 01 00 ff 98 01 26 19 0b ff b9 01 6c 08 00 ff 98 01 00 ff 98 01 00 ff 98 01 66 06 00 ff 98 01 00 ff 80 04 00 ff b9 13 0a ff 8a 04 00 ff 8b 04 00 ff 8b 04 00 ff 85 04 8b 04 00 ff 86 04 00 ff 86 04 5a ff 
[1786974249800] 6d 71 7e e5 7d 07 01 71 7e e4 7d 07 65 98 01 00 ff 98 01 00 ff 98 01 21 14 2c 25 00 ff 68 00 00 ff 68 00 b4 11 00 ff a3 11 af 55 00 ff 66 03 b6 11 00 ff 66 03 00 ff 66 03 00 ff 66 03 b4 11 00 ff a6 11 46 0e 00 ff 68 00 b6 11 00 ff 68 00 00 ff 68 00 00 ff a3 11 01 05 5c 0b 00 ff 98 01 00 ff 98 01 00 ff 98 01 03 05 00 ff 98 01 84 09 00 00 ff 98 01 22 14 0b ff b9 01 6c 08 00 ff 98 01 00 ff 98 01 00 ff 98 01 08 05 00 ff 98 01 02 05 00 ff 80 04 00 ff b9 13 0d ff 85 04 00 ff 86 04 00 ff 86 04 5a ff 
[1786974249900] 6d 71 7e e4 7d 07 01 71 7e e3 7d 07 65 98 01 84 09 00 00 ff 98 01 85 09 00 00 ff 98 01 26 19 00 ff 68 00 00 ff 68 00 b4 11 00 ff a3 11 26 0e 00 ff 66 03 b6 11 00 ff 66 03 00 ff 66 03 00 ff 66 03 b4 11 00 ff b0 11 26 0e 00 ff 68 00 b6 11 00 ff 68 00 00 ff 68 00 00 ff a6 11 21 14 00 ff 98 01 00 ff 98 01 00 ff 98 01 00 ff 98 01 00 ff 98 01 26 19 0b ff b9 01 6c 08 00 ff 98 01 00 ff 98 01 00 ff 98 01 66 06 00 ff 98 01 00 ff 80 04 00 ff b9 13 0d ff 85 04 00 ff 86 04 00 ff 86 04 5a ff 
[1786974250000] 6d 71 7e e3 7d 07 01 71 7e e2 7d 07 65 98 01 00 ff 98 01 00 ff 98 01 01 05 2c 25 00 ff 68 00 00 ff 68 00 6a 02 00 ff a3 11 49 0e 00 ff 66 03 b6 11 00 ff 66 03 00 ff 66 03 00 ff 66 03 b4 11 00 ff a3 11 49 0e 00 ff 68 00 b6 11 00 ff 68 00 00 ff 68 00 00 ff 21 14 00 ff 98 01 9b 07 00 ff 98 01 00 ff 98 01 00 ff 98 01 84 09 00 00 ff 98 01 01 05 00 ff c1 01 0a ff b9 01 6c 08 00 ff 98 01 00 ff 98 01 00 ff 98 01 01 05 5b 0b 00 ff 98 01 16 09 00 ff 80 04 00 ff b9 13 b8 13 0d ff 85 04 00 ff 86 04 00 ff 86 04 5a ff 
[1786974250100] 6d 71 7e e2 7d 07 01 71 7e e1 7d 07 65 98 01 00 ff 98 01 a6 0b 00 ff 98 01 01 05 2c 25 00 ff 67 00 eb 11 00 ff 67 00 eb 11 6a 02 00 ff a3 11 26 0e 00 ff 66 03 b6 11 00 ff 66 03 00 ff 66 03 00 ff 66 03 b4 11 00 ff a3 11 26 0e 00 ff 67 00 eb 11 b6 11 00 ff 67 00 eb 11 00 ff 67 00 eb 11 00 ff 67 00 21 14 00 ff 98 01 07 05 00 ff 98 01 00 ff 98 01 00 ff 98 01 02 05 00 ff 98 01 04 05 00 ff ba 01 6d 08 0a ff b9 01 6c 08 00 ff b2 01 00 ff 98 01 00 ff 98 01 01 05 00 ff 98 01 00 ff 80 04 00 ff b9 13 0d ff 85 04 00 ff 86 04 00 ff 86 04 5a ff 
[1786974250231] 6d 71 7e e1 7d 07 01 71 7e e0 7d 07 65 66 03 02 05 5e 0b 00 ff 66 03 31 12 02 05 00 ff 67 00 04 05 00 ff 67 00 53 45 00 ff 67 00 ba 11 00 ff 66 03 33 12 b5 11 47 18 00 ff 66 03 b9 11 00 ff 66 03 00 ff 66 03 00 ff 66 03 ba 11 00 ff 66 03 31 12 b5 11 00 ff 67 00 b9 11 63 45 00 ff 67 00 00 ff 67 00 00 ff 67 00 03 05 00 ff 67 00 20 14 00 ff 66 03 33 12 1f 14 00 ff 66 03 62 06 00 ff 98 01 00 ff 98 01 00 ff ba 01 6d 08 6f 08 0a ff b9 01 6c 08 00 ff 98 01 00 ff 98 01 00 ff 98 01 01 05 00 ff 98 01 00 ff 81 04 00 ff b8 13 0d ff 85 04 00 ff 86 04 00 ff 86 04 5a ff 
[1786974250339] 6d 71 7e e0 7d 07 01 71 7e df 7d 07 65 66 03 00 ff 66 03 37 12 00 ff 66 03 32 12 00 ff 66 03 32 12 00 ff 66 03 32 12 00 ff 66 03 36 12 3d 08 00 ff 66 03 00 ff 66 03 00 ff 66 03 00 ff 66 03 00 ff 66 03 37 12 00 ff 66 03 32 12 00 ff 66 03 32 12 00 ff 66 03 32 12 00 ff 66 03 32 12 62 45 00 ff 66 03 32 12 00 ff 66 03 36 12 00 ff 66 03 00 ff b7 01 6a 08 00 ff b7 01 6a 08 00 ff c0 01 85 14 0a ff bf 01 00 ff b7 01 6a 08 00 ff b7 01 6a 08 00 ff 03 05 6a 08 00 ff 02 05 0f ff 85 04 00 ff 86 04 00 ff 86 04 5a ff 
[1786974250382] 82 ec d7 
[1786974250382] ef 11 1c 
[1786974250442] 6d 71 7e df 7d 07 01 71 7e de 7d 07 65 66 03 00 ff 66 03 00 ff 66 03 00 ff 66 03 69 07 00 ff 66 03 6b 07 00 ff 66 03 6a 07 00 ff 66 03 00 ff 66 03 6c 07 00 ff 66 03 00 ff 66 03 00 ff 66 03 6a 07 00 ff 66 03 6c 07 00 ff 66 03 6c 07 00 ff 66 03 00 ff 66 03 6a 07 00 ff 66 03 00 ff 66 03 00 ff 66 03 21 ff 8a 04 00 ff 8b 04 00 ff 8b 04 5a ff 
[1786974250551] 6d 71 7e de 7d 07 01 71 7e dd 7d 07 65 66 03 6c 07 00 ff 66 03 00 ff 66 03 00 ff 66 03 00 ff 66 03 6b 07 00 ff 66 03 00 ff 66 03 00 ff 66 03 6b 07 00 ff 66 03 00 ff 66 03 6c 07 00 ff 66 03 00 ff 66 03 00 ff 66 03 6b 07 00 ff 66 03 00 ff 66 03 6b 07 00 ff 66 03 6a 07 00 ff 66 03 6c 07 00 ff 66 03 7e ff 
[1786974250669] 6d 71 7e dd 7d 07 01 71 7e dc 7d 07 65 66 03 00 ff 66 03 6b 07 00 ff 66 03 6b 07 00 ff 66 03 00 ff 66 03 6c 07 00 ff 66 03 00 ff 66 03 6c 07 00 ff 66 03 6a 07 00 ff 66 03 00 ff 66 03 00 ff 66 03 00 ff 66 03 6b 07 00 ff 66 03 6c 07 00 ff 66 03 00 ff 66 03 6b 07 00 ff 66 03 00 ff 66 03 00 ff 66 03 7e ff 
[1786974250769] 6d 71 7e dc 7d 07 01 71 7e db 7d 07 65 66 03 30 12 00 ff 66 03 30 12 69 07 00 ff 66 03 30 12 00 ff 66 03 30 12 3e 45 00 ff 66 03 30 12 ad 0d 00 ff 66 03 34 12 5b 45 6a 07 00 ff 66 03 6c 07 00 ff 66 03 6a 07 00 ff 66 03 00 ff 66 03 b3 01 00 ff 66 03 b8 11 3f 45 00 ff 66 03 b3 11 e5 07 69 07 00 ff 66 03 b3 11 00 ff 66 03 b3 11 00 ff 66 03 b3 11 00 ff 66 03 b3 11 00 ff 66 03 b3 11 00 ff 66 03 b3 11 6c 07 7e ff 
[1786974250870] 6d 71 7e db 7d 07 01 71 7e da 7d 07 65 98 01 f7 04 00 ff 98 01 29 19 00 ff 98 01 f7 04 00 ff 98 01 f7 04 00 ff 98 01 fa 04 70 21 00 ff 66 03 33 12 e6 07 00 ff 66 03 00 ff 66 03 00 ff 66 03 62 00 68 02 00 80 64 03 8c 00 60 51 4f 5f 00 00 00 00 d7 37 00 00 00 00 02 01 ff 00 01 00 ff 66 03 00 ff 66 03 b4 11 3d 08 00 ff a3 11 00 ff a5 11 00 ff a7 11 e6 21 00 ff f5 11 e5 21 00 ff a3 11 e4 21 00 ff aa 11 de 07 00 ff a3 11 26 0e 7e ff 
[1786974250970] 6d 71 7e da 7d 07 01 71 7e d9 7d 07 65 98 01 d9 15 00 ff 98 01 d9 15 eb 09 00 ff 98 01 d9 15 00 ff 98 01 da 15 00 ff 98 01 f6 04 00 ff 66 03 33 12 de 09 00 ff 66 03 00 ff 66 03 00 ff 66 03 00 ff 66 03 00 ff 66 03 b4 11 00 ff ac 11 00 ff a3 11 00 ff f5 11 e7 21 00 ff a3 11 e8 21 00 ff f5 11 e3 21 00 ff a9 11 00 ff a6 11 00 ff 98 01 f7 04 00 ff 98 01 29 19 00 ff 98 01 f7 04 00 ff 98 01 fa 04 70 21 0e ff bc 13 00 ff bc 13 00 ff bc 13 00 ff ba 13 68 ff 
[1786974251075] 6d 71 7e d9 7d 07 01 71 7e d8 7d 07 65 98 01 d6 15 00 ff 98 01 d6 15 00 ff 98 01 d6 15 00 ff 98 01 d7 15 00 ff 98 01 2a 19 00 ff 66 03 33 12 a5 0b 00 ff 66 03 00 ff 66 03 00 ff 66 03 00 ff 66 03 b8 11 00 ff 66 03 bc 11 00 ff a6 11 00 ff a3 11 21 0e 00 ff a8 11 e0 21 00 ff f5 11 e1 21 00 ff a3 11 e2 21 00 ff ae 11 00 ff a3 11 4a 18 00 ff 98 01 00 ff 98 01 00 ff 98 01 00 ff 98 01 f6 04 09 ff 0f 1f 04 ff 80 04 00 ff 80 04 00 ff 80 04 00 ff b9 13 68 ff 
[1786974251189] 6d 71 7e d8 7d 07 01 70 7e d8 7d 07 68 98 01 d5 15 61 00 00 00 00 00 66 02 00 80 02 05 00 46 72 6f 64 6f 64 02 80 00 3a 44 6d 73 00 00 00 00 d7 37 00 00 00 00 00 02 02 ff 00 01 00 ff 98 01 d8 15 00 ff 98 01 f7 04 71 0b 00 ff 66 03 30 12 00 ff 66 03 00 ff 66 03 00 ff 66 03 00 ff 66 03 00 ff 66 03 60 06 00 ff 98 01 00 ff 98 01 00 ff 98 01 83 09 00 00 ff 98 01 00 ff 98 01 83 09 00 00 ff 98 01 00 ff 98 01 f7 04 05 ff b7 01 6a 08 00 ff 98 01 00 ff 98 01 02 05 00 ff 98 01 84 09 00 00 ff 98 01 00 ff 98 01 84 09 00 00 ff 98 01 00 ff 80 04 00 ff bc 13 06 ff 81 04 00 ff 80 04 00 ff 80 04 00 ff 80 04 00 ff 80 04 00 ff 80 04 46 ff 
[1786974251349] 6d 71 7e d4 7d 07 01 71 7e d5 7d 07 
[1786974251601] a9 00 01 95 00 41 63 74 69 76 65 20 52 65 73 74 69 6e 67 20 41 72 65 61 20 42 6f 6e 75 73 65 73 3a 20 0a 44 6f 75 62 6c 65 20 48 69 74 20 50 6f 69 6e 74 73 20 52 65 67 65 6e 65 72 61 74 69 6f 6e 2c 0a 44 6f 75 62 6c 65 20 4d 61 6e 61 20 50 6f 69 6e 74 73 20 52 65 67 65 6e 65 72 61 74 69 6f 6e 2c 0a 53 74 61 6d 69 6e 61 20 50 6f 69 6e 74 73 20 52 65 67 65 6e 65 72 61 74 69 6f 6e 2c 0a 53 6f 75 6c 20 50 6f 69 6e 74 73 20 52 65 67 65 6e 65 72 61 74 69 6f 6e 2e 
[1786974251601] a2 40 10 00 00 00 00 00 00 00 
[1786974252049] 6d 68 7e d2 7d 07 02 68 7e d3 7d 07 
[1786974252606] 1d 
[1786974253087] 1e 
[1786974253155] 6a 6b 7e d3 7d 06 01 62 00 0e 01 00 80 64 02 80 00 73 00 43 72 00 00 00 00 d7 37 00 00 00 00 02 02 ff 00 01 
[1786974253167] 6d 70 7e d8 7d 07 01 6f 7e d8 7d 07 68 98 01 10 09 00 ff 98 01 10 09 6f 0b 00 ff 98 01 29 19 00 ff 66 03 30 12 00 ff 66 03 00 ff 66 03 6a 07 00 ff 66 03 00 ff 66 03 00 ff 66 03 60 06 00 ff 98 01 00 ff 98 01 00 ff 98 01 00 ff 98 01 00 ff 98 01 00 ff 98 01 f6 04 00 ff 98 01 fe 04 05 ff b7 01 6a 08 00 ff 98 01 00 ff 98 01 02 05 5e 0b 00 ff 98 01 83 09 00 00 ff 98 01 00 ff 98 01 83 09 00 00 ff 98 01 00 ff 80 04 00 ff bc 13 06 ff 81 04 00 ff 80 04 00 ff 80 04 00 ff 80 04 00 ff 80 04 00 ff 80 04 46 ff 
[1786974253356] 6d 71 7e d5 7d 07 01 70 7e d5 7d 07 
[1786974253434] 6d 6f 7e d8 7d 07 01 6e 7e d8 7d 07 68 98 01 00 ff 98 01 00 ff 98 01 f7 04 00 ff 66 03 30 12 00 ff 66 03 00 ff 66 03 00 ff 66 03 00 ff 66 03 36 12 00 ff 66 03 33 12 02 05 5e 0b 00 ff 98 01 00 ff 98 01 00 ff 98 01 00 ff 98 01 00 ff 98 01 00 ff 98 01 a5 0b 00 ff 98 01 f7 04 05 ff b7 01 6a 08 00 ff 98 01 00 ff 98 01 60 06 00 ff 98 01 00 ff 98 01 00 ff 98 01 00 ff 98 01 00 ff 80 04 00 ff bc 13 06 ff 81 04 00 ff 80 04 00 ff 80 04 00 ff 80 04 00 ff 80 04 00 ff 80 04 46 ff 
[1786974253534] 6d 6e 7e d8 7d 07 01 6d 7e d8 7d 07 68 98 01 59 06 00 ff 98 01 f6 04 00 ff 98 01 fe 04 e9 17 00 ff 66 03 30 12 00 ff 66 03 00 ff 66 03 ff 0d 12 6b 07 00 ff 66 03 00 ff 66 03 32 12 d6 14 00 ff 67 00 02 05 00 ff 98 01 a6 0b 00 ff 98 01 6f 0b 82 09 00 00 ff 98 01 04 05 00 ff 98 01 9b 07 00 ff 98 01 00 ff 98 01 a5 0b 00 ff 98 01 29 19 00 ff ba 13 04 ff b7 01 6a 08 00 ff 98 01 00 ff 98 01 02 05 00 ff 98 01 00 ff 98 01 00 ff 98 01 00 ff 98 01 00 ff 80 04 00 ff bc 13 06 ff 81 04 00 ff 80 04 00 ff 80 04 00 ff 80 04 00 ff 80 04 00 ff 80 04 46 ff 
[1786974253610] 83 6d 7e d8 7d 07 03 0f 00 01 00 
[1786974253610] a4 06 00 d0 07 00 00 
[1786974253610] a9 00 01 95 00 41 63 74 69 76 65 20 52 65 73 74 69 6e 67 20 41 72 65 61 20 42 6f 6e 75 73 65 73 3a 20 0a 44 6f 75 62 6c 65 20 48 69 74 20 50 6f 69 6e 74 73 20 52 65 67 65 6e 65 72 61 74 69 6f 6e 2c 0a 44 6f 75 62 6c 65 20 4d 61 6e 61 20 50 6f 69 6e 74 73 20 52 65 67 65 6e 65 72 61 74 69 6f 6e 2c 0a 53 74 61 6d 69 6e 61 20 50 6f 69 6e 74 73 20 52 65 67 65 6e 65 72 61 74 69 6f 6e 2c 0a 53 6f 75 6c 20 50 6f 69 6e 74 73 20 52 65 67 65 6e 65 72 61 74 69 6f 6e 2e 
[1786974253610] a2 40 10 00 00 00 00 00 00 00 
[1786974253610] a5 03 d0 07 00 00 
[1786974253610] a9 00 01 95 00 41 63 74 69 76 65 20 52 65 73 74 69 6e 67 20 41 72 65 61 20 42 6f 6e 75 73 65 73 3a 20 0a 44 6f 75 62 6c 65 20 48 69 74 20 50 6f 69 6e 74 73 20 52 65 67 65 6e 65 72 61 74 69 6f 6e 2c 0a 44 6f 75 62 6c 65 20 4d 61 6e 61 20 50 6f 69 6e 74 73 20 52 65 67 65 6e 65 72 61 74 69 6f 6e 2c 0a 53 74 61 6d 69 6e 61 20 50 6f 69 6e 74 73 20 52 65 67 65 6e 65 72 61 74 69 6f 6e 2c 0a 53 6f 75 6c 20 50 6f 69 6e 74 73 20 52 65 67 65 6e 65 72 61 74 69 6f 6e 2e 
[1786974253610] a2 40 10 00 00 00 00 00 00 00 
[1786974253610] 83 6d 7e d8 7d 07 06 01 ee 03 00 
[1786974253610] a0 7b 1c 00 00 7b 1c 00 00 45 52 10 00 b3 1e e1 13 01 00 00 00 8e 02 76 10 55 03 00 00 00 00 96 00 ca 26 00 00 7e 27 00 00 c8 a2 09 fb 02 00 00 d5 01 00 00 01 00 00 00 00 00 00 00 00 
[1786974253610] a1 27 00 20 00 20 00 e7 16 13 00 13 00 13 00 7b 11 0a 00 0a 00 0a 00 00 00 0a 00 0a 00 0a 00 00 00 0a 00 0a 00 0a 00 00 00 9a 00 6a 00 6a 00 91 1e 4d 00 4d 00 4d 00 11 06 0a 00 0a 00 0a 00 00 00 00 5a 3c 19 00 28 a5 14 00 7d 00 ad 01 00 04 ff ff ff 7f 00 04 57 1b 00 80 04 9f 0f 00 80 04 97 08 00 80 04 27 23 00 80 04 ff ff ff 7f 00 00 26 00 00 00 04 7c 00 00 80 04 ff ff ff 7f 00 00 07 00 04 10 03 00 80 03 04 6f 03 00 80 02 04 8c 04 00 80 01 04 f0 0a 00 80 04 04 f3 01 00 80 05 04 8c 04 00 80 06 04 f3 01 00 80 04 ff ff ff 7f 04 ff ff ff 7f 04 ff ff ff 7f 
[1786974253610] a0 7b 1c 00 00 7b 1c 00 00 45 52 10 00 b3 1e e1 13 01 00 00 00 8e 02 76 10 55 03 00 00 00 00 96 00 8e 26 00 00 7e 27 00 00 c8 a2 09 fb 02 00 00 d5 01 00 00 01 00 00 00 00 00 00 00 00 
[1786974253610] aa dd 6a 00 00 08 00 4b 75 6b 75 72 65 6a 61 00 8e 02 24 6d 7e d8 7d 07 09 00 75 74 61 6e 69 20 68 75 72 
[1786974253634] 6d 6d 7e d8 7d 07 01 6c 7e d8 7d 07 68 98 01 00 ff 98 01 89 0d 01 00 ff 98 01 3d 44 f7 04 00 ff 66 03 30 12 00 ff 66 03 00 ff 66 03 00 ff 66 03 6b 07 00 ff 66 03 32 12 00 ff ad 01 03 05 00 ff ad 01 01 05 00 ff ad 01 01 05 00 ff ad 01 08 05 00 ff ad 01 08 05 00 ff ad 01 01 05 00 ff 98 01 f6 04 00 ff 80 04 fb 04 70 21 00 ff bc 13 04 ff b7 01 6a 08 00 ff 98 01 a5 0b 00 ff 98 01 02 05 00 ff 98 01 00 ff b2 01 00 ff 98 01 00 ff 98 01 82 09 00 00 ff 80 04 00 ff bc 13 06 ff 81 04 00 ff 80 04 00 ff 80 04 00 ff 80 04 00 ff 80 04 00 ff 80 04 46 ff 
[1786974253735] 6d 6c 7e d8 7d 07 01 6b 7e d8 7d 07 68 98 01 00 ff 98 01 db 09 00 00 ff 98 01 45 44 f7 04 00 ff 66 03 30 12 00 ff 66 03 69 07 00 ff 66 03 00 ff 66 03 00 ff 66 03 32 12 0f 05 00 ff 67 00 8b 16 15 05 00 ff ad 01 30 12 0e 05 00 ff ad 01 0e 05 00 ff ad 01 0e 05 00 ff ad 01 0e 05 00 ff ad 01 37 01 0e 05 00 ff 80 04 00 ff 80 04 00 ff bc 13 04 ff bf 01 8d 04 00 ff b9 01 6c 08 88 04 00 ff b9 01 03 05 6c 08 00 ff 01 05 00 ff 98 01 26 19 00 ff 98 01 21 14 00 ff 98 01 21 14 5c 0b 00 ff 82 04 00 ff be 13 06 ff 81 04 00 ff 80 04 00 ff 80 04 00 ff 80 04 00 ff 80 04 00 ff 80 04 46 ff 
[1786974253838] 6d 6b 7e d8 7d 07 01 6a 7e d8 7d 07 68 98 01 00 ff 98 01 db 09 00 00 ff 98 01 f7 04 00 ff 66 03 30 12 00 ff 66 03 69 07 00 ff 66 03 00 ff 66 03 00 ff 66 03 32 12 0f 05 00 ff ad 01 f4 43 62 00 6b 02 00 80 64 02 92 00 55 07 0c 13 02 00 00 00 d7 37 00 00 00 00 02 01 ff 00 01 00 ff ad 01 f8 43 00 ff ad 01 00 ff ad 01 00 ff ad 01 f7 43 00 ff ad 01 f6 43 f4 43 62 00 73 02 00 80 64 03 92 00 64 64 77 73 02 00 00 00 d7 37 00 00 00 00 02 01 ff 00 01 00 ff 80 04 00 ff 80 04 00 ff bc 13 04 ff 8b 04 00 ff 86 04 00 ff 86 04 00 ff 86 04 00 ff 86 04 00 ff 86 04 00 ff 86 04 17 05 08 ff 83 04 00 ff 82 04 00 ff 82 04 00 ff 82 04 00 ff 82 04 00 ff 82 04 46 ff 
[1786974253939] 6d 6a 7e d8 7d 07 01 69 7e d8 7d 07 68 98 01 25 0b 00 a7 09 00 00 ff 98 01 db 09 00 00 ff 98 01 f7 04 00 ff 66 03 30 12 00 ff 66 03 00 ff 66 03 00 ff 66 03 00 ff 66 03 32 12 0f 05 00 ff ad 01 f5 43 00 ff ad 01 fc 43 00 ff ad 01 00 ff ad 01 00 ff ad 01 f9 43 a3 53 00 00 ff ad 01 f5 43 00 ff 80 04 00 ff 80 04 00 ff bc 13 04 ff 8b 04 00 ff 86 04 00 ff 86 04 00 ff 86 04 00 ff 86 04 00 ff 86 04 00 ff 98 01 0f 05 0c ff 11 05 00 ff 98 01 0e 05 0b ff 8d 04 00 ff 88 04 00 ff 88 04 38 ff 
[1786974254057] 6d 68 7e d3 7d 07 02 68 7e d2 7d 07 
[1786974254509] 6d 69 7e d8 7d 07 01 68 7e d8 7d 07 68 67 00 f6 04 5c 0b 00 ff 67 00 f6 04 00 ff 67 00 fb 04 70 21 00 ff 66 03 30 12 6b 07 00 ff 66 03 00 ff 66 03 00 ff 66 03 6c 07 00 ff 66 03 32 12 0f 05 00 ff ad 01 00 ff ad 01 00 ff ad 01 00 ff ad 01 00 ff ad 01 a3 53 00 00 ff ad 01 00 ff 80 04 00 ff 80 04 00 ff bc 13 04 ff 8b 04 00 ff 86 04 00 ff 86 04 00 ff 86 04 00 ff 86 04 00 ff 86 04 00 ff 86 04 0f 05 0c ff 0f 05 00 ff 98 01 11 09 ab 0d 00 0b ff 8c 04 00 ff 87 04 00 ff 87 04 38 ff 
[1786974254631] 83 5e 7e cc 7d 07 04 04 00 ff 02 00 00 
[1786974254755] 6d 68 7e d8 7d 07 01 67 7e d8 7d 07 68 98 01 31 12 d0 58 01 05 2c 25 00 ff 98 01 31 12 01 05 2c 25 00 ff 98 01 31 12 09 05 2d 25 2c 25 00 ff 66 03 35 12 5a 45 00 ff 66 03 00 ff 66 03 00 ff 66 03 00 ff 66 03 11 05 00 ff ad 01 00 ff ad 01 00 ff ad 01 00 ff ad 01 00 ff ad 01 a3 53 00 00 ff ad 01 00 ff ba 01 8b 08 6d 08 82 04 00 ff ba 01 8b 08 6d 08 82 04 00 ff c1 01 8b 08 be 13 04 ff 8b 04 00 ff 86 04 00 ff 86 04 00 ff 86 04 00 ff 86 04 00 ff 86 04 00 ff 86 04 0f 05 00 ff 8b 08 00 ff 8b 08 00 ff 8b 08 09 ff 0f 05 00 ff 98 01 11 09 0b ff 8c 04 00 ff 87 04 00 ff 87 04 38 ff 
[1786974254865] 6d 67 7e d8 7d 07 01 66 7e d8 7d 07 68 98 01 f5 83 01 00 ff 98 01 00 ff 98 01 02 05 2d 25 00 ff 66 03 3d 08 00 ff 66 03 00 ff 66 03 6b 07 00 ff 66 03 6b 07 00 ff 66 03 0f 05 00 ff ad 01 12 09 00 ff ad 01 1c 09 00 ff ad 01 19 09 00 ff ad 01 00 ff ad 01 00 ff ad 01 00 ff 98 01 00 ff 98 01 03 05 00 ff b8 01 8b 08 6b 08 03 ff 11 05 78 21 00 ff 98 01 0e 05 00 ff 98 01 0e 05 1a 22 00 ff 98 01 cb 06 00 ff 98 01 0e 05 00 ff 98 01 cb 06 00 ff 98 01 0e 05 00 ff 98 01 15 05 00 ff 8b 08 b9 13 00 ff 8b 08 ba 13 00 ff 8b 08 09 ff 0f 05 00 ff 98 01 11 09 ab 0d 00 0b ff 8c 04 00 ff 87 04 00 ff 87 04 38 ff 
[1786974254969] 6d 66 7e d8 7d 07 01 65 7e d8 7d 07 68 98 01 00 ff 98 01 00 ff 98 01 69 06 00 ff 66 03 00 ff 66 03 69 07 00 ff 66 03 6b 07 00 ff 66 03 6a 07 00 ff 66 03 0f 05 00 ff ad 01 fa 14 a6 0b 00 ff ad 01 62 00 6c 02 00 80 64 01 80 00 74 4f 75 4c 00 00 00 00 d7 37 00 00 00 00 02 02 ff 00 01 00 ff ad 01 13 09 00 ff ad 01 ad 0d 00 ff ad 01 00 ff ad 01 00 ff 98 01 00 ff 98 01 33 97 c9 00 00 00 00 00 00 00 00 02 00 00 ff b8 01 8b 08 6b 08 03 ff 0f 05 00 ff 98 01 11 09 ab 0d 00 00 ff a1 27 00 ff 98 01 00 ff 98 01 00 ff 98 01 00 ff 98 01 ad 0d 00 ff 98 01 00 ff 80 04 00 ff 8b 08 bc 13 00 ff 8b 08 02 ff 11 05 78 21 00 ff 98 01 0e 05 00 ff 98 01 0e 05 1a 22 00 ff 98 01 cb 06 00 ff 98 01 0e 05 00 ff 98 01 cb 06 00 ff 98 01 0e 05 00 ff 98 01 15 05 00 ff 98 01 0e 05 04 ff 8d 04 00 ff 88 04 00 ff 88 04 00 ff 88 04 00 ff 88 04 00 ff 88 04 00 ff 88 04 00 ff 8c 04 88 04 00 ff 87 04 00 ff 87 04 38 ff 
[1786974255099] 6d 65 7e d8 7d 07 01 64 7e d8 7d 07 68 98 01 00 ff 98 01 00 ff 98 01 69 06 00 ff 66 03 00 ff 66 03 00 ff 66 03 69 07 00 ff 66 03 00 ff 66 03 8b 16 0f 05 71 21 00 ff ad 01 12 09 00 ff ad 01 1c 09 00 ff ad 01 18 09 00 ff ad 01 00 ff ad 01 00 ff ad 01 00 ff 98 01 00 ff 98 01 33 97 0c 00 02 5e 4e 4f 00 00 00 02 00 00 ff b8 01 8b 08 6b 08 03 ff 0f 05 00 ff 98 01 11 09 00 ff 98 01 74 08 00 ff 98 01 74 08 00 ff 98 01 00 ff 98 01 00 ff 98 01 00 ff 98 01 00 ff 80 04 00 ff 8b 08 bc 13 00 ff 8b 08 02 ff 0f 05 00 ff 98 01 11 09 ab 0d 00 00 ff a1 27 00 ff 98 01 00 ff 98 01 00 ff 98 01 00 ff 98 01 ad 0d 00 ff 98 01 00 ff 98 01 04 ff 8c 04 00 ff 87 04 00 ff 87 04 00 ff 87 04 00 ff 87 04 00 ff 87 04 00 ff 87 04 00 ff 87 04 00 ff 87 04 00 ff 87 04 38 ff 
[1786974255157] 6d 6b 7e d3 7d 06 01 6c 7e d3 7d 06 
[1786974255199] 6d 64 7e d8 7d 07 01 63 7e d8 7d 07 68 98 01 07 2f 01 00 ff 98 01 00 ff 98 01 02 05 46 45 2d 25 00 ff 66 03 00 ff 66 03 69 07 00 ff 66 03 00 ff 66 03 6a 07 00 ff 66 03 8b 16 00 ff ad 01 00 ff ad 01 00 ff ad 01 00 ff ad 01 00 ff ad 01 00 ff ad 01 00 ff 98 01 00 ff 98 01 33 97 e5 00 00 00 00 00 00 00 00 02 00 00 ff b8 01 8b 08 6b 08 03 ff 0f 05 00 ff 98 01 11 09 ab 0d 00 00 ff a1 27 00 ff 98 01 00 ff 98 01 00 ff 98 01 00 ff 98 01 00 ff 98 01 11 05 00 ff 80 04 00 ff 8b 08 bc 13 00 ff 8b 08 02 ff 0f 05 00 ff 98 01 11 09 00 ff 98 01 74 08 00 ff 98 01 74 08 00 ff 98 01 00 ff 98 01 00 ff 98 01 00 ff 98 01 00 ff 98 01 04 ff 8c 04 00 ff 87 04 00 ff 87 04 00 ff 87 04 00 ff 87 04 00 ff 87 04 00 ff 87 04 00 ff 87 04 00 ff 87 04 00 ff 87 04 38 ff 
[1786974255299] 6d 63 7e d8 7d 07 01 62 7e d8 7d 07 68 98 01 87 75 01 00 ff 98 01 00 ff 98 01 02 05 2d 25 00 ff 66 03 e5 07 00 ff 66 03 6b 07 00 ff 66 03 00 ff 66 03 00 ff 66 03 8b 16 00 ff ad 01 00 ff ad 01 00 ff ad 01 00 ff ad 01 00 ff ad 01 00 ff ad 01 00 ff 98 01 00 ff 98 01 00 ff b8 01 8b 08 6b 08 03 ff 17 05 00 ff 98 01 0e 05 00 ff 98 01 0e 05 00 ff 98 01 0e 05 00 ff 98 01 00 ff 98 01 00 ff 98 01 00 ff 98 01 17 05 00 ff 80 04 00 ff 8b 08 bc 13 00 ff 8b 08 02 ff 0f 05 00 ff 98 01 11 09 ab 0d 00 00 ff a1 27 00 ff 98 01 00 ff 98 01 00 ff 98 01 00 ff 98 01 00 ff 98 01 00 ff b2 01 04 ff 8e 04 00 ff 89 04 00 ff 89 04 00 ff 89 04 00 ff 89 04 00 ff 89 04 00 ff 89 04 00 ff 89 04 00 ff 89 04 00 ff 89 04 38 ff 
[1786974255399] 6d 62 7e d8 7d 07 01 61 7e d8 7d 07 68 98 01 04 05 00 ff 66 03 01 05 00 ff 66 03 06 05 00 ff 66 03 6d 45 00 ff 66 03 62 00 1c 66 01 50 64 01 20 00 00 00 00 00 00 00 00 00 00 3e 00 00 00 00 01 00 ff 00 01 b3 01 00 ff 66 03 6b 07 00 ff 66 03 00 ff 66 03 8b 16 00 ff ad 01 00 ff ad 01 00 ff ad 01 00 ff ad 01 00 ff ad 01 00 ff ad 01 00 ff 98 01 00 ff 98 01 33 97 06 06 00 00 00 00 03 00 00 02 00 00 ff b8 01 8b 08 6e 08 03 ff 0f 05 00 ff 98 01 11 09 ab 0d 00 00 ff a1 27 00 ff 98 01 00 ff 98 01 00 ff 98 01 00 ff 98 01 3e 08 00 ff 98 01 0f 05 00 ff 80 04 00 ff 8b 08 bc 13 00 ff 8b 08 02 ff 17 05 00 ff 98 01 0e 05 00 ff 98 01 0e 05 00 ff 98 01 0e 05 00 ff 98 01 00 ff 98 01 00 ff 98 01 00 ff 98 01 11 05 00 ff 98 01 0e 05 04 ff 8b 04 00 ff 86 04 00 ff 86 04 00 ff 86 04 00 ff 86 04 00 ff 86 04 00 ff 86 04 00 ff 86 04 00 ff 86 04 00 ff 86 04 38 ff 
[1786974255511] 6d 61 7e d8 7d 07 01 60 7e d8 7d 07 68 66 03 06 05 00 ff 66 03 00 ff 66 03 3d 08 00 ff 66 03 00 ff 66 03 00 ff 66 03 00 ff 66 03 69 07 00 ff 66 03 8b 16 fb 14 00 ff ad 01 00 ff ad 01 00 ff ad 01 00 ff ad 01 00 ff ad 01 00 ff ad 01 00 ff 8b 08 01 05 00 ff 8b 08 01 05 00 ff c2 01 8b 08 03 ff 0f 05 00 ff 98 01 11 09 00 ff 98 01 74 08 00 ff 98 01 74 08 00 ff 98 01 00 ff 98 01 00 ff 98 01 00 ff 98 01 0f 05 00 ff 80 04 00 ff 8b 08 bc 13 00 ff 8b 08 02 ff 0f 05 00 ff 98 01 11 09 ab 0d 00 00 ff a1 27 00 ff 98 01 00 ff 98 01 00 ff 98 01 00 ff 98 01 3e 08 00 ff 98 01 0f 05 00 ff 98 01 11 09 ab 0d 00 04 ff 8b 04 00 ff 86 04 00 ff 86 04 00 ff 86 04 00 ff 86 04 00 ff 86 04 00 ff 86 04 00 ff 86 04 00 ff 86 04 00 ff 86 04 38 ff 
[1786974255627] 6d 60 7e d8 7d 07 01 5f 7e d8 7d 07 68 66 03 00 ff 66 03 00 ff 66 03 00 ff 66 03 69 07 00 ff 66 03 00 ff 66 03 00 ff 66 03 00 ff 66 03 8b 16 0f 05 70 21 00 ff ad 01 95 6f 00 ff ad 01 00 ff ad 01 00 ff ad 01 00 ff ad 01 00 ff ad 01 06 ff 0f 05 00 ff 98 01 11 09 ab 0d 00 00 ff a1 27 00 ff 98 01 00 ff 98 01 00 ff 98 01 ca 64 00 ff 98 01 de 09 00 ff 98 01 0f 05 00 ff 82 04 00 ff be 13 03 ff 0f 05 00 ff 98 01 11 09 00 ff 98 01 74 08 00 ff 98 01 74 08 00 ff 98 01 00 ff 98 01 00 ff 98 01 00 ff 98 01 0f 05 00 ff 98 01 11 09 04 ff 8b 04 00 ff 86 04 00 ff 86 04 00 ff 86 04 00 ff 86 04 00 ff 86 04 00 ff 86 04 00 ff 86 04 00 ff 86 04 00 ff 86 04 38 ff 
[1786974255727] 6d 5f 7e d8 7d 07 01 5e 7e d8 7d 07 68 98 01 ba 01 21 14 2c 25 00 ff 98 01 ba 01 21 14 2c 25 00 ff 98 01 c1 01 05 05 2d 25 2c 25 00 ff 66 03 34 12 6a 07 00 ff 66 03 00 ff 66 03 00 ff 66 03 00 ff 66 03 10 05 70 21 00 ff 66 03 0e 05 00 ff 66 03 12 05 00 ff ad 01 00 ff ad 01 00 ff ad 01 00 ff ad 01 00 ff b9 13 00 ff b9 13 00 ff ba 13 03 ff 10 05 70 21 00 ff 86 04 0e 05 00 ff 86 04 0e 05 00 ff 86 04 0e 05 00 ff 86 04 0e 05 00 ff 86 04 0e 05 00 ff 86 04 0e 05 00 ff 86 04 15 05 05 ff 0f 05 00 ff 98 01 11 09 ab 0d 00 00 ff a1 27 00 ff 98 01 00 ff 98 01 00 ff 98 01 00 ff 98 01 de 09 00 ff 98 01 0f 05 00 ff 98 01 11 09 ab 0d 00 04 ff 8b 04 00 ff 86 04 00 ff 86 04 00 ff 86 04 00 ff 86 04 00 ff 86 04 00 ff 86 04 00 ff 86 04 00 ff 86 04 00 ff 86 04 38 ff 
[1786974255827] 6d 5e 7e d8 7d 07 01 5d 7e d8 7d 07 68 98 01 00 ff 98 01 00 ff 98 01 b8 01 02 05 2d 25 00 ff 66 03 30 12 69 07 00 ff 66 03 00 ff 66 03 00 ff 66 03 00 ff 66 03 00 ff 66 03 3d 08 00 ff 66 03 0f 05 00 ff ad 01 95 6f 00 ff ad 01 fb 14 00 ff ad 01 00 ff ad 01 00 ff 80 04 00 ff 80 04 00 ff bc 13 03 ff 8a 04 00 ff 85 04 00 ff 8b 04 85 04 00 ff 86 04 00 ff 86 04 00 ff 86 04 00 ff 86 04 00 ff 86 04 05 ff 10 05 70 21 00 ff 0e 05 00 ff 0e 05 00 ff 0e 05 00 ff 0e 05 00 ff cb 06 00 ff 0e 05 00 ff 15 05 00 ff 0e 05 04 ff 8b 04 00 ff 86 04 00 ff 86 04 00 ff 86 04 00 ff 86 04 00 ff 86 04 00 ff 86 04 00 ff 86 04 00 ff 86 04 00 ff 86 04 38 ff 
[1786974255927] 6d 5d 7e d8 7d 07 01 5c 7e d8 7d 07 68 98 01 eb 98 00 00 ff 98 01 00 ff 98 01 b8 01 1f 14 2d 25 00 ff 66 03 30 12 6a 07 00 ff 66 03 00 ff 66 03 00 ff 66 03 00 ff 66 03 00 ff 66 03 00 ff 66 03 10 05 00 ff 66 03 0e 05 00 ff 66 03 0e 05 78 21 00 ff 66 03 8d 16 00 ff 66 03 8d 16 00 ff 80 04 00 ff 80 04 00 ff bc 13 05 ff 8b 04 00 ff 86 04 00 ff 86 04 00 ff 86 04 00 ff 86 04 00 ff 86 04 12 ff 8a 04 00 ff 85 04 00 ff 85 04 00 ff 85 04 00 ff 85 04 00 ff 85 04 00 ff 85 04 00 ff 85 04 00 ff 85 04 00 ff 85 04 38 ff 
[1786974255957] 6d 59 7e d6 7d 07 01 5a 7e d6 7d 07 
[1786974256027] 6d 5c 7e d8 7d 07 01 5b 7e d8 7d 07 68 98 01 ec 98 00 22 09 00 ff 98 01 1c 09 eb 98 00 00 ff 98 01 b8 01 1f 14 2d 25 00 ff 66 03 30 12 00 ff 66 03 00 ff 66 03 6b 07 00 ff 66 03 00 ff 66 03 00 ff 66 03 00 ff 66 03 00 ff 66 03 00 ff 66 03 00 ff 66 03 00 ff 66 03 00 ff 80 04 00 ff 80 04 00 ff bc 13 05 ff 8a 04 00 ff 85 04 00 ff 85 04 00 ff 85 04 00 ff 85 04 00 ff 85 04 54 ff 
[1786974256129] 6d 5b 7e d8 7d 07 01 5a 7e d8 7d 07 68 98 01 00 ff 98 01 00 ff 98 01 b8 01 02 05 2d 25 00 ff 66 03 35 12 de 09 00 ff 66 03 69 07 00 ff 66 03 69 07 00 ff 66 03 00 ff 66 03 00 ff 66 03 00 ff 66 03 00 ff 66 03 00 ff 66 03 00 ff 66 03 00 ff 66 03 00 ff 80 04 00 ff 80 04 00 ff bc 13 5f ff 
[1786974256229] 6d 5a 7e d8 7d 07 01 5a 7e d9 7d 07 67 66 03 00 ff 66 03 00 ff 66 03 8d 16 00 ff ad 01 00 ff ad 01 00 ff ad 01 00 ff ad 01 00 ff ad 01 00 ff ad 01 00 ff ad 01 00 ff ad 01 00 ff ad 01 00 ff ad 01 00 ff ad 01 10 05 00 ff ad 01 0f 05 00 ff ad 01 0f 05 00 ff ad 01 0f 05 00 ff ad 01 14 05 01 ff 85 04 00 ff 86 04 00 ff 86 04 00 ff 86 04 0e 05 00 ff 98 01 11 09 ab 0d 00 00 ff 98 01 11 09 00 ff 98 01 11 09 ab 0d 00 00 ff 98 01 15 05 00 ff 98 01 9b 07 00 ff 98 01 00 ff 98 01 00 ff 98 01 0e 05 00 ff 98 01 11 09 ab 0d 00 00 ff 98 01 11 09 00 ff 98 01 11 09 ab 0d 00 00 ff 98 01 15 05 00 ff 0e 05 21 14 5c 0b 03 ff 0e 05 00 ff a1 27 00 ff 98 01 74 08 00 ff a1 27 00 ff 98 01 0e 05 00 ff 98 01 00 ff 98 01 00 ff 98 01 00 ff 98 01 0e 05 00 ff a1 27 00 ff 98 01 74 08 00 ff a1 27 00 ff 98 01 0e 05 1a 22 00 ff 82 04 00 ff 80 04 02 ff 85 04 00 ff 86 04 00 ff 86 04 00 ff 86 04 00 ff 86 04 00 ff 86 04 00 ff 89 04 00 ff 87 04 00 ff 87 04 00 ff 87 04 00 ff 87 04 00 ff 87 04 00 ff 87 04 00 ff 88 04 4a ff 
[1786974256446] 6d 5a 7e d9 7d 07 02 5a 7e da 7d 07 67 66 03 00 ff 66 03 00 ff 66 03 8d 16 00 ff ad 01 00 ff ad 01 00 ff ad 01 00 ff ad 01 00 ff ad 01 00 ff ad 01 00 ff ad 01 00 ff ad 01 00 ff ad 01 00 ff ad 01 17 05 00 ff ad 01 14 05 00 ff ad 01 11 09 ab 0d 00 00 ff ad 01 11 09 00 ff ad 01 11 09 ab 0d 00 00 ff 66 03 15 05 01 ff 85 04 00 ff 86 04 00 ff 86 04 00 ff 86 04 0e 05 00 ff a1 27 00 ff 98 01 74 08 00 ff a1 27 00 ff 98 01 0e 05 00 ff 98 01 00 ff 98 01 00 ff b2 01 00 ff 98 01 0e 05 00 ff a1 27 00 ff 98 01 74 08 00 ff a1 27 00 ff 98 01 15 05 00 ff 0e 05 21 14 03 ff cb 06 00 ff 98 01 00 ff 98 01 74 08 00 ff 98 01 00 ff 98 01 0e 05 78 21 00 ff 98 01 00 ff 98 01 00 ff 98 01 00 ff 98 01 0e 05 78 21 00 ff 98 01 00 ff 98 01 74 08 00 ff 98 01 00 ff 98 01 cb 06 00 ff 82 04 00 ff 80 04 02 ff 85 04 00 ff 86 04 00 ff 86 04 00 ff 86 04 00 ff 86 04 00 ff 86 04 00 ff 89 04 00 ff 87 04 00 ff 87 04 00 ff 87 04 00 ff 87 04 00 ff 87 04 00 ff 87 04 00 ff 88 04 4a ff 
[1786974256446] 5d 09 01 ed 98 00 02 01 0d 00 50 6f 77 65 72 66 75 6c 20 56 6f 69 64 33 00 ae e7 02 00 00 01 11 00 50 6f 77 65 72 66 75 6c 20 45 70 69 70 68 61 6e 79 42 00 ae e7 02 00 00 03 e5 5b 09 00 00 00 00 00 00 00 80 01 01 13 00 42 61 73 69 63 20 46 65 61 74 68 65 72 77 65 69 67 68 74 4c 00 1d 70 00 00 00 04 74 7f 00 02 01 12 00 50 6f 77 65 72 66 75 6c 20 56 61 6d 70 69 72 69 73 6d 30 00 49 22 03 00 00 01 14 00 50 6f 77 65 72 66 75 6c 20 44 72 61 67 6f 6e 20 48 69 64 65 24 00 49 22 03 00 00 05 ee 98 0b 00 00 00 00 ee 01 00 00 00 00 00 00 00 06 28 85 00 03 01 0d 00 50 6f 77 65 72 66 75 6c 20 56 6f 69 64 33 00 84 f9 02 00 00 01 0f 00 50 6f 77 65 72 66 75 6c 20 53 74 72 69 6b 65 03 00 84 f9 02 00 00 01 12 00 50 6f 77 65 72 66 75 6c 20 56 61 6d 70 69 72 69 73 6d 30 00 84 f9 02 00 00 07 bd 8a 00 00 08 81 7b 00 01 00 0a 79 65 00 0b 64 5b 00 00 
[1786974256446] 5e 01 00 01 00 00 00 e0 a5 01 00 00 
[1786974256446] 92 a2 00 00 10 00 
[1786974256446] a9 01 01 95 00 41 63 74 69 76 65 20 52 65 73 74 69 6e 67 20 41 72 65 61 20 42 6f 6e 75 73 65 73 3a 20 0a 44 6f 75 62 6c 65 20 48 69 74 20 50 6f 69 6e 74 73 20 52 65 67 65 6e 65 72 61 74 69 6f 6e 2c 0a 44 6f 75 62 6c 65 20 4d 61 6e 61 20 50 6f 69 6e 74 73 20 52 65 67 65 6e 65 72 61 74 69 6f 6e 2c 0a 53 74 61 6d 69 6e 61 20 50 6f 69 6e 74 73 20 52 65 67 65 6e 65 72 61 74 69 6f 6e 2c 0a 53 6f 75 6c 20 50 6f 69 6e 74 73 20 52 65 67 65 6e 65 72 61 74 69 6f 6e 2e 
[1786974256446] a2 40 50 00 00 00 00 00 00 00 
[1786974256446] b4 15 3a 00 49 6e 20 70 72 6f 74 65 63 74 69 6f 6e 20 7a 6f 6e 65 2e 20 52 65 63 68 61 72 67 69 6e 67 20 31 30 20 73 74 61 6d 69 6e 61 20 65 76 65 72 79 20 35 20 6d 69 6e 75 74 65 73 2e 
[1786974256550] 6d 5a 7e da 7d 07 01 5a 7e db 7d 07 67 66 03 00 ff 66 03 b3 01 00 ff 66 03 0e 05 77 21 00 ff ad 01 00 ff ad 01 00 ff ad 01 00 ff ad 01 00 ff ad 01 00 ff ad 01 00 ff ad 01 00 ff ad 01 00 ff ad 01 00 ff ad 01 9b 07 00 ff ad 01 0e 05 00 ff a1 27 00 ff ad 01 74 08 00 ff a1 27 00 ff ad 01 15 05 01 ff 85 04 00 ff 86 04 00 ff 86 04 00 ff 86 04 0e 05 00 ff 98 01 00 ff 98 01 74 08 00 ff 98 01 00 ff 98 01 0e 05 78 21 00 ff 98 01 00 ff 98 01 00 ff 98 01 00 ff 98 01 0e 05 78 21 00 ff 98 01 00 ff 98 01 74 08 00 ff 98 01 00 ff 98 01 cb 06 00 ff 21 14 03 ff 0e 05 5c 0b 00 ff 98 01 00 ff 98 01 00 ff 98 01 00 ff 98 01 00 ff 98 01 00 ff 98 01 00 ff 98 01 00 ff 98 01 00 ff 98 01 00 ff 98 01 00 ff 98 01 00 ff 98 01 0e 05 00 ff 82 04 00 ff 80 04 02 ff 85 04 00 ff 86 04 00 ff 86 04 00 ff 86 04 00 ff 86 04 00 ff 86 04 00 ff 89 04 00 ff 87 04 00 ff 87 04 00 ff 87 04 00 ff 87 04 00 ff 87 04 00 ff 87 04 00 ff 88 04 4a ff 
[1786974256609] a9 01 01 95 00 41 63 74 69 76 65 20 52 65 73 74 69 6e 67 20 41 72 65 61 20 42 6f 6e 75 73 65 73 3a 20 0a 44 6f 75 62 6c 65 20 48 69 74 20 50 6f 69 6e 74 73 20 52 65 67 65 6e 65 72 61 74 69 6f 6e 2c 0a 44 6f 75 62 6c 65 20 4d 61 6e 61 20 50 6f 69 6e 74 73 20 52 65 67 65 6e 65 72 61 74 69 6f 6e 2c 0a 53 74 61 6d 69 6e 61 20 50 6f 69 6e 74 73 20 52 65 67 65 6e 65 72 61 74 69 6f 6e 2c 0a 53 6f 75 6c 20 50 6f 69 6e 74 73 20 52 65 67 65 6e 65 72 61 74 69 6f 6e 2e 
[1786974256609] a2 40 50 00 00 00 00 00 00 00 
[1786974256609] a9 01 01 95 00 41 63 74 69 76 65 20 52 65 73 74 69 6e 67 20 41 72 65 61 20 42 6f 6e 75 73 65 73 3a 20 0a 44 6f 75 62 6c 65 20 48 69 74 20 50 6f 69 6e 74 73 20 52 65 67 65 6e 65 72 61 74 69 6f 6e 2c 0a 44 6f 75 62 6c 65 20 4d 61 6e 61 20 50 6f 69 6e 74 73 20 52 65 67 65 6e 65 72 61 74 69 6f 6e 2c 0a 53 74 61 6d 69 6e 61 20 50 6f 69 6e 74 73 20 52 65 67 65 6e 65 72 61 74 69 6f 6e 2c 0a 53 6f 75 6c 20 50 6f 69 6e 74 73 20 52 65 67 65 6e 65 72 61 74 69 6f 6e 2e 
[1786974256609] a2 40 50 00 00 00 00 00 00 00 
[1786974256650] 6d 5a 7e db 7d 07 01 5a 7e dc 7d 07 67 66 03 00 ff 66 03 00 ff 66 03 0e 05 00 ff ad 01 00 ff ad 01 00 ff ad 01 00 ff ad 01 00 ff ad 01 00 ff ad 01 00 ff ad 01 00 ff ad 01 00 ff ad 01 00 ff ad 01 00 ff ad 01 0e 05 78 21 00 ff ad 01 00 ff ad 01 74 08 00 ff ad 01 00 ff ad 01 15 05 01 ff 85 04 00 ff 86 04 00 ff 86 04 00 ff 86 04 0e 05 5c 0b 00 ff 98 01 00 ff 98 01 00 ff 98 01 00 ff 98 01 00 ff 98 01 00 ff 98 01 00 ff 98 01 00 ff 98 01 00 ff 98 01 00 ff 98 01 00 ff 98 01 00 ff 98 01 15 05 00 ff 98 01 08 05 03 ff cb 06 00 ff 98 01 00 ff 98 01 74 08 00 ff 98 01 00 ff 0e 05 77 21 00 ff 98 01 00 ff 98 01 00 ff 98 01 00 ff 98 01 0e 05 77 21 00 ff 98 01 00 ff 98 01 74 08 00 ff 98 01 00 ff 98 01 0e 05 00 ff 82 04 00 ff 80 04 02 ff 85 04 00 ff 86 04 00 ff 86 04 00 ff 86 04 00 ff 86 04 00 ff 86 04 00 ff 89 04 00 ff 87 04 00 ff 87 04 00 ff 87 04 00 ff 87 04 00 ff 87 04 00 ff 87 04 00 ff 88 04 4a ff 
[1786974256750] 6d 5a 7e dc 7d 07 01 5a 7e dd 7d 07 67 66 03 00 ff 66 03 00 ff 66 03 0e 05 5c 0b 00 ff ad 01 16 09 00 ff ad 01 13 09 00 ff ad 01 1b 09 00 ff ad 01 00 ff ad 01 00 ff ad 01 00 ff ad 01 00 ff ad 01 00 ff ad 01 00 ff ad 01 00 ff ad 01 00 ff ad 01 00 ff ad 01 00 ff ad 01 00 ff ad 01 15 05 01 ff 85 04 00 ff 86 04 00 ff 86 04 00 ff 86 04 0e 05 00 ff 98 01 00 ff 98 01 74 08 00 ff 98 01 00 ff 98 01 0e 05 77 21 00 ff 98 01 00 ff 98 01 00 ff 98 01 00 ff 98 01 0e 05 77 21 00 ff 98 01 00 ff 98 01 74 08 00 ff 98 01 00 ff 98 01 cb 06 00 ff 98 01 01 05 03 ff 0e 05 00 ff a1 27 00 ff 98 01 74 08 00 ff a1 27 00 ff 98 01 0e 05 00 ff 98 01 00 ff 98 01 00 ff 98 01 00 ff 98 01 0e 05 00 ff a1 27 00 ff 98 01 74 08 00 ff a1 27 00 ff 98 01 cb 06 00 ff 82 04 00 ff 80 04 02 ff 85 04 00 ff 86 04 00 ff 86 04 00 ff 86 04 00 ff 86 04 00 ff 86 04 00 ff 89 04 00 ff 87 04 00 ff 87 04 00 ff 87 04 00 ff 87 04 00 ff 87 04 00 ff 87 04 00 ff 88 04 4a ff 
[1786974256855] 6d 5a 7e dd 7d 07 01 5a 7e de 7d 07 67 66 03 00 ff 66 03 00 ff 66 03 0e 05 00 ff ad 01 29 09 e3 0b 03 00 ff ad 01 00 ff ad 01 12 09 00 ff ad 01 00 ff ad 01 00 ff ad 01 00 ff ad 01 00 ff ad 01 00 ff ad 01 00 ff ad 01 00 ff ad 01 0e 05 77 21 00 ff ad 01 00 ff ad 01 74 08 00 ff ad 01 00 ff ad 01 15 05 01 ff 85 04 00 ff 86 04 00 ff 86 04 00 ff 86 04 0e 05 00 ff a1 27 00 ff 98 01 74 08 00 ff a1 27 00 ff 98 01 0e 05 00 ff 98 01 00 ff 98 01 00 ff 98 01 00 ff 98 01 0e 05 00 ff a1 27 00 ff 98 01 74 08 00 ff a1 27 00 ff 98 01 15 05 00 ff 0e 05 21 14 03 ff 0e 05 00 ff 98 01 11 09 a9 0d 00 00 ff 98 01 11 09 00 ff 98 01 11 09 a9 0d 00 00 ff 98 01 0e 05 00 ff 98 01 de 09 00 ff 98 01 00 ff 98 01 3e 08 00 ff 98 01 0e 05 00 ff 98 01 11 09 a9 0d 00 00 ff 98 01 11 09 00 ff 98 01 11 09 a9 0d 00 00 ff 98 01 0e 05 1a 22 00 ff 82 04 00 ff 80 04 02 ff 85 04 00 ff 86 04 00 ff 86 04 00 ff 86 04 00 ff 86 04 00 ff 86 04 00 ff 89 04 00 ff 87 04 00 ff 87 04 00 ff 87 04 00 ff 87 04 00 ff 87 04 00 ff 87 04 00 ff 88 04 4a ff 
[1786974256955] 6d 5a 7e de 7d 07 01 5b 7e de 7d 07 66 66 03 6b 07 00 ff 66 03 32 12 00 ff ad 01 03 05 00 ff ad 01 01 05 00 ff ad 01 01 05 00 ff ad 01 08 05 00 ff ad 01 08 05 00 ff ad 01 01 05 00 ff a3 11 01 05 5c 0b 00 ff a3 11 01 05 00 ff a3 11 01 05 00 ff a3 11 01 05 00 ff a6 11 08 05 00 ff a3 11 01 05 01 ff b7 01 6a 08 00 ff 98 01 a5 0b 00 ff 98 01 02 05 00 ff 98 01 00 ff b2 01 00 ff 98 01 00 ff 98 01 82 09 00 00 ff 98 01 86 09 00 00 ff 98 01 87 09 00 00 ff 98 01 88 09 00 00 ff 98 01 02 05 00 ff 98 01 38 09 00 ff 98 01 0f 09 02 ff 81 04 00 ff 80 04 00 ff 80 04 00 ff 80 04 00 ff 80 04 00 ff 80 04 00 ff 80 04 00 ff 80 04 00 ff 80 04 00 ff 80 04 00 ff 80 04 00 ff 80 04 46 ff 
[1786974257142] 6d 5b 7e de 7d 07 01 5c 7e de 7d 07 66 66 03 00 ff 66 03 32 12 d6 14 00 ff 67 00 02 05 00 ff 98 01 a6 0b 00 ff 98 01 6f 0b 82 09 00 00 ff 98 01 04 05 00 ff 98 01 9b 07 00 ff 98 01 00 ff 98 01 82 09 00 00 ff 98 01 86 09 00 00 ff 98 01 87 09 00 00 ff 98 01 88 09 00 00 ff 98 01 02 05 00 ff 98 01 01 ff b7 01 6a 08 00 ff 98 01 00 ff 98 01 02 05 00 ff 98 01 00 ff 98 01 00 ff 98 01 00 ff 98 01 00 ff 98 01 00 ff 98 01 00 ff 98 01 00 ff 98 01 20 14 5e 0b 00 ff 98 01 00 ff 98 01 02 ff 81 04 00 ff 80 04 00 ff 80 04 00 ff 80 04 00 ff 80 04 00 ff 80 04 00 ff 80 04 00 ff 80 04 00 ff 80 04 00 ff 80 04 00 ff 80 04 00 ff 80 04 46 ff 
[1786974257245] 6d 5c 7e de 7d 07 01 5d 7e de 7d 07 66 66 03 00 ff 66 03 36 12 00 ff 66 03 33 12 02 05 5e 0b 00 ff 98 01 00 ff 98 01 00 ff 98 01 00 ff 98 01 00 ff 98 01 00 ff 98 01 00 ff 98 01 00 ff 98 01 00 ff 98 01 00 ff 98 01 20 14 00 ff 98 01 01 ff b7 01 6a 08 00 ff 98 01 00 ff 98 01 60 06 00 ff 98 01 00 ff 98 01 00 ff 98 01 00 ff 98 01 00 ff 98 01 00 ff 98 01 00 ff 98 01 00 ff 98 01 61 06 00 ff 98 01 00 ff 98 01 02 ff 81 04 00 ff 80 04 00 ff 80 04 00 ff 80 04 00 ff 80 04 00 ff 80 04 00 ff 80 04 00 ff 80 04 00 ff 80 04 00 ff 80 04 00 ff 80 04 00 ff 80 04 46 ff 
[1786974257345] 6d 5d 7e de 7d 07 01 5e 7e de 7d 07 66 66 03 00 ff 66 03 00 ff 66 03 60 06 00 ff 98 01 00 ff 98 01 00 ff 98 01 00 ff 98 01 00 ff 98 01 00 ff 98 01 00 ff 98 01 00 ff 98 01 00 ff 98 01 00 ff 98 01 00 ff 98 01 01 ff b7 01 6a 08 00 ff 98 01 00 ff 98 01 02 05 5e 0b 00 ff 98 01 83 09 00 00 ff 98 01 00 ff 98 01 83 09 00 00 ff 98 01 00 ff 98 01 83 09 00 00 ff 98 01 00 ff 98 01 37 09 00 ff 98 01 20 14 5e 0b 00 ff 98 01 38 09 00 ff 98 01 0f 09 02 ff 81 04 00 ff 80 04 00 ff 80 04 00 ff 80 04 00 ff 80 04 00 ff 80 04 00 ff 80 04 00 ff 80 04 00 ff 80 04 00 ff 80 04 00 ff 80 04 00 ff 80 04 46 ff 
[1786974257448] 6d 5e 7e de 7d 07 01 5f 7e de 7d 07 66 66 03 00 ff 66 03 00 ff 66 03 60 06 00 ff 98 01 00 ff 98 01 00 ff 98 01 83 09 00 00 ff 98 01 00 ff 98 01 83 09 00 00 ff 98 01 00 ff 98 01 83 09 00 00 ff 98 01 00 ff 98 01 37 09 00 ff 98 01 20 14 00 ff 98 01 01 ff b7 01 6a 08 00 ff 98 01 00 ff 98 01 02 05 00 ff 98 01 84 09 00 00 ff 98 01 00 ff 98 01 84 09 00 00 ff 98 01 00 ff 98 01 84 09 00 00 ff 98 01 00 ff 98 01 6f 0b 0f 09 00 ff 98 01 0a 05 00 ff 98 01 01 05 00 ff 98 01 21 14 02 ff 81 04 00 ff 80 04 00 ff 80 04 00 ff 80 04 00 ff 80 04 00 ff 80 04 00 ff 80 04 00 ff 80 04 00 ff 80 04 00 ff bb 13 00 ff b9 13 00 ff b9 13 46 ff 
[1786974257549] 6d 5f 7e de 7d 07 01 60 7e de 7d 07 66 66 03 00 ff 66 03 00 ff 66 03 02 05 5e 0b 00 ff 98 01 00 ff 98 01 00 ff 98 01 84 09 00 00 ff 98 01 00 ff 98 01 84 09 00 00 ff 98 01 00 ff 98 01 84 09 00 00 ff 98 01 00 ff 98 01 6f 0b 0f 09 00 ff 98 01 f0 11 0a 05 00 ff 98 01 01 05 2c 25 01 ff b7 01 6a 08 00 ff 98 01 00 ff 98 01 02 05 00 ff 98 01 84 09 00 00 ff 98 01 00 ff 98 01 84 09 00 00 ff 98 01 00 ff 98 01 85 09 00 00 ff 98 01 00 ff 98 01 39 09 00 ff 98 01 02 05 04 ff 81 04 00 ff 80 04 00 ff 80 04 00 ff 80 04 00 ff 80 04 00 ff 80 04 00 ff 80 04 00 ff 80 04 00 ff 80 04 00 ff bc 13 00 ff 8a 04 00 ff 85 04 46 ff 
[1786974257609] 1d 
[1786974258018] 6d 60 7e de 7d 07 01 61 7e de 7d 07 66 66 03 00 ff 66 03 37 12 00 ff 66 03 31 12 02 05 00 ff 98 01 a6 0b 00 ff 98 01 00 ff 98 01 85 09 00 00 ff 98 01 00 ff 98 01 85 09 00 00 ff 98 01 00 ff 98 01 85 09 00 00 ff 98 01 00 ff 98 01 39 09 00 ff 98 01 02 05 2d 25 00 ff 68 00 01 ff b7 01 6a 08 00 ff 98 01 00 ff 98 01 04 05 00 ff 98 01 01 05 00 ff 98 01 26 19 00 ff 98 01 22 14 00 ff 98 01 26 19 00 ff 98 01 22 14 00 ff 98 01 26 19 00 ff 98 01 22 14 00 ff 98 01 05 05 01 ff 10 05 02 ff b8 13 00 ff b9 13 00 ff b9 13 b8 13 00 ff b9 13 00 ff b9 13 00 ff b9 13 00 ff b9 13 00 ff b9 13 00 ff b9 13 00 ff ba 13 00 ff 8b 04 00 ff 86 04 46 ff 
[1786974258251] 1e 
[1786974260382] 82 e5 d7 
[1786974260382] ef 11 20 
[1786974260517] aa f1 6a 00 00 08 00 4b 75 6b 75 72 65 6a 61 00 8e 02 01 61 7e de 7d 07 02 00 68 69 
[1786974260517] 6b 62 7e df 7d 07 03 63 00 73 02 00 80 00 01 
[1786974260517] 1c 00 01 73 02 00 80 03 07 03 00 79 65 73 08 02 00 6e 6f 09 03 00 62 79 65 
[1786974261517] aa f4 6a 00 00 08 00 53 75 70 70 6c 69 65 72 00 00 00 0a 62 7e df 7d 07 25 00 41 68 2c 20 61 20 63 75 73 74 6f 6d 65 72 21 20 42 65 20 67 72 65 65 74 65 64 2c 20 4b 75 6b 75 72 65 6a 61 21 
[1786974262648] 1d 
[1786974262837] aa f9 6a 00 00 08 00 53 75 70 70 6c 69 65 72 00 00 00 0a 62 7e df 7d 07 7a 00 57 68 61 74 20 61 72 65 20 79 6f 75 20 69 6e 74 65 72 65 73 74 65 64 20 69 6e 3a 20 7b 64 69 73 74 61 6e 63 65 7d 2c 20 7b 65 78 65 72 63 69 73 65 20 77 65 61 70 6f 6e 73 7d 2c 20 7b 6e 65 63 6b 6c 61 63 65 73 7d 2c 20 7b 70 6f 74 69 6f 6e 73 7d 2c 20 7b 72 69 6e 67 73 7d 2c 20 7b 72 75 6e 65 73 7d 2c 20 7b 73 75 70 70 6c 69 65 73 7d 2c 20 7b 74 6f 6f 6c 73 7d 2e 
[1786974265438] 1e 
[1786974267473] 7a 08 00 53 75 70 70 6c 69 65 72 d7 0b 00 00 1f 00 0a cb 00 0f 00 62 6f 75 6e 74 79 20 74 61 6c 69 73 6d 61 6e 4b 00 00 00 88 13 00 00 00 00 00 00 dc 17 00 05 00 61 74 6c 61 73 14 05 00 00 2c 01 00 00 00 00 00 00 27 0b 00 06 00 62 61 73 6b 65 74 b6 03 00 00 06 00 00 00 00 00 00 00 3b 0b 00 06 00 62 6f 74 74 6c 65 fa 00 00 00 03 00 00 00 00 00 00 00 7e 0d 00 05 00 62 72 6f 6f 6d 4c 04 00 00 0c 00 00 00 00 00 00 00 39 0b 00 06 00 62 75 63 6b 65 74 d0 07 00 00 04 00 00 00 00 00 00 00 5f 0b 00 0b 00 63 61 6e 64 65 6c 61 62 72 75 6d 88 13 00 00 08 00 00 00 00 00 00 00 65 0b 00 0b 00 63 61 6e 64 6c 65 73 74 69 63 6b 2c 01 00 00 02 00 00 00 00 00 00 00 99 0d 00 0b 00 63 6c 6f 73 65 64 20 74 72 61 70 34 08 00 00 18 01 00 00 00 00 00 00 e8 0c 00 07 00 63 72 6f 77 62 61 72 34 08 00 00 04 01 00 00 00 00 00 00 23 b6 00 07 00 63 72 75 73 68 65 72 1e 00 00 00 f4 01 00 00 00 00 00 00 5b 15 00 08 00 66 69 72 65 20 62 75 67 ea 0b 00 00 64 00 00 00 00 00 00 00 9b 0d 00 0b 00 66 69 73 68 69 6e 67 20 72 6f 64 52 03 00 00 96 00 00 00 00 00 00 00 84 0d 00 06 00 68 61 6d 6d 65 72 7e 04 00 00 50 00 00 00 00 00 00 00 8d 0d 00 0d 00 6b 69 74 63 68 65 6e 20 6b 6e 69 66 65 64 00 00 00 0a 00 00 00 00 00 00 00 ec 0c 00 07 00 6d 61 63 68 65 74 65 72 06 00 00 23 00 00 00 00 00 00 00 80 0d 00 04 00 70 69 63 6b 94 11 00 00 32 00 00 00 00 00 00 00 7b 0d 00 09 00 70 69 74 63 68 66 6f 72 6b c4 09 00 00 19 00 00 00 00 00 00 00 7c 0d 00 04 00 72 61 6b 65 dc 05 00 00 14 00 00 00 00 00 00 00 bb 0b 00 04 00 72 6f 70 65 08 07 00 00 32 00 00 00 00 00 00 00 85 0d 00 03 00 73 61 77 e8 03 00 00 5f 00 00 00 00 00 00 00 7d 0d 00 06 00 73 63 79 74 68 65 b8 0b 00 00 32 00 00 00 00 00 00 00 81 0d 00 06 00 73 68 6f 76 65 6c ac 0d 00 00 32 00 00 00 00 00 00 00 dd 0c 00 06 00 73 69 63 6b 6c 65 1a 04 00 00 07 00 00 00 00 00 00 00 8b 02 00 09 00 73 70 65 6c 6c 77 61 6e 64 c8 00 00 00 00 00 00 00 2b 01 00 00 8c 0d 00 05 00 73 70 6f 6f 6e 64 00 00 00 07 00 00 00 00 00 00 00 68 0b 00 05 00 74 6f 72 63 68 f4 01 00 00 02 00 00 00 00 00 00 00 5a 0b 00 05 00 77 61 74 63 68 32 00 00 00 14 00 00 00 00 00 00 00 8a 02 00 0c 00 77 61 74 65 72 69 6e 67 20 63 61 6e 52 03 00 00 32 00 00 00 00 00 00 00 56 c7 00 0c 00 77 6f 6f 64 65 6e 20 73 74 61 6b 65 00 00 00 00 88 13 00 00 00 00 00 00 a4 0d 00 04 00 77 6f 72 6d 05 00 00 00 01 00 00 00 00 00 00 00 
[1786974267473] ee 00 72 e0 a4 0a 00 00 00 00 
[1786974267473] ee 01 00 00 00 00 00 00 00 00 
[1786974267473] 7b 00 00 
[1786974267658] 1d 
[1786974270382] 82 de d7 
[1786974270382] ef 11 24 
[1786974270849] 7c 
[1786974270849] 1c 00 00 00 
[1786974271149] aa 0e 6b 00 00 08 00 53 75 70 70 6c 69 65 72 00 00 00 01 62 7e df 7d 07 0f 00 43 6f 6d 65 20 62 61 63 6b 20 73 6f 6f 6e 21 
[1786974271665] 6d 61 7e de 7d 07 02 60 7e de 7d 07 68 66 03 69 07 00 ff 66 03 8b 16 fb 14 00 ff ad 01 00 ff ad 01 00 ff ad 01 00 ff ad 01 00 ff ad 01 00 ff ad 01 00 ff ad 01 00 ff ad 01 00 ff ad 01 00 ff ad 01 00 ff ad 01 00 ff ad 01 00 ff 0f 05 00 ff 98 01 11 09 00 ff 98 01 74 08 00 ff 98 01 74 08 00 ff 98 01 00 ff 98 01 00 ff 98 01 00 ff 98 01 0f 05 00 ff 98 01 11 09 00 ff 98 01 74 08 00 ff 98 01 74 08 00 ff 98 01 00 ff 98 01 74 08 00 ff 98 01 74 08 00 ff 98 01 11 09 ab 0d 00 00 ff a1 27 00 ff 98 01 00 ff 98 01 00 ff 98 01 00 ff 98 01 3e 08 00 ff 98 01 0f 05 00 ff 98 01 11 09 ab 0d 00 00 ff a1 27 00 ff 98 01 00 ff 98 01 00 ff 98 01 00 ff a1 27 00 ff 98 01 11 09 a9 0d 00 00 ff 86 04 00 ff 86 04 00 ff 86 04 00 ff 86 04 00 ff 86 04 00 ff 86 04 00 ff 86 04 00 ff 86 04 00 ff 86 04 00 ff 86 04 00 ff 86 04 00 ff 86 04 00 ff 86 04 00 ff 86 04 38 ff 
[1786974271915] 6d 60 7e de 7d 07 01 5f 7e de 7d 07 68 66 03 00 ff 66 03 8b 16 0f 05 70 21 00 ff ad 01 95 6f 00 ff ad 01 00 ff ad 01 00 ff ad 01 00 ff ad 01 00 ff ad 01 00 ff ad 01 00 ff ad 01 00 ff ad 01 00 ff ad 01 00 ff ad 01 1b 09 00 ff ad 01 12 09 00 ff 0f 05 00 ff 98 01 11 09 ab 0d 00 00 ff a1 27 00 ff 98 01 00 ff 98 01 00 ff 98 01 ca 64 00 ff 98 01 de 09 00 ff 98 01 0f 05 00 ff 98 01 11 09 ab 0d 00 00 ff a1 27 00 ff 98 01 00 ff 98 01 00 ff 98 01 00 ff a1 27 00 ff 98 01 11 09 00 ff 98 01 74 08 00 ff 98 01 74 08 00 ff 98 01 00 ff 98 01 00 ff 98 01 00 ff 98 01 0f 05 00 ff 98 01 11 09 00 ff 98 01 74 08 00 ff 98 01 74 08 00 ff 98 01 00 ff 98 01 74 08 00 ff 98 01 74 08 00 ff 98 01 11 09 00 ff 86 04 00 ff 86 04 00 ff 86 04 00 ff 86 04 00 ff 86 04 00 ff 86 04 00 ff 86 04 00 ff 86 04 00 ff 86 04 00 ff 86 04 00 ff 86 04 00 ff 86 04 00 ff 86 04 00 ff 86 04 38 ff 
[1786974272025] 6d 5f 7e de 7d 07 01 5e 7e de 7d 07 68 66 03 00 ff 66 03 10 05 70 21 00 ff 66 03 0e 05 00 ff 66 03 12 05 00 ff ad 01 00 ff ad 01 00 ff ad 01 00 ff ad 01 00 ff ad 01 00 ff ad 01 00 ff ad 01 00 ff ad 01 00 ff ad 01 13 09 00 ff ad 01 62 00 77 02 00 80 64 00 81 00 39 71 5f 71 00 00 00 00 d7 37 00 00 00 00 02 01 ff 00 01 00 ff 10 05 70 21 00 ff 86 04 0e 05 00 ff 86 04 0e 05 00 ff 86 04 0e 05 00 ff 86 04 0e 05 00 ff 86 04 0e 05 00 ff 86 04 0e 05 00 ff 86 04 15 05 00 ff 86 04 0e 05 00 ff 86 04 0e 05 00 ff 86 04 0e 05 00 ff 86 04 0e 05 5c 0b 00 ff 86 04 0e 05 00 ff 86 04 0e 05 00 ff 98 01 11 09 ab 0d 00 00 ff a1 27 00 ff 98 01 00 ff 98 01 00 ff 98 01 00 ff 98 01 de 09 00 ff 98 01 0f 05 00 ff 98 01 11 09 ab 0d 00 00 ff a1 27 00 ff 98 01 00 ff 98 01 00 ff 98 01 00 ff a1 27 00 ff 98 01 11 09 a9 0d 00 00 ff 86 04 00 ff 86 04 00 ff 86 04 00 ff 86 04 00 ff 86 04 00 ff 86 04 00 ff 86 04 00 ff 86 04 00 ff 86 04 00 ff 86 04 00 ff 86 04 00 ff 86 04 00 ff 86 04 00 ff 86 04 38 ff 
[1786974272125] 6d 5e 7e de 7d 07 01 5d 7e de 7d 07 68 66 03 00 ff 66 03 00 ff 66 03 3d 08 00 ff 66 03 0f 05 00 ff ad 01 95 6f 00 ff ad 01 fb 14 00 ff ad 01 00 ff ad 01 00 ff ad 01 00 ff ad 01 00 ff ad 01 00 ff ad 01 00 ff ad 01 16 09 00 ff ad 01 29 09 e3 0b 03 00 ff 8a 04 00 ff 85 04 00 ff 8b 04 85 04 00 ff 86 04 00 ff 86 04 00 ff 86 04 00 ff 86 04 00 ff 86 04 00 ff 86 04 00 ff 86 04 00 ff 86 04 00 ff 86 04 00 ff 86 04 00 ff 86 04 00 ff 0e 05 00 ff 0e 05 00 ff 0e 05 00 ff 0e 05 00 ff cb 06 00 ff 0e 05 00 ff 15 05 00 ff 0e 05 00 ff 0e 05 00 ff cb 06 00 ff 0e 05 5c 0b 00 ff cb 06 00 ff 0e 05 00 ff 0e 05 00 ff 86 04 00 ff 86 04 00 ff 86 04 00 ff 86 04 00 ff 86 04 00 ff 86 04 00 ff 86 04 00 ff 86 04 00 ff 86 04 00 ff 86 04 00 ff 86 04 00 ff 86 04 00 ff 86 04 00 ff 86 04 38 ff 
[1786974272239] 6d 5d 7e de 7d 07 01 5c 7e de 7d 07 68 66 03 00 ff 66 03 00 ff 66 03 00 ff 66 03 10 05 00 ff 66 03 0e 05 00 ff 66 03 0e 05 78 21 00 ff 66 03 8d 16 00 ff 66 03 8d 16 00 ff 66 03 8d 16 00 ff 66 03 8d 16 00 ff 66 03 0e 05 77 21 00 ff 66 03 0e 05 00 ff 66 03 0e 05 5c 0b 00 ff 66 03 0e 05 02 ff 8b 04 00 ff 86 04 00 ff 86 04 00 ff 86 04 00 ff 86 04 00 ff 86 04 00 ff 86 04 00 ff 86 04 00 ff 86 04 00 ff 86 04 00 ff 86 04 00 ff 86 04 0e ff 85 04 00 ff 85 04 00 ff 85 04 00 ff 85 04 00 ff 85 04 00 ff 85 04 00 ff 85 04 00 ff 85 04 00 ff 85 04 00 ff 85 04 00 ff 85 04 00 ff 85 04 00 ff 85 04 00 ff 85 04 38 ff 
[1786974272539] 1e 
[1786974272691] 1d 
[1786974272837] 6d 5c 7e de 7d 07 01 5b 7e de 7d 07 68 66 03 00 ff 66 03 00 ff 66 03 00 ff 66 03 00 ff 66 03 00 ff 66 03 00 ff 66 03 00 ff 66 03 00 ff 66 03 00 ff 66 03 00 ff 66 03 b3 01 00 ff 66 03 00 ff 66 03 00 ff 66 03 02 ff 8a 04 00 ff 85 04 00 ff 85 04 00 ff 85 04 00 ff 85 04 00 ff 85 04 00 ff 85 04 00 ff 85 04 00 ff 85 04 00 ff 85 04 00 ff 85 04 00 ff 85 04 54 ff 
[1786974273000] 6d 5b 7e de 7d 07 01 5b 7e dd 7d 07 65 66 03 6b 07 00 ff 66 03 00 ff 66 03 00 ff 66 03 00 ff 66 03 00 ff 66 03 00 ff 66 03 6b 07 00 ff 66 03 00 ff 66 03 00 ff 66 03 69 07 00 ff 66 03 6b 07 00 ff 66 03 6b 07 00 ff 66 03 00 ff 66 03 00 ff 66 03 00 ff 66 03 00 ff 66 03 00 ff 66 03 14 ff 10 05 70 21 00 ff 0f 05 00 ff 0f 05 00 ff 0f 05 00 ff 17 05 00 ff 0f 05 00 ff 0f 05 00 ff 0f 05 00 ff 11 05 78 21 08 ff 85 04 00 ff 86 04 00 ff 86 04 00 ff 86 04 00 ff 86 04 00 ff 86 04 00 ff 89 04 00 ff 87 04 00 ff 87 04 00 ff 88 04 4f ff 
[1786974273251] 6d 5b 7e dd 7d 07 01 5b 7e dc 7d 07 65 66 03 00 ff 66 03 00 ff 66 03 00 ff 66 03 00 ff 66 03 00 ff 66 03 00 ff 66 03 b3 01 00 ff 66 03 6b 07 00 ff 66 03 69 07 00 ff 66 03 00 ff 66 03 69 07 00 ff 66 03 00 ff 66 03 00 ff 66 03 00 ff 66 03 00 ff 66 03 69 07 00 ff 66 03 69 07 00 ff 66 03 25 ff 8a 04 00 ff 8b 04 00 ff 8b 04 00 ff 8b 04 00 ff 8b 04 00 ff 8b 04 00 ff 8e 04 00 ff 8c 04 00 ff 8c 04 00 ff 8d 04 4f ff 
[1786974273356] 6d 5b 7e dc 7d 07 01 5b 7e db 7d 07 65 66 03 30 12 00 ff 66 03 30 12 6a 07 00 ff 66 03 30 12 69 07 00 ff 66 03 34 12 6a 07 00 ff 66 03 62 00 1c 66 01 50 64 02 20 00 00 00 00 00 00 00 00 00 00 3e 00 00 00 00 01 00 ff 00 01 69 07 00 ff 66 03 00 ff 66 03 6d 45 00 ff 66 03 e5 07 00 ff 66 03 00 ff 66 03 00 ff 66 03 00 ff 66 03 3d 08 00 ff 66 03 35 12 5a 45 00 ff 66 03 30 12 6b 07 00 ff 66 03 30 12 00 ff 66 03 30 12 00 ff 66 03 30 12 00 ff 66 03 30 12 7e ff 
[1786974273461] 6d 5b 7e db 7d 07 01 5b 7e da 7d 07 65 98 01 b8 01 1f 14 2d 25 00 ff 98 01 b8 01 1f 14 2d 25 00 ff 98 01 b8 01 02 05 2d 25 00 ff 98 01 c1 01 05 05 2d 25 2c 25 00 ff 66 03 00 ff 66 03 3d 08 00 ff 66 03 06 05 00 ff 98 01 02 05 2d 25 00 ff 98 01 02 05 46 45 2d 25 00 ff 98 01 69 06 00 ff 98 01 69 06 00 ff 98 01 02 05 2d 25 00 ff 98 01 31 12 09 05 2d 25 2c 25 00 ff 67 00 fb 04 70 21 00 ff 98 01 f7 04 00 ff 98 01 f7 04 00 ff 98 01 45 44 f7 04 00 ff 98 01 3d 44 f7 04 00 ff bc 13 00 ff bc 13 00 ff bc 13 00 ff ba 13 01 ff c2 01 8b 08 00 ff b8 01 8b 08 6e 08 00 ff b8 01 8b 08 6b 08 00 ff b8 01 8b 08 6b 08 00 ff b8 01 8b 08 6b 08 00 ff b8 01 8b 08 6b 08 00 ff b8 01 8b 08 6b 08 00 ff c1 01 8b 08 be 13 00 ff bc 13 00 ff bc 13 00 ff bc 13 00 ff bc 13 00 ff bc 13 05 ff 8b 08 00 ff 8b 08 00 ff 8b 08 00 ff 8b 08 00 ff 8b 08 00 ff 8b 08 00 ff 8b 08 00 ff 8b 08 5f ff 
[1786974273563] 6d 5b 7e da 7d 07 01 5b 7e d9 7d 07 65 98 01 1c 09 eb 98 00 00 ff 98 01 00 ff 98 01 00 ff 98 01 ba 01 21 14 2c 25 00 ff 66 03 00 ff 66 03 00 ff 66 03 01 05 00 ff 98 01 00 ff 98 01 00 ff 98 01 00 ff 98 01 00 ff 98 01 00 ff 98 01 31 12 01 05 2c 25 00 ff 67 00 f6 04 00 ff 98 01 db 09 00 00 ff 98 01 db 09 00 00 ff 98 01 db 09 00 00 ff 98 01 89 0d 01 00 ff 80 04 00 ff 80 04 00 ff 80 04 00 ff b9 13 01 ff 8b 08 01 05 00 ff 98 01 33 97 06 06 00 00 00 00 03 00 00 02 00 00 ff 98 01 00 ff 98 01 33 97 e5 00 00 00 00 00 00 00 00 02 00 00 ff 98 01 33 97 0c 00 02 5e 4e 4f 00 00 00 02 00 00 ff 98 01 33 97 c9 00 00 00 00 00 00 00 00 02 00 00 ff 98 01 03 05 00 ff ba 01 8b 08 6d 08 82 04 00 ff 80 04 00 ff 80 04 00 ff 80 04 00 ff 80 04 00 ff 80 04 fb 04 70 21 04 ff be 13 00 ff 8b 08 bc 13 00 ff 8b 08 bc 13 00 ff 8b 08 bc 13 00 ff 8b 08 bc 13 00 ff 8b 08 bc 13 00 ff 8b 08 bc 13 00 ff 8b 08 ba 13 00 ff 8b 08 03 ff be 13 00 ff bc 13 5a ff 
[1786974273563] a9 00 01 95 00 41 63 74 69 76 65 20 52 65 73 74 69 6e 67 20 41 72 65 61 20 42 6f 6e 75 73 65 73 3a 20 0a 44 6f 75 62 6c 65 20 48 69 74 20 50 6f 69 6e 74 73 20 52 65 67 65 6e 65 72 61 74 69 6f 6e 2c 0a 44 6f 75 62 6c 65 20 4d 61 6e 61 20 50 6f 69 6e 74 73 20 52 65 67 65 6e 65 72 61 74 69 6f 6e 2c 0a 53 74 61 6d 69 6e 61 20 50 6f 69 6e 74 73 20 52 65 67 65 6e 65 72 61 74 69 6f 6e 2c 0a 53 6f 75 6c 20 50 6f 69 6e 74 73 20 52 65 67 65 6e 65 72 61 74 69 6f 6e 2e 
[1786974273563] a2 40 10 00 00 00 00 00 00 00 
[1786974273563] 5d 09 01 ed 98 00 02 01 0d 00 50 6f 77 65 72 66 75 6c 20 56 6f 69 64 33 00 ae e7 02 00 00 01 11 00 50 6f 77 65 72 66 75 6c 20 45 70 69 70 68 61 6e 79 42 00 ae e7 02 00 00 03 e5 5b 09 00 00 00 00 00 00 00 80 01 01 13 00 42 61 73 69 63 20 46 65 61 74 68 65 72 77 65 69 67 68 74 4c 00 1d 70 00 00 00 04 74 7f 00 02 01 12 00 50 6f 77 65 72 66 75 6c 20 56 61 6d 70 69 72 69 73 6d 30 00 49 22 03 00 00 01 14 00 50 6f 77 65 72 66 75 6c 20 44 72 61 67 6f 6e 20 48 69 64 65 24 00 49 22 03 00 00 05 ee 98 0b 00 00 00 00 ee 01 00 00 00 00 00 00 00 06 28 85 00 03 01 0d 00 50 6f 77 65 72 66 75 6c 20 56 6f 69 64 33 00 84 f9 02 00 00 01 0f 00 50 6f 77 65 72 66 75 6c 20 53 74 72 69 6b 65 03 00 84 f9 02 00 00 01 12 00 50 6f 77 65 72 66 75 6c 20 56 61 6d 70 69 72 69 73 6d 30 00 84 f9 02 00 00 07 bd 8a 00 00 08 81 7b 00 01 00 0a 79 65 00 0b 64 5b 00 00 
[1786974273563] 5e 01 00 01 00 00 00 e0 a5 01 00 00 
[1786974273563] 92 a2 00 00 10 00 
[1786974273563] a9 00 01 95 00 41 63 74 69 76 65 20 52 65 73 74 69 6e 67 20 41 72 65 61 20 42 6f 6e 75 73 65 73 3a 20 0a 44 6f 75 62 6c 65 20 48 69 74 20 50 6f 69 6e 74 73 20 52 65 67 65 6e 65 72 61 74 69 6f 6e 2c 0a 44 6f 75 62 6c 65 20 4d 61 6e 61 20 50 6f 69 6e 74 73 20 52 65 67 65 6e 65 72 61 74 69 6f 6e 2c 0a 53 74 61 6d 69 6e 61 20 50 6f 69 6e 74 73 20 52 65 67 65 6e 65 72 61 74 69 6f 6e 2c 0a 53 6f 75 6c 20 50 6f 69 6e 74 73 20 52 65 67 65 6e 65 72 61 74 69 6f 6e 2e 
[1786974273563] a2 40 10 00 00 00 00 00 00 00 
[1786974273563] b4 15 48 00 59 6f 75 20 61 72 65 20 6e 6f 20 6c 6f 6e 67 65 72 20 72 65 66 69 6c 6c 69 6e 67 20 73 74 61 6d 69 6e 61 2c 20 73 69 6e 63 65 20 79 6f 75 20 6c 65 66 74 20 61 20 72 65 67 65 6e 65 72 61 74 69 6f 6e 20 7a 6f 6e 65 2e 
[1786974273663] 6d 5b 7e d9 7d 07 02 5b 7e d8 7d 07 65 98 01 ec 98 00 22 09 00 ff 98 01 eb 98 00 00 ff 98 01 00 ff 98 01 ba 01 21 14 2c 25 00 ff 66 03 00 ff 66 03 06 05 00 ff 98 01 04 05 00 ff 98 01 87 75 01 00 ff 98 01 07 2f 01 00 ff 98 01 00 ff 98 01 00 ff 98 01 f5 83 01 00 ff 98 01 31 12 d0 58 01 05 2c 25 00 ff 67 00 f6 04 5c 0b 00 ff 98 01 25 0b 00 a7 09 00 00 ff 98 01 00 ff 98 01 00 ff 98 01 00 ff 80 04 00 ff 80 04 00 ff 80 04 00 ff b9 13 01 ff 8b 08 01 05 00 ff 98 01 00 ff 98 01 00 ff 98 01 00 ff 98 01 00 ff 98 01 00 ff 98 01 00 ff ba 01 8b 08 6d 08 82 04 00 ff 80 04 00 ff 80 04 00 ff 80 04 00 ff 80 04 00 ff 98 01 f6 04 04 ff 82 04 00 ff 80 04 00 ff 80 04 00 ff 80 04 00 ff 80 04 00 ff 80 04 00 ff 80 04 00 ff 8b 08 b9 13 00 ff 8b 08 03 ff 82 04 00 ff 80 04 5a ff 
[1786974273741] 6d 57 7e d5 7d 07 01 56 7e d5 7d 07 
[1786974273765] 6d 5b 7e d8 7d 07 01 5c 7e d8 7d 07 66 98 01 59 06 00 ff 98 01 f6 04 00 ff 98 01 fe 04 e9 17 00 ff 66 03 30 12 00 ff 66 03 00 ff 66 03 ff 0d 12 6b 07 00 ff 66 03 00 ff 66 03 32 12 d6 14 00 ff 67 00 02 05 00 ff 98 01 a6 0b 00 ff 98 01 6f 0b 82 09 00 00 ff 98 01 04 05 00 ff 98 01 9b 07 00 ff 98 01 00 ff 98 01 a5 0b 00 ff 98 01 29 19 00 ff ba 13 04 ff b7 01 6a 08 00 ff 98 01 00 ff 98 01 02 05 00 ff 98 01 00 ff 98 01 00 ff 98 01 00 ff 98 01 00 ff 80 04 00 ff bc 13 06 ff 81 04 00 ff 80 04 00 ff 80 04 00 ff 80 04 00 ff 80 04 00 ff 80 04 46 ff 
[1786974273977] 6d 5c 7e d8 7d 07 01 5d 7e d8 7d 07 66 98 01 00 ff 98 01 00 ff 98 01 f7 04 00 ff 66 03 30 12 00 ff 66 03 00 ff 66 03 00 ff 66 03 00 ff 66 03 36 12 00 ff 66 03 33 12 02 05 5e 0b 00 ff 98 01 00 ff 98 01 00 ff 98 01 00 ff 98 01 00 ff 98 01 00 ff 98 01 a5 0b 00 ff 98 01 f7 04 05 ff b7 01 6a 08 00 ff 98 01 00 ff 98 01 60 06 00 ff 98 01 00 ff 98 01 00 ff 98 01 00 ff 98 01 00 ff 80 04 00 ff bc 13 06 ff 81 04 00 ff 80 04 00 ff 80 04 00 ff 80 04 00 ff 80 04 00 ff 80 04 46 ff 
[1786974274081] 6d 5d 7e d8 7d 07 01 5e 7e d8 7d 07 66 98 01 10 09 00 ff 98 01 10 09 6f 0b 00 ff 98 01 29 19 00 ff 66 03 30 12 00 ff 66 03 00 ff 66 03 6a 07 00 ff 66 03 00 ff 66 03 00 ff 66 03 60 06 00 ff 98 01 00 ff 98 01 00 ff 98 01 00 ff 98 01 00 ff 98 01 00 ff 98 01 f6 04 00 ff 98 01 fe 04 05 ff b7 01 6a 08 00 ff 98 01 00 ff 98 01 02 05 5e 0b 00 ff 98 01 83 09 00 00 ff 98 01 00 ff 98 01 83 09 00 00 ff 98 01 00 ff 80 04 00 ff bc 13 06 ff 81 04 00 ff 80 04 00 ff 80 04 00 ff 80 04 00 ff 80 04 00 ff 80 04 46 ff 
[1786974274186] 6d 5e 7e d8 7d 07 01 5f 7e d8 7d 07 66 98 01 d5 15 62 00 66 02 00 80 64 00 80 00 3a 44 6d 73 00 00 00 00 d7 37 00 00 00 00 02 02 ff 00 01 00 ff 98 01 d8 15 00 ff 98 01 f7 04 71 0b 00 ff 66 03 30 12 00 ff 66 03 00 ff 66 03 00 ff 66 03 00 ff 66 03 00 ff 66 03 60 06 00 ff 98 01 00 ff 98 01 00 ff 98 01 83 09 00 00 ff 98 01 00 ff 98 01 83 09 00 00 ff 98 01 00 ff 98 01 f7 04 05 ff b7 01 6a 08 00 ff 98 01 00 ff 98 01 02 05 00 ff 98 01 84 09 00 00 ff 98 01 00 ff 98 01 84 09 00 00 ff 98 01 00 ff 80 04 00 ff bc 13 06 ff 81 04 00 ff 80 04 00 ff 80 04 00 ff 80 04 00 ff 80 04 00 ff 80 04 46 ff 
[1786974274287] 6d 5f 7e d8 7d 07 01 60 7e d8 7d 07 66 98 01 d6 15 00 ff 98 01 d9 15 00 ff 98 01 f7 04 00 ff 66 03 30 12 00 ff 66 03 00 ff 66 03 6c 07 00 ff 66 03 00 ff 66 03 00 ff 66 03 02 05 5e 0b 00 ff 98 01 00 ff 98 01 00 ff 98 01 84 09 00 00 ff 98 01 00 ff 98 01 84 09 00 00 ff 98 01 00 ff 98 01 f7 04 05 ff b7 01 6a 08 00 ff 98 01 00 ff 98 01 02 05 00 ff 98 01 84 09 00 00 ff 98 01 00 ff 98 01 84 09 00 00 ff 98 01 00 ff 80 04 00 ff bc 13 06 ff 81 04 00 ff 80 04 00 ff 80 04 00 ff 80 04 00 ff 80 04 00 ff 80 04 46 ff 
[1786974274387] 6d 60 7e d8 7d 07 01 61 7e d8 7d 07 66 98 01 d6 15 00 ff 98 01 d9 15 eb 09 00 ff 98 01 29 19 00 ff 66 03 30 12 69 07 00 ff 66 03 6b 07 00 ff 66 03 00 ff 66 03 00 ff 66 03 37 12 00 ff 66 03 31 12 02 05 00 ff 98 01 a6 0b 00 ff 98 01 00 ff 98 01 85 09 00 00 ff 98 01 00 ff 98 01 85 09 00 00 ff 98 01 00 ff 98 01 29 19 05 ff b7 01 6a 08 00 ff 98 01 00 ff 98 01 04 05 00 ff 98 01 01 05 00 ff 98 01 26 19 00 ff 98 01 22 14 00 ff 98 01 26 19 00 ff 80 04 00 ff bc 13 06 ff b8 13 00 ff b9 13 00 ff b9 13 b8 13 00 ff b9 13 00 ff b9 13 00 ff b9 13 46 ff 
[1786974274489] 6d 61 7e d8 7d 07 01 62 7e d8 7d 07 66 98 01 d6 15 00 ff 98 01 d9 15 00 ff 98 01 f7 04 00 ff 66 03 30 12 00 ff 66 03 6b 07 00 ff 66 03 00 ff 66 03 00 ff 66 03 32 12 00 ff 67 00 04 05 00 ff 98 01 01 05 2c 25 00 ff 98 01 01 05 2c 25 00 ff 98 01 26 19 00 ff 98 01 21 14 2c 25 00 ff 98 01 21 14 2c 25 00 ff 98 01 62 00 0e 01 00 80 64 01 80 00 73 00 43 72 00 00 00 00 d7 37 00 00 00 00 02 02 ff 00 01 00 ff 98 01 f7 04 05 ff c0 01 85 14 00 ff ba 01 6d 08 6f 08 00 ff ba 01 6d 08 00 ff c1 01 03 ff 80 04 00 ff bc 13 52 ff 
[1786974274594] 6d 62 7e d8 7d 07 01 63 7e d8 7d 07 66 98 01 d7 15 00 ff 98 01 da 15 00 ff 98 01 f7 04 00 ff 66 03 30 12 3e 45 00 ff 66 03 00 ff 66 03 00 ff 66 03 69 07 00 ff 66 03 32 12 00 ff 67 00 53 45 00 ff 67 00 eb 11 00 ff 68 00 00 ff 68 00 00 ff 68 00 00 ff 68 00 00 ff 98 01 f6 04 00 ff 98 01 fa 04 70 21 0c ff b9 13 00 ff ba 13 52 ff 
[1786974274632] 83 5e 7e cc 7d 07 04 04 00 ff 02 00 00 
[1786974274695] 6d 63 7e d8 7d 07 01 64 7e d8 7d 07 66 98 01 2a 19 00 ff 98 01 f6 04 00 ff 98 01 fa 04 70 21 00 ff 66 03 30 12 ad 0d 00 ff 66 03 6c 07 00 ff 66 03 6b 07 00 ff 66 03 6b 07 00 ff 66 03 32 12 00 ff 67 00 ba 11 00 ff 67 00 eb 11 6a 02 00 ff 68 00 6a 02 00 ff 68 00 b4 11 00 ff 68 00 b4 11 00 ff 68 00 b4 11 62 ff 
[1786974274795] 6d 64 7e d8 7d 07 01 65 7e d8 7d 07 66 66 03 33 12 a5 0b 00 ff 66 03 33 12 de 09 00 ff 66 03 33 12 e6 07 00 ff 66 03 34 12 5b 45 6a 07 00 ff 66 03 00 ff 66 03 00 ff 66 03 6a 07 00 ff 66 03 36 12 3d 08 00 ff 66 03 33 12 b5 11 47 18 00 ff a3 11 26 0e 00 ff a3 11 49 0e 00 ff a3 11 26 0e 00 ff a3 11 af 55 00 ff a3 11 26 0e 62 ff 
[1786974274897] 6d 65 7e d8 7d 07 01 66 7e d8 7d 07 66 66 03 00 ff 66 03 00 ff 66 03 00 ff 66 03 6c 07 00 ff 66 03 6c 07 00 ff 66 03 00 ff 66 03 00 ff 66 03 00 ff 66 03 b9 11 00 ff 66 03 b6 11 00 ff 66 03 b6 11 00 ff 66 03 b6 11 00 ff 66 03 b6 11 00 ff 66 03 b6 11 62 ff 
[1786974274999] 6d 66 7e d8 7d 07 01 67 7e d8 7d 07 66 66 03 00 ff 66 03 00 ff 66 03 62 00 68 02 00 80 64 00 8c 00 60 51 4f 5f 00 00 00 00 d7 37 00 00 00 00 02 01 ff 00 01 00 ff 66 03 6a 07 00 ff 66 03 6a 07 00 ff 66 03 6b 07 00 ff 66 03 6c 07 00 ff 66 03 00 ff 66 03 00 ff 66 03 00 ff 66 03 00 ff 66 03 00 ff 66 03 00 ff 66 03 62 ff 
[1786974275099] 6d 67 7e d8 7d 07 01 68 7e d8 7d 07 66 66 03 00 ff 66 03 00 ff 66 03 00 ff 66 03 00 ff 66 03 00 ff 66 03 00 ff 66 03 00 ff 66 03 00 ff 66 03 00 ff 66 03 00 ff 66 03 00 ff 66 03 00 ff 66 03 00 ff 66 03 b3 01 62 ff 
[1786974275199] 6d 68 7e d8 7d 07 01 69 7e d8 7d 07 66 66 03 b8 11 00 ff 66 03 00 ff 66 03 00 ff 66 03 b3 01 00 ff 66 03 00 ff 66 03 6c 07 00 ff 66 03 00 ff 66 03 00 ff 66 03 ba 11 00 ff 66 03 b4 11 00 ff 66 03 b4 11 00 ff 66 03 b4 11 00 ff 66 03 b4 11 00 ff 66 03 b4 11 62 ff 
[1786974275309] 6d 69 7e d8 7d 07 01 6a 7e d8 7d 07 66 66 03 bc 11 00 ff 66 03 b4 11 00 ff 66 03 b4 11 3d 08 00 ff 66 03 b8 11 3f 45 00 ff 66 03 00 ff 66 03 00 ff 66 03 6a 07 00 ff 66 03 37 12 00 ff 66 03 31 12 b5 11 00 ff a3 11 26 0e 00 ff a3 11 49 0e 00 ff b0 11 26 0e 00 ff a6 11 46 0e 00 ff ae 11 26 0e 62 ff 
[1786974275409] 6d 6a 7e d8 7d 07 01 6b 7e d8 7d 07 66 a6 11 00 ff ac 11 00 ff a3 11 00 ff 66 03 b3 11 e5 07 69 07 00 ff 66 03 6b 07 00 ff 66 03 00 ff 66 03 6c 07 00 ff 66 03 32 12 00 ff 67 00 b9 11 63 45 00 ff 67 00 eb 11 b6 11 00 ff 68 00 b6 11 00 ff 68 00 b6 11 00 ff 68 00 b6 11 00 ff 68 00 b6 11 62 ff 
[1786974275515] 6d 6b 7e d8 7d 07 01 6c 7e d8 7d 07 66 a3 11 21 0e 00 ff a3 11 00 ff a5 11 00 ff 66 03 b3 11 00 ff 66 03 6c 07 00 ff 66 03 6b 07 00 ff 66 03 6c 07 00 ff 66 03 32 12 00 ff 67 00 00 ff 67 00 eb 11 00 ff 68 00 00 ff 68 00 00 ff 68 00 00 ff 68 00 1b ff 8a 04 46 ff 
[1786974275615] 6d 6c 7e d8 7d 07 01 6d 7e d8 7d 07 66 a8 11 e0 21 00 ff f5 11 e7 21 00 ff a7 11 e6 21 00 ff 66 03 b3 11 00 ff 66 03 00 ff 66 03 00 ff 66 03 00 ff 66 03 32 12 00 ff 67 00 00 ff 67 00 eb 11 00 ff 68 00 00 ff 68 00 00 ff 68 00 00 ff 68 00 00 ff 0f 1f 06 ff bf 01 00 ff b9 01 6c 08 00 ff b9 01 6c 08 00 ff b9 01 6c 08 00 ff b9 01 6c 08 00 ff b9 01 6c 08 00 ff b9 01 6c 08 0d ff 8b 04 46 ff 
[1786974275695] a9 00 01 95 00 41 63 74 69 76 65 20 52 65 73 74 69 6e 67 20 41 72 65 61 20 42 6f 6e 75 73 65 73 3a 20 0a 44 6f 75 62 6c 65 20 48 69 74 20 50 6f 69 6e 74 73 20 52 65 67 65 6e 65 72 61 74 69 6f 6e 2c 0a 44 6f 75 62 6c 65 20 4d 61 6e 61 20 50 6f 69 6e 74 73 20 52 65 67 65 6e 65 72 61 74 69 6f 6e 2c 0a 53 74 61 6d 69 6e 61 20 50 6f 69 6e 74 73 20 52 65 67 65 6e 65 72 61 74 69 6f 6e 2c 0a 53 6f 75 6c 20 50 6f 69 6e 74 73 20 52 65 67 65 6e 65 72 61 74 69 6f 6e 2e 
[1786974275695] a2 40 10 00 00 00 00 00 00 00 
[1786974275715] 6d 6d 7e d8 7d 07 01 6e 7e d8 7d 07 66 f5 11 e1 21 00 ff a3 11 e8 21 00 ff f5 11 e5 21 00 ff 66 03 b3 11 00 ff 66 03 6b 07 00 ff 66 03 6b 07 00 ff 66 03 6a 07 00 ff 66 03 32 12 62 45 00 ff 67 00 03 05 00 ff 67 00 21 14 00 ff 21 14 00 ff a6 11 21 14 00 ff a3 11 01 05 5c 0b 00 ff a3 11 26 19 07 ff b7 01 6a 08 00 ff 98 01 00 ff b2 01 00 ff 98 01 00 ff 98 01 00 ff 98 01 00 ff 98 01 0d ff 8b 04 46 ff 
[1786974275815] 6d 6e 7e d8 7d 07 01 6f 7e d8 7d 07 66 a3 11 e2 21 00 ff f5 11 e3 21 00 ff a3 11 e4 21 00 ff 66 03 b3 11 00 ff 66 03 00 ff 66 03 6a 07 00 ff 66 03 00 ff 66 03 32 12 00 ff 67 00 20 14 00 ff 98 01 07 05 00 ff 98 01 9b 07 00 ff 98 01 00 ff 98 01 00 ff 98 01 07 ff b7 01 6a 08 00 ff 98 01 00 ff 98 01 00 ff 98 01 00 ff 98 01 00 ff 98 01 00 ff 98 01 06 ff 8a 04 00 ff 85 04 00 ff 85 04 00 ff 85 04 00 ff 85 04 00 ff 85 04 00 ff 85 04 00 ff 85 04 8b 04 46 ff 
[1786974275915] 6d 6f 7e d8 7d 07 01 70 7e d8 7d 07 66 ae 11 00 ff a9 11 00 ff aa 11 de 07 00 ff 66 03 b3 11 00 ff 66 03 00 ff 66 03 6c 07 00 ff 66 03 00 ff 66 03 36 12 00 ff 66 03 33 12 1f 14 00 ff 98 01 00 ff 98 01 00 ff 98 01 00 ff 98 01 00 ff 98 01 07 ff 03 05 6a 08 00 ff 98 01 01 05 00 ff 98 01 01 05 00 ff 98 01 01 05 5b 0b 00 ff 98 01 66 06 00 ff 98 01 08 05 00 ff 98 01 66 06 06 ff 8b 04 00 ff 86 04 00 ff 86 04 00 ff 86 04 00 ff 86 04 00 ff 86 04 00 ff 86 04 00 ff 86 04 46 ff 
[1786974275944] 6d 6c 7e d3 7d 06 01 6b 7e d3 7d 06 
[1786974276020] 6d 70 7e d8 7d 07 01 71 7e d8 7d 07 66 a3 11 4a 18 00 ff a6 11 00 ff a3 11 26 0e 00 ff 66 03 b3 11 6c 07 00 ff 66 03 00 ff 66 03 00 ff 66 03 00 ff 66 03 00 ff 66 03 62 06 00 ff 98 01 00 ff 98 01 00 ff 98 01 00 ff 98 01 03 05 00 ff 98 01 01 05 07 ff 02 05 00 ff 98 01 00 ff 98 01 00 ff 98 01 16 09 00 ff 98 01 00 ff 98 01 02 05 00 ff 98 01 06 ff 8b 04 00 ff 86 04 00 ff 86 04 00 ff 86 04 00 ff 86 04 00 ff 86 04 00 ff 86 04 00 ff 86 04 46 ff 
[1786974276122] 6d 71 7e d8 7d 07 01 71 7e d9 7d 07 67 98 01 00 ff 98 01 00 ff 98 01 26 19 00 ff 68 00 00 ff 68 00 b4 11 00 ff a3 11 49 0e 00 ff 66 03 b6 11 00 ff 66 03 00 ff 66 03 00 ff 66 03 b4 11 00 ff a3 11 49 0e 00 ff 68 00 b6 11 00 ff 68 00 00 ff 68 00 00 ff a3 11 7c 12 21 14 00 ff 98 01 00 ff 98 01 00 ff 98 01 66 06 00 ff 98 01 85 09 00 00 ff 98 01 22 14 0b ff b9 01 03 05 6c 08 00 ff 98 01 02 05 00 ff 98 01 02 05 00 ff 98 01 07 05 5b 0b 00 ff 98 01 16 09 00 ff 80 04 00 ff b9 13 0a ff 85 04 00 ff 86 04 00 ff 86 04 00 ff 86 04 00 ff 86 04 00 ff 86 04 5a ff 
[1786974276273] 6d 71 7e d9 7d 07 01 71 7e da 7d 07 67 98 01 84 09 00 00 ff 98 01 85 09 00 00 ff 98 01 21 14 2c 25 00 ff 68 00 00 ff 68 00 b4 11 00 ff af 11 26 0e 00 ff 66 03 b6 11 00 ff 66 03 00 ff 66 03 00 ff 66 03 b4 11 00 ff ae 11 26 0e 00 ff 68 00 b6 11 00 ff 68 00 00 ff 68 00 00 ff a3 11 79 12 08 05 00 ff 98 01 02 05 00 ff 98 01 02 05 00 ff 98 01 07 05 5b 0b 00 ff 98 01 00 ff 98 01 26 19 0b ff 01 05 00 ff 98 01 00 ff 98 01 00 ff 98 01 01 05 2d 0a 00 ff 98 01 00 ff 80 04 00 ff b9 13 0a ff 85 04 00 ff 86 04 00 ff 86 04 00 ff 86 04 00 ff 86 04 00 ff 86 04 5a ff 
[1786974276377] 6d 71 7e da 7d 07 01 71 7e db 7d 07 67 98 01 00 ff 98 01 00 ff 98 01 21 14 2c 25 00 ff 68 00 00 ff 68 00 b4 11 00 ff a3 11 46 0e 00 ff 66 03 b6 11 00 ff 66 03 00 ff 66 03 00 ff 66 03 b4 11 00 ff ae 11 46 0e 00 ff 68 00 b6 11 00 ff 68 00 00 ff 68 00 00 ff a3 11 79 12 01 05 00 ff 98 01 00 ff 98 01 00 ff 98 01 01 05 2d 0a 00 ff 98 01 39 09 00 ff 98 01 22 14 0b ff 21 14 5b 0b 00 ff 98 01 00 ff 98 01 00 ff 98 01 01 05 2d 0a 00 ff 98 01 00 ff 80 04 00 ff b9 13 0a ff 85 04 00 ff 86 04 00 ff 86 04 00 ff 86 04 00 ff 86 04 00 ff 86 04 5a ff 
[1786974276477] 6d 71 7e db 7d 07 01 71 7e dc 7d 07 67 98 01 6f 0b 0f 09 00 ff 98 01 39 09 00 ff 98 01 24 19 00 ff 68 00 00 ff 68 00 b4 11 00 ff a3 11 26 0e 00 ff 66 03 b6 11 00 ff 66 03 00 ff 66 03 00 ff 66 03 b4 11 00 ff a3 11 26 0e 00 ff 68 00 b6 11 00 ff 68 00 00 ff 68 00 00 ff a3 11 79 12 21 14 5b 0b 00 ff 98 01 00 ff 98 01 00 ff 98 01 01 05 2d 0a 00 ff 98 01 02 05 00 ff 98 01 05 05 0b ff 21 14 00 ff 98 01 00 ff 98 01 00 ff 98 01 66 06 00 ff 98 01 00 ff bc 13 00 ff ba 13 0a ff 85 04 00 ff 86 04 00 ff 86 04 00 ff 86 04 00 ff 86 04 00 ff 86 04 5a ff 
[1786974276578] 6d 71 7e dc 7d 07 01 71 7e dd 7d 07 67 98 01 f0 11 0a 05 00 ff 98 01 02 05 2d 25 00 ff 98 01 05 05 2c 25 2d 25 00 ff 68 00 00 ff 68 00 b4 11 00 ff a7 11 48 0e 00 ff 66 03 b6 11 00 ff 66 03 00 ff 66 03 00 ff 66 03 b4 11 00 ff a6 11 48 0e 00 ff 68 00 b6 11 00 ff 68 00 00 ff 68 00 b4 11 00 ff a3 11 7a 12 21 14 00 ff 98 01 00 ff 98 01 00 ff 98 01 66 06 0d ff 08 05 00 ff 98 01 0a 05 00 ff 98 01 02 05 00 ff 98 01 09 05 00 ff 98 01 02 05 5d 0b 00 ff 8a 04 00 ff 8b 04 00 ff 8b 04 00 ff 8b 04 00 ff 8b 04 00 ff 8b 04 00 ff 8e 04 00 ff 8c 04 00 ff 8c 04 00 ff 8c 04 00 ff 8c 04 00 ff 8c 04 00 ff 8c 04 00 ff 82 04 8d 04 00 ff 80 04 00 ff 80 04 00 ff 80 04 00 ff 80 04 5a ff 
[1786974276679] 6d 71 7e dd 7d 07 01 71 7e de 7d 07 67 98 01 01 05 2c 25 00 ff 68 00 00 ff 68 00 00 ff 68 00 00 ff 68 00 b4 11 00 ff a7 11 47 18 00 ff 66 03 b6 11 00 ff 66 03 00 ff 66 03 00 ff 66 03 b4 11 00 ff a7 11 49 0e 00 ff 68 00 b6 11 00 ff 68 00 00 ff 68 00 b4 11 00 ff ae 11 08 05 00 ff 98 01 0a 05 00 ff 98 01 02 05 00 ff 98 01 09 05 01 ff 10 05 00 ff 0f 05 00 ff 0f 05 00 ff 0f 05 70 21 00 ff 79 21 00 ff 79 21 00 ff 79 21 00 ff 79 21 00 ff 79 21 00 ff 0f 05 71 21 00 ff 0f 05 00 ff 0f 05 00 ff 17 05 00 ff 01 05 00 ff 98 01 00 ff 98 01 00 ff 98 01 14 09 00 ff 85 04 00 ff 86 04 00 ff 86 04 00 ff 86 04 00 ff 86 04 00 ff 86 04 00 ff 89 04 00 ff 87 04 00 ff 87 04 00 ff 87 04 00 ff 87 04 00 ff 87 04 00 ff 87 04 00 ff 82 04 88 04 00 ff 80 04 00 ff 80 04 00 ff 80 04 00 ff 80 04 5a ff 
[1786974276780] 6d 71 7e de 7d 07 01 71 7e df 7d 07 67 98 01 01 05 2c 25 00 ff 68 00 00 ff 68 00 b6 11 10 05 00 ff 68 00 0f 05 00 ff 68 00 b4 11 0f 05 5e 0b 00 ff a7 11 0f 05 70 21 00 ff 66 03 b6 11 8b 16 00 ff 66 03 8b 16 00 ff 66 03 8b 16 00 ff 66 03 b4 11 8b 16 00 ff a7 11 8b 16 47 18 00 ff 68 00 b6 11 0f 05 71 21 00 ff 68 00 0f 05 5e 0b 00 ff 68 00 b4 11 0f 05 00 ff a3 11 17 05 00 ff a3 11 01 05 00 ff 98 01 00 ff 98 01 01 ff 0e 05 0b ff 15 05 00 ff 21 14 5b 0b 00 ff 98 01 00 ff 98 01 00 ff 98 01 15 09 00 ff 85 04 00 ff 86 04 00 ff 86 04 00 ff 86 04 00 ff 86 04 00 ff 86 04 00 ff 89 04 00 ff 87 04 00 ff 87 04 00 ff 87 04 00 ff 87 04 00 ff 87 04 00 ff 87 04 00 ff 82 04 88 04 00 ff 80 04 00 ff 80 04 00 ff 80 04 00 ff 80 04 5a ff 
[1786974276880] 6d 71 7e df 7d 07 01 71 7e e0 7d 07 67 98 01 21 14 2c 25 00 ff 68 00 00 ff 68 00 0e 05 00 ff 99 01 3e 08 00 ff 99 01 00 ff 99 01 8c 16 a7 21 00 ff 99 01 8c 16 00 ff 99 01 8c 16 00 ff 99 01 8c 16 00 ff 99 01 8c 16 00 ff 99 01 8c 16 00 ff 99 01 8c 16 00 ff 99 01 a7 21 00 ff 99 01 3e 08 00 ff 99 01 15 05 00 ff a6 11 01 05 5b 0b 00 ff 98 01 00 ff 98 01 01 ff 0e 05 0b ff 15 05 00 ff 01 05 2d 0a 00 ff 98 01 00 ff 98 01 00 ff 98 01 22 09 00 ff 85 04 00 ff 86 04 00 ff 86 04 00 ff 86 04 00 ff 86 04 00 ff 86 04 00 ff 89 04 00 ff 87 04 00 ff 87 04 00 ff 87 04 00 ff 87 04 00 ff 87 04 00 ff 87 04 00 ff 82 04 88 04 00 ff 80 04 00 ff 80 04 00 ff 80 04 00 ff 80 04 5a ff 
[1786974276984] 6d 71 7e e0 7d 07 01 71 7e e1 7d 07 67 98 01 21 14 2c 25 00 ff 68 00 00 ff 68 00 0e 05 00 ff 99 01 00 ff 99 01 82 07 00 ff 99 01 83 07 00 ff 99 01 00 ff 99 01 00 ff 99 01 00 ff 99 01 00 ff 99 01 00 ff 99 01 00 ff 99 01 00 ff 99 01 00 ff 99 01 15 05 00 ff a3 11 01 05 2d 0a 00 ff 98 01 00 ff 98 01 00 ff c0 01 00 ff 0e 05 0b ff 15 05 00 ff 01 05 2d 0a 00 ff 98 01 00 ff 98 01 00 ff 98 01 14 09 00 ff 85 04 00 ff 86 04 00 ff 86 04 00 ff 86 04 00 ff 86 04 00 ff 86 04 00 ff 89 04 00 ff 87 04 00 ff 87 04 00 ff 87 04 00 ff 87 04 00 ff 87 04 00 ff 87 04 00 ff 82 04 88 04 00 ff 80 04 00 ff 80 04 00 ff 80 04 00 ff 80 04 5a ff 
[1786974277087] 6d 71 7e e1 7d 07 01 71 7e e2 7d 07 67 98 01 01 05 2c 25 00 ff 68 00 00 ff 68 00 0e 05 5c 0b 00 ff 99 01 00 ff 99 01 84 07 00 ff 99 01 85 07 00 ff 99 01 00 ff 99 01 00 ff 99 01 00 ff 99 01 00 ff 99 01 00 ff 99 01 00 ff 99 01 00 ff 99 01 00 ff 99 01 15 05 00 ff a3 11 01 05 2d 0a 00 ff 98 01 00 ff 98 01 00 ff ba 01 6f 08 00 ff 0e 05 0b ff 15 05 00 ff 21 14 5b 0b 00 ff 98 01 00 ff 98 01 00 ff 98 01 15 09 00 ff 85 04 00 ff 86 04 00 ff 86 04 00 ff 86 04 00 ff 86 04 00 ff 86 04 00 ff 89 04 00 ff 87 04 00 ff 87 04 00 ff 87 04 00 ff 87 04 00 ff 87 04 00 ff 87 04 00 ff 82 04 88 04 00 ff 80 04 00 ff 80 04 00 ff 80 04 00 ff 80 04 5a ff 
[1786974277187] 6d 71 7e e2 7d 07 01 71 7e e3 7d 07 67 98 01 24 19 00 ff 68 00 00 ff 68 00 0e 05 00 ff 99 01 00 ff 99 01 00 ff 99 01 00 ff 99 01 00 ff 99 01 00 ff 99 01 00 ff 99 01 00 ff 99 01 00 ff 99 01 00 ff 99 01 00 ff 99 01 00 ff 99 01 15 05 00 ff a3 11 01 05 5b 0b 00 ff 98 01 00 ff 98 01 00 ff ba 01 6d 08 00 ff 0e 05 01 ff 69 08 07 ff 69 08 01 ff 15 05 00 ff 06 05 00 ff 98 01 1f 14 00 ff 98 01 1f 14 00 ff 98 01 1f 14 00 ff 85 04 00 ff 86 04 00 ff 86 04 00 ff 86 04 00 ff 86 04 00 ff 86 04 00 ff 89 04 00 ff 87 04 00 ff 87 04 00 ff 87 04 00 ff 87 04 00 ff 87 04 00 ff 87 04 00 ff 88 04 be 13 00 ff bc 13 00 ff bc 13 00 ff bc 13 00 ff bc 13 5a ff 
[1786974277291] 6d 71 7e e3 7d 07 01 71 7e e4 7d 07 67 98 01 01 05 2c 25 00 ff 68 00 00 ff 68 00 0e 05 00 ff 99 01 00 ff 99 01 69 08 00 ff 99 01 00 ff 99 01 00 ff 99 01 00 ff 99 01 00 ff 99 01 00 ff 99 01 00 ff 99 01 00 ff 99 01 69 08 00 ff 99 01 00 ff 99 01 15 05 00 ff a3 11 06 05 00 ff 98 01 02 05 2d 25 00 ff 98 01 23 19 00 ff ba 01 6d 08 00 ff 0e 05 0b ff 0e 05 04 ff 85 04 00 ff 86 04 00 ff 86 04 00 ff 86 04 00 ff 86 04 00 ff 86 04 00 ff 89 04 00 ff 87 04 00 ff 87 04 00 ff 87 04 00 ff 87 04 00 ff 87 04 00 ff 87 04 00 ff 88 04 5e ff 
[1786974277391] 6d 71 7e e4 7d 07 01 71 7e e5 7d 07 67 98 01 05 05 2c 25 2d 25 00 ff 68 00 00 ff 68 00 0e 05 00 ff 99 01 00 ff 99 01 e3 ce 00 ff 99 01 00 ff 99 01 00 ff 99 01 00 ff 99 01 00 ff 99 01 00 ff 99 01 00 ff 99 01 00 ff 99 01 00 ff 99 01 00 ff 99 01 0e 05 00 ff a3 11 af 55 00 ff a3 11 4a 18 00 ff 2a 11 bb 11 4a 18 00 ff c1 01 00 ff 0e 05 0b ff 0e 05 04 ff 85 04 8b 04 00 ff 86 04 00 ff 86 04 00 ff 86 04 00 ff 86 04 00 ff 86 04 00 ff 89 04 00 ff 87 04 00 ff 87 04 00 ff 87 04 00 ff 87 04 00 ff 87 04 00 ff 87 04 00 ff 88 04 8c 04 00 ff 8c 04 00 ff 8c 04 00 ff 8c 04 00 ff 8c 04 5a ff 
[1786974277491] 6d 71 7e e5 7d 07 01 71 7e e6 7d 07 67 68 00 00 ff 68 00 00 ff 68 00 0e 05 5c 0b 00 ff 99 01 00 ff 99 01 00 ff 99 01 00 ff 99 01 00 ff 99 01 00 ff 99 01 00 ff 99 01 00 ff 99 01 00 ff 99 01 00 ff 99 01 00 ff 99 01 00 ff 99 01 0e 05 00 ff 36 11 bb 11 00 ff 3a 11 b3 11 10 05 af 55 00 ff 33 11 b7 11 0f 05 00 ff 0f 05 00 ff 14 05 01 ff 69 08 07 ff 69 08 01 ff 15 05 00 ff 0f 05 00 ff 0f 05 00 ff 0f 05 00 ff 0f 05 00 ff 86 04 00 ff 86 04 00 ff 86 04 00 ff 86 04 00 ff 86 04 00 ff 86 04 00 ff 89 04 00 ff 87 04 00 ff 87 04 00 ff 87 04 00 ff 87 04 00 ff 87 04 00 ff 87 04 00 ff 87 04 00 ff 87 04 00 ff 87 04 00 ff 87 04 00 ff 87 04 5a ff 
[1786974277603] 6d 71 7e e6 7d 07 02 71 7e e7 7d 07 67 a9 11 0f 05 00 ff a9 11 b3 11 0f 05 00 ff 68 00 14 05 00 ff 99 01 00 ff 99 01 69 08 00 ff 99 01 00 ff 99 01 62 00 7f 02 00 80 64 03 39 00 00 00 00 00 00 00 00 00 d7 37 00 00 00 00 02 01 ff 00 01 00 ff 99 01 00 ff 99 01 00 ff 99 01 00 ff 99 01 00 ff 99 01 00 ff 99 01 69 08 00 ff 99 01 00 ff 99 01 15 05 00 ff 68 00 b4 11 0f 05 00 ff b4 1c cd 21 97 11 ec 11 31 25 14 05 00 ff 99 01 62 00 35 43 00 50 64 02 84 00 00 47 4c 73 03 00 00 00 d7 00 00 00 00 00 01 00 ff 00 01 00 ff 99 01 00 ff 99 01 74 08 0b ff 74 08 00 ff 99 01 a0 12 54 1d 00 ff 99 01 9a 12 55 1d cc 13 00 ff 99 01 9f 12 00 ff 99 01 00 ff 86 04 00 ff 86 04 00 ff 86 04 00 ff 86 04 00 ff 86 04 00 ff 86 04 00 ff 89 04 00 ff 87 04 00 ff 87 04 00 ff 87 04 00 ff 87 04 00 ff 87 04 00 ff 87 04 00 ff 87 04 00 ff 87 04 00 ff 87 04 00 ff 87 04 00 ff 87 04 5a ff 
[1786974277603] 5d 09 01 ed 98 00 02 01 0d 00 50 6f 77 65 72 66 75 6c 20 56 6f 69 64 33 00 ae e7 02 00 00 01 11 00 50 6f 77 65 72 66 75 6c 20 45 70 69 70 68 61 6e 79 42 00 ae e7 02 00 00 03 e5 5b 09 00 00 00 00 00 00 00 80 01 01 13 00 42 61 73 69 63 20 46 65 61 74 68 65 72 77 65 69 67 68 74 4c 00 1d 70 00 00 00 04 74 7f 00 02 01 12 00 50 6f 77 65 72 66 75 6c 20 56 61 6d 70 69 72 69 73 6d 30 00 49 22 03 00 00 01 14 00 50 6f 77 65 72 66 75 6c 20 44 72 61 67 6f 6e 20 48 69 64 65 24 00 49 22 03 00 00 05 ee 98 0b 00 00 00 00 ee 01 00 00 00 00 00 00 00 06 28 85 00 03 01 0d 00 50 6f 77 65 72 66 75 6c 20 56 6f 69 64 33 00 84 f9 02 00 00 01 0f 00 50 6f 77 65 72 66 75 6c 20 53 74 72 69 6b 65 03 00 84 f9 02 00 00 01 12 00 50 6f 77 65 72 66 75 6c 20 56 61 6d 70 69 72 69 73 6d 30 00 84 f9 02 00 00 07 bd 8a 00 00 08 81 7b 00 01 00 0a 79 65 00 0b 64 5b 00 00 
[1786974277603] 5e 01 00 01 00 00 00 e0 a5 01 00 00 
[1786974277603] 92 a2 00 00 10 00 
[1786974277603] a9 01 01 95 00 41 63 74 69 76 65 20 52 65 73 74 69 6e 67 20 41 72 65 61 20 42 6f 6e 75 73 65 73 3a 20 0a 44 6f 75 62 6c 65 20 48 69 74 20 50 6f 69 6e 74 73 20 52 65 67 65 6e 65 72 61 74 69 6f 6e 2c 0a 44 6f 75 62 6c 65 20 4d 61 6e 61 20 50 6f 69 6e 74 73 20 52 65 67 65 6e 65 72 61 74 69 6f 6e 2c 0a 53 74 61 6d 69 6e 61 20 50 6f 69 6e 74 73 20 52 65 67 65 6e 65 72 61 74 69 6f 6e 2c 0a 53 6f 75 6c 20 50 6f 69 6e 74 73 20 52 65 67 65 6e 65 72 61 74 69 6f 6e 2e 
[1786974277603] a2 40 50 00 00 00 00 00 00 00 
[1786974277603] b4 15 3a 00 49 6e 20 70 72 6f 74 65 63 74 69 6f 6e 20 7a 6f 6e 65 2e 20 52 65 63 68 61 72 67 69 6e 67 20 31 30 20 73 74 61 6d 69 6e 61 20 65 76 65 72 79 20 35 20 6d 69 6e 75 74 65 73 2e 
[1786974277695] 1d 
[1786974277703] 6d 71 7e e7 7d 07 02 71 7e e8 7d 07 67 99 01 00 ff 99 01 00 ff 99 01 00 ff 99 01 00 ff 99 01 00 ff 99 01 00 ff 99 01 00 ff 99 01 00 ff 9a 01 00 ff 99 01 00 ff 99 01 00 ff 99 01 00 ff 99 01 00 ff 99 01 00 ff 99 01 00 ff 99 01 00 ff 99 01 b9 0d 00 ff 99 01 e9 58 00 ff 99 01 00 ff 99 01 74 08 00 ff 72 08 00 ff 72 08 00 ff 72 08 00 ff 72 08 00 ff 72 08 00 ff 72 08 00 ff 72 08 00 ff 72 08 00 ff 72 08 00 ff 72 08 00 ff 72 08 00 ff 78 08 00 ff 99 01 9e 12 00 ff 99 01 99 12 00 ff 99 01 9d 12 00 ff 99 01 00 ff 86 04 00 ff 86 04 00 ff 86 04 00 ff 86 04 00 ff 86 04 00 ff 86 04 00 ff 89 04 00 ff 87 04 00 ff 87 04 00 ff 87 04 00 ff 87 04 00 ff 87 04 00 ff 87 04 00 ff 87 04 00 ff 87 04 00 ff 87 04 00 ff 87 04 00 ff 87 04 5a ff 
[1786974277889] 1e 
[1786974278345] 6d 6f 7e ee 7d 07 01 6e 7e ee 7d 07 
[1786974279465] 6d 71 7e e8 7d 07 01 71 7e e9 7d 07 67 99 01 00 ff 99 01 00 ff 99 01 00 ff 99 01 00 ff 99 01 00 ff 99 01 00 ff 99 01 00 ff 9a 01 00 ff 99 01 00 ff 9a 01 00 ff 99 01 00 ff 99 01 00 ff 99 01 00 ff 99 01 00 ff 99 01 00 ff 99 01 00 ff 99 01 00 ff 99 01 00 ff 99 01 00 ff 99 01 00 ff 99 01 00 ff 99 01 00 ff 99 01 00 ff 99 01 00 ff 99 01 00 ff 99 01 00 ff 99 01 00 ff 99 01 00 ff 99 01 00 ff 99 01 00 ff 99 01 00 ff 99 01 00 ff 99 01 00 ff 99 01 00 ff 99 01 00 ff 99 01 bc 16 0a 03 00 ff 86 04 00 ff 86 04 00 ff 86 04 00 ff 86 04 00 ff 86 04 00 ff 86 04 00 ff 89 04 00 ff 87 04 00 ff 87 04 00 ff 87 04 00 ff 87 04 00 ff 87 04 00 ff 87 04 00 ff 87 04 00 ff 87 04 00 ff 87 04 00 ff 87 04 00 ff 87 04 5a ff 
[1786974279697] a0 7b 1c 00 00 7b 1c 00 00 45 52 10 00 b3 1e e1 13 01 00 00 00 8e 02 76 10 55 03 00 00 00 00 96 00 8e 26 00 00 7e 27 00 00 c8 a2 09 fb 02 00 00 d6 01 00 00 01 00 00 00 00 00 00 00 00 
[1786974279703] 6d 71 7e e9 7d 07 01 71 7e ea 7d 07 67 99 01 00 ff 99 01 00 ff 99 01 00 ff 99 01 00 ff 99 01 00 ff 99 01 00 ff 9a 01 00 ff 99 01 00 ff 9a 01 00 ff 99 01 00 ff 9a 01 00 ff 99 01 00 ff 99 01 00 ff 99 01 00 ff 99 01 00 ff 99 01 00 ff 99 01 00 ff 99 01 00 ff 99 01 00 ff 99 01 00 ff 99 01 00 ff 99 01 00 ff 99 01 00 ff 99 01 00 ff 99 01 00 ff 99 01 00 ff 99 01 00 ff 99 01 00 ff 99 01 00 ff 99 01 00 ff 99 01 00 ff 99 01 00 ff 99 01 00 ff 99 01 00 ff 99 01 00 ff 99 01 b9 16 09 03 cb 13 cd 13 00 ff 86 04 00 ff 86 04 00 ff 86 04 00 ff 86 04 00 ff 86 04 00 ff 86 04 00 ff 89 04 00 ff 87 04 00 ff 87 04 00 ff 87 04 00 ff 87 04 00 ff 87 04 00 ff 87 04 00 ff 87 04 00 ff 87 04 00 ff 87 04 00 ff 87 04 00 ff 87 04 5a ff 
[1786974280348] 6d 6e 7e ee 7d 07 01 6f 7e ee 7d 07 
[1786974280382] 82 d7 d7 
[1786974280382] ef 11 28 
[1786974280626] ee 00 72 e0 a4 0a 00 00 00 00 
[1786974280626] ee 01 00 00 00 00 00 00 00 00 
[1786974280626] ee 51 00 00 00 00 00 00 00 00 
[1786974280626] ee 52 00 00 00 00 00 00 00 00 
[1786974280626] ee 53 00 00 00 00 00 00 00 00 
[1786974280626] ee 54 00 00 00 00 00 00 00 00 
[1786974280626] ee 55 00 00 00 00 00 00 00 00 
[1786974280626] 5f a2 00 00 10 01 01 02 5c 02 00 00 00 00 00 00 00 00 00 00 00 00 00 00 00 00 64 00 00 00 00 00 00 00 00 00 64 00 4b 00 32 00 00 00 00 00 00 00 00 00 26 00 00 00 32 00 4b 00 00 00 00 00 00 00 00 00 00 00 64 00 00 00 00 00 00 00 00 00 00 00 00 00 00 00 00 00 00 00 00 02 01 00 07 00 08 00 00 00 00 00 00 2e 01 00 00 00 01 2c 19 02 00 00 01 00 1e 03 00 00 01 01 27 04 04 00 00 02 00 27 05 00 01 02 01 03 12 06 00 00 03 00 04 07 00 00 03 01 2c 11 2e 00 00 01 00 02 00 03 00 04 00 05 00 06 00 07 00 08 00 09 00 0a 00 0b 00 0c 00 0d 00 0e 00 0f 00 10 00 11 00 12 00 13 00 14 00 15 00 16 00 17 00 18 00 19 00 1a 00 1b 00 1c 00 1d 00 1e 00 1f 00 21 00 22 00 23 00 24 00 25 00 26 00 27 00 28 00 29 00 2c 00 2d 00 2e 00 2f 00 30 00 17 00 00 01 00 02 00 03 00 05 00 18 00 19 00 1a 00 1b 00 1c 00 1d 00 1e 00 1f 00 20 00 21 00 22 00 23 00 24 00 25 00 26 00 27 00 28 00 29 00 
[1786974282349] 6d 6f 7e ee 7d 07 01 6f 7e ef 7d 07 
[1786974282705] 1d 
[1786974283401] 1e 
[1786974283712] 8f a2 00 00 10 fb 02 14 03 
[1786974283712] a9 01 01 95 00 41 63 74 69 76 65 20 52 65 73 74 69 6e 67 20 41 72 65 61 20 42 6f 6e 75 73 65 73 3a 20 0a 44 6f 75 62 6c 65 20 48 69 74 20 50 6f 69 6e 74 73 20 52 65 67 65 6e 65 72 61 74 69 6f 6e 2c 0a 44 6f 75 62 6c 65 20 4d 61 6e 61 20 50 6f 69 6e 74 73 20 52 65 67 65 6e 65 72 61 74 69 6f 6e 2c 0a 53 74 61 6d 69 6e 61 20 50 6f 69 6e 74 73 20 52 65 67 65 6e 65 72 61 74 69 6f 6e 2c 0a 53 6f 75 6c 20 50 6f 69 6e 74 73 20 52 65 67 65 6e 65 72 61 74 69 6f 6e 2e 
[1786974283712] a2 00 50 00 00 00 00 00 00 00 
[1786974284390] 6d 6f 7e ef 7d 07 01 6e 7e ef 7d 07 
[1786974285343] a1 27 00 20 00 20 00 e7 16 13 00 13 00 13 00 7b 11 0a 00 0a 00 0a 00 00 00 0a 00 0a 00 0a 00 00 00 0a 00 0a 00 0a 00 00 00 9a 00 6a 00 6a 00 91 1e 4d 00 4d 00 4d 00 11 06 0a 00 0a 00 0a 00 00 00 00 1a a0 18 00 28 a5 14 00 7d 00 ad 01 00 04 ff ff ff 7f 00 04 57 1b 00 80 04 9f 0f 00 80 04 97 08 00 80 04 27 23 00 80 04 ff ff ff 7f 00 00 26 00 00 00 04 7c 00 00 80 04 ff ff ff 7f 00 00 07 00 04 10 03 00 80 03 04 6f 03 00 80 02 04 8c 04 00 80 01 04 28 0a 00 80 04 04 f3 01 00 80 05 04 8c 04 00 80 06 04 f3 01 00 80 04 ff ff ff 7f 04 ff ff ff 7f 04 ff ff ff 7f 
[1786974285343] a0 7b 1c 00 00 9b 1c 00 00 05 b6 0f 00 b3 1e e1 13 01 00 00 00 8e 02 76 10 55 03 00 00 00 00 96 00 8e 26 00 00 7e 27 00 00 c8 a2 09 fb 02 00 00 d6 01 00 00 01 00 00 00 00 00 00 00 00 
[1786974285343] 9f 01 cd bf 9e 6a 0c 01 2e 00 5a 00 24 00 30 00 9f 00 ae 00 33 00 06 00 2e 01 a9 00 7d 00 7c 00 0b 00 6d 00 6f 00 2d 00 4c 00 14 00 a0 00 4f 00 c3 00 ee 00 bf 00 6e 00 7a 00 1d 00 31 00 5f 00 39 01 01 00 b0 00 2a 00 14 00 09 01 51 00 93 00 02 01 6c 00 86 00 3a 01 7f 00 02 00 39 00 0a 00 8f 00 2f 01 0c 01 00 
[1786974285343] 5e 01 00 01 00 00 00 e0 a5 01 00 00 
[1786974285343] 6b 71 7e ea 7d 07 01 61 00 00 00 00 00 a2 00 00 10 00 08 00 4b 75 6b 75 72 65 6a 61 64 02 89 00 15 55 55 43 02 73 03 00 00 00 00 05 d5 14 03 00 00 00 00 00 0c 00 ff 00 00 
[1786974285343] ee 00 72 e0 a4 0a 00 00 00 00 
[1786974285343] ee 01 00 00 00 00 00 00 00 00 
[1786974285343] ee 51 00 00 00 00 00 00 00 00 
[1786974285343] ee 52 00 00 00 00 00 00 00 00 
[1786974285343] ee 53 00 00 00 00 00 00 00 00 
[1786974285343] ee 54 00 00 00 00 00 00 00 00 
[1786974285343] ee 55 00 00 00 00 00 00 00 00 
[1786974285343] 5f a2 00 00 10 01 01 02 5c 02 00 00 00 00 00 00 36 00 00 00 00 00 00 00 00 00 64 00 00 00 00 00 00 00 00 00 64 00 4b 00 32 00 00 00 00 00 00 00 00 00 00 00 00 00 32 00 4b 00 64 00 00 00 00 00 00 00 00 00 00 00 00 00 00 00 00 00 00 00 00 00 00 00 00 00 00 00 00 00 00 00 08 00 00 00 00 00 00 2e 01 00 00 00 01 2c 19 02 00 00 01 00 1e 03 00 00 01 01 27 04 04 00 00 02 00 27 05 00 01 02 01 03 12 06 00 00 03 00 04 07 00 00 03 01 2c 11 2e 00 00 01 00 02 00 03 00 04 00 05 00 06 00 07 00 08 00 09 00 0a 00 0b 00 0c 00 0d 00 0e 00 0f 00 10 00 11 00 12 00 13 00 14 00 15 00 16 00 17 00 18 00 19 00 1a 00 1b 00 1c 00 1d 00 1e 00 1f 00 21 00 22 00 23 00 24 00 25 00 26 00 27 00 28 00 29 00 2c 00 2d 00 2e 00 2f 00 30 00 17 00 00 01 00 02 00 03 00 05 00 18 00 19 00 1a 00 1b 00 1c 00 1d 00 1e 00 1f 00 20 00 21 00 22 00 23 00 24 00 25 00 26 00 27 00 28 00 29 00 
[1786974286365] 6d 6e 7e ef 7d 07 01 6f 7e ef 7d 07 
[1786974287716] 1d 
[1786974288366] 6d 6f 7e ef 7d 07 01 70 7e ef 7d 07 
[1786974288803] 1e 
[1786974290373] 6d 70 7e ef 7d 07 01 71 7e ef 7d 07 
[1786974290382] 82 d0 d7 
[1786974290382] ef 11 2c 
[1786974291506] a1 27 00 20 00 20 00 e7 16 13 00 13 00 13 00 7b 11 0a 00 0a 00 0a 00 00 00 0a 00 0a 00 0a 00 00 00 0a 00 0a 00 0a 00 00 00 9a 00 6a 00 6a 00 91 1e 4d 00 4d 00 4d 00 11 06 0a 00 0a 00 0a 00 00 00 00 5a 3c 19 00 28 a5 14 00 7d 00 ad 01 00 04 ff ff ff 7f 00 04 57 1b 00 80 04 9f 0f 00 80 04 97 08 00 80 04 27 23 00 80 04 ff ff ff 7f 00 00 26 00 00 00 04 7c 00 00 80 04 ff ff ff 7f 00 00 07 00 04 10 03 00 80 03 04 6f 03 00 80 02 04 8c 04 00 80 01 04 f0 0a 00 80 04 04 f3 01 00 80 05 04 8c 04 00 80 06 04 f3 01 00 80 04 ff ff ff 7f 04 ff ff ff 7f 04 ff ff ff 7f 
[1786974291506] a0 7b 1c 00 00 9b 1c 00 00 45 52 10 00 b3 1e e1 13 01 00 00 00 8e 02 76 10 55 03 00 00 00 00 96 00 8e 26 00 00 7e 27 00 00 c8 a2 09 fb 02 00 00 d6 01 00 00 01 00 00 00 00 00 00 00 00 
[1786974291506] 9f 01 d3 bf 9e 6a 0c 01 2e 00 5a 00 24 00 30 00 9f 00 ae 00 33 00 06 00 2e 01 a9 00 7d 00 7c 00 0b 00 6d 00 6f 00 2d 00 4c 00 14 00 a0 00 4f 00 c3 00 ee 00 bf 00 6e 00 7a 00 1d 00 31 00 5f 00 39 01 01 00 b0 00 2a 00 14 00 09 01 51 00 93 00 02 01 6c 00 86 00 3a 01 7f 00 02 00 39 00 0a 00 8f 00 2f 01 0c 01 00 
[1786974291506] 5e 01 00 01 00 00 00 e0 a5 01 00 00 
[1786974291506] 6b 71 7e ea 7d 07 01 61 00 00 00 00 00 a2 00 00 10 00 08 00 4b 75 6b 75 72 65 6a 61 64 02 89 00 15 55 55 43 02 73 03 00 00 00 00 05 d5 14 03 00 00 00 00 00 0c 00 ff 00 00 
[1786974291506] ee 00 72 e0 a4 0a 00 00 00 00 
[1786974291506] ee 01 00 00 00 00 00 00 00 00 
[1786974291506] ee 51 00 00 00 00 00 00 00 00 
[1786974291506] ee 52 00 00 00 00 00 00 00 00 
[1786974291506] ee 53 00 00 00 00 00 00 00 00 
[1786974291506] ee 54 00 00 00 00 00 00 00 00 
[1786974291506] ee 55 00 00 00 00 00 00 00 00 
[1786974291506] 5f a2 00 00 10 01 01 02 5c 02 00 00 00 00 00 00 00 00 00 00 00 00 00 00 00 00 64 00 00 00 00 00 00 00 00 00 64 00 4b 00 32 00 00 00 00 00 00 00 00 00 36 00 00 00 32 00 4b 00 00 00 00 00 00 00 00 00 00 00 64 00 00 00 00 00 00 00 00 00 00 00 00 00 00 00 00 00 00 00 00 02 01 00 07 00 08 00 00 00 00 00 00 2e 01 00 00 00 01 2c 19 02 00 00 01 00 1e 03 00 00 01 01 27 04 04 00 00 02 00 27 05 00 01 02 01 03 12 06 00 00 03 00 04 07 00 00 03 01 2c 11 2e 00 00 01 00 02 00 03 00 04 00 05 00 06 00 07 00 08 00 09 00 0a 00 0b 00 0c 00 0d 00 0e 00 0f 00 10 00 11 00 12 00 13 00 14 00 15 00 16 00 17 00 18 00 19 00 1a 00 1b 00 1c 00 1d 00 1e 00 1f 00 21 00 22 00 23 00 24 00 25 00 26 00 27 00 28 00 29 00 2c 00 2d 00 2e 00 2f 00 30 00 17 00 00 01 00 02 00 03 00 05 00 18 00 19 00 1a 00 1b 00 1c 00 1d 00 1e 00 1f 00 20 00 21 00 22 00 23 00 24 00 25 00 26 00 27 00 28 00 29 00 
[1786974292376] 6d 71 7e ef 7d 07 01 72 7e ef 7d 07 
[1786974292728] 1d 
[1786974294383] 6d 72 7e ef 7d 07 01 71 7e ef 7d 07 
[1786974295451] 1e 
[1786974296386] 6d 71 7e ef 7d 07 01 71 7e ee 7d 07 
[1786974297753] 1d 
[1786974298388] 6d 71 7e ee 7d 07 01 72 7e ee 7d 07 
[1786974300382] 82 c9 d7 
[1786974300382] ef 11 30 
[1786974300406] 6d 72 7e ee 7d 07 01 71 7e ee 7d 07 
[1786974301458] 1e 
[1786974302407] 6d 71 7e ee 7d 07 01 72 7e ee 7d 07 
[1786974302759] 1d 
[1786974304409] 6d 72 7e ee 7d 07 01 71 7e ee 7d 07 
[1786974306411] 6d 71 7e ee 7d 07 01 70 7e ee 7d 07 
[1786974307489] 1e 
[1786974307762] 1d 
[1786974308411] 6d 70 7e ee 7d 07 01 71 7e ee 7d 07 
[1786974310382] 82 c2 d7 
[1786974310382] ef 11 34 
[1786974310416] 6d 71 7e ee 7d 07 01 72 7e ee 7d 07 
[1786974312440] 6d 72 7e ee 7d 07 01 72 7e ef 7d 07 
[1786974312792] 1d 
[1786974313497] 1e 
[1786974314443] 6d 72 7e ef 7d 07 01 72 7e ee 7d 07 
[1786974316451] 6d 72 7e ee 7d 07 01 72 7e ef 7d 07 
[1786974317802] 1d 
[1786974318453] 6d 72 7e ef 7d 07 01 71 7e ef 7d 07 
[1786974318608] a1 27 00 20 00 20 00 e7 16 13 00 13 00 13 00 7b 11 0a 00 0a 00 0a 00 00 00 0a 00 0a 00 0a 00 00 00 0a 00 0a 00 0a 00 00 00 9a 00 6a 00 6a 00 91 1e 4d 00 4d 00 4d 00 11 06 0a 00 0a 00 0a 00 00 00 00 1a a0 18 00 28 a5 14 00 7d 00 ad 01 00 04 ff ff ff 7f 00 04 57 1b 00 80 04 9f 0f 00 80 04 97 08 00 80 04 27 23 00 80 04 ff ff ff 7f 00 00 26 00 00 00 04 7c 00 00 80 04 ff ff ff 7f 00 00 07 00 04 10 03 00 80 03 04 6f 03 00 80 02 04 8c 04 00 80 01 04 28 0a 00 80 04 04 f3 01 00 80 05 04 8c 04 00 80 06 04 f3 01 00 80 04 ff ff ff 7f 04 ff ff ff 7f 04 ff ff ff 7f 
[1786974318608] a0 7b 1c 00 00 9b 1c 00 00 05 b6 0f 00 b3 1e e1 13 01 00 00 00 8e 02 76 10 55 03 00 00 00 00 96 00 8e 26 00 00 7e 27 00 00 c8 a2 09 fb 02 00 00 d6 01 00 00 01 00 00 00 00 00 00 00 00 
[1786974318608] 9f 01 ee bf 9e 6a 0c 01 2e 00 5a 00 24 00 30 00 9f 00 ae 00 33 00 06 00 2e 01 a9 00 7d 00 7c 00 0b 00 6d 00 6f 00 2d 00 4c 00 14 00 a0 00 4f 00 c3 00 ee 00 bf 00 6e 00 7a 00 1d 00 31 00 5f 00 39 01 01 00 b0 00 2a 00 14 00 09 01 51 00 93 00 02 01 6c 00 86 00 3a 01 7f 00 02 00 39 00 0a 00 8f 00 2f 01 0c 01 00 
[1786974318608] 5e 01 00 01 00 00 00 e0 a5 01 00 00 
[1786974318608] 6b 71 7e ea 7d 07 01 61 00 00 00 00 00 a2 00 00 10 00 08 00 4b 75 6b 75 72 65 6a 61 64 02 89 00 15 55 55 43 02 73 03 00 00 00 00 05 d5 14 03 00 00 00 00 00 0c 00 ff 00 00 
[1786974318608] ee 00 72 e0 a4 0a 00 00 00 00 
[1786974318608] ee 01 00 00 00 00 00 00 00 00 
[1786974318608] ee 51 00 00 00 00 00 00 00 00 
[1786974318608] ee 52 00 00 00 00 00 00 00 00 
[1786974318608] ee 53 00 00 00 00 00 00 00 00 
[1786974318608] ee 54 00 00 00 00 00 00 00 00 
[1786974318608] ee 55 00 00 00 00 00 00 00 00 
[1786974318608] 5f a2 00 00 10 01 01 02 5c 02 00 00 00 00 00 00 36 00 00 00 00 00 00 00 00 00 64 00 00 00 00 00 00 00 00 00 64 00 4b 00 32 00 00 00 00 00 00 00 00 00 00 00 00 00 32 00 4b 00 64 00 00 00 00 00 00 00 00 00 00 00 00 00 00 00 00 00 00 00 00 00 00 00 00 00 00 00 00 00 00 00 08 00 00 00 00 00 00 2e 01 00 00 00 01 2c 19 02 00 00 01 00 1e 03 00 00 01 01 27 04 04 00 00 02 00 27 05 00 01 02 01 03 12 06 00 00 03 00 04 07 00 00 03 01 2c 11 2e 00 00 01 00 02 00 03 00 04 00 05 00 06 00 07 00 08 00 09 00 0a 00 0b 00 0c 00 0d 00 0e 00 0f 00 10 00 11 00 12 00 13 00 14 00 15 00 16 00 17 00 18 00 19 00 1a 00 1b 00 1c 00 1d 00 1e 00 1f 00 21 00 22 00 23 00 24 00 25 00 26 00 27 00 28 00 29 00 2c 00 2d 00 2e 00 2f 00 30 00 17 00 00 01 00 02 00 03 00 05 00 18 00 19 00 1a 00 1b 00 1c 00 1d 00 1e 00 1f 00 20 00 21 00 22 00 23 00 24 00 25 00 26 00 27 00 28 00 29 00 
[1786974319542] 1e 
[1786974320382] 82 bb d7 
[1786974320382] ef 11 38 
[1786974320454] 6d 71 7e ef 7d 07 01 72 7e ef 7d 07 
[1786974322455] 6d 72 7e ef 7d 07 01 71 7e ef 7d 07 
[1786974322808] 1d 
[1786974324460] 6d 71 7e ef 7d 07 01 72 7e ef 7d 07 
[1786974325441] 1e 
[1786974326478] 6d 72 7e ef 7d 07 01 71 7e ef 7d 07 
[1786974327832] 1d 
[1786974328481] 6d 71 7e ef 7d 07 01 72 7e ef 7d 07 
[1786974330382] 82 b4 d7 
[1786974330382] ef 12 00 
[1786974330485] 6d 72 7e ef 7d 07 01 72 7e ee 7d 07 
[1786974331547] 1e 
[1786974332489] 6d 72 7e ee 7d 07 01 71 7e ee 7d 07 
[1786974332840] 1d 
[1786974333278] a1 27 00 20 00 20 00 e7 16 13 00 13 00 13 00 7b 11 0a 00 0a 00 0a 00 00 00 0a 00 0a 00 0a 00 00 00 0a 00 0a 00 0a 00 00 00 9a 00 6a 00 6a 00 91 1e 4d 00 4d 00 4d 00 11 06 0a 00 0a 00 0a 00 00 00 00 3a ee 18 00 28 a5 14 00 7d 00 ad 01 00 04 ff ff ff 7f 00 04 57 1b 00 80 04 9f 0f 00 80 04 97 08 00 80 04 27 23 00 80 04 ff ff ff 7f 00 00 26 00 00 00 04 7c 00 00 80 04 ff ff ff 7f 00 00 07 00 04 10 03 00 80 03 04 6f 03 00 80 02 04 54 05 00 80 01 04 8c 0a 00 80 04 04 f3 01 00 80 05 04 8c 04 00 80 06 04 f3 01 00 80 04 ff ff ff 7f 04 ff ff ff 7f 04 ff ff ff 7f 
[1786974333278] a0 7b 1c 00 00 9b 1c 00 00 25 04 10 00 b3 1e e1 13 01 00 00 00 8e 02 76 10 55 03 00 00 00 00 96 00 8e 26 00 00 7e 27 00 00 c8 a2 09 fb 02 00 00 d6 01 00 00 01 00 00 00 00 00 00 00 00 
[1786974333278] 9f 01 fd bf 9e 6a 0c 01 2e 00 5a 00 24 00 30 00 9f 00 ae 00 33 00 06 00 2e 01 a9 00 7d 00 7c 00 0b 00 6d 00 6f 00 2d 00 4c 00 14 00 a0 00 4f 00 c3 00 ee 00 bf 00 6e 00 7a 00 1d 00 31 00 5f 00 39 01 01 00 b0 00 2a 00 14 00 09 01 51 00 93 00 02 01 6c 00 86 00 3a 01 7f 00 02 00 39 00 0a 00 8f 00 2f 01 0c 01 00 
[1786974333278] 5e 01 00 01 00 00 00 e0 a5 01 00 00 
[1786974333278] 6b 71 7e ea 7d 07 01 61 00 00 00 00 00 a2 00 00 10 00 08 00 4b 75 6b 75 72 65 6a 61 64 02 89 00 15 55 55 43 02 73 03 00 00 00 00 05 d5 14 03 00 00 00 00 00 0c 00 ff 00 00 
[1786974333278] ee 00 72 e0 a4 0a 00 00 00 00 
[1786974333278] ee 01 00 00 00 00 00 00 00 00 
[1786974333278] ee 51 00 00 00 00 00 00 00 00 
[1786974333278] ee 52 00 00 00 00 00 00 00 00 
[1786974333278] ee 53 00 00 00 00 00 00 00 00 
[1786974333278] ee 54 00 00 00 00 00 00 00 00 
[1786974333278] ee 55 00 00 00 00 00 00 00 00 
[1786974333278] 5f a2 00 00 10 01 01 02 5c 02 00 00 00 00 00 00 36 00 00 00 00 00 00 00 00 00 64 00 00 00 00 00 00 00 00 00 64 00 4b 00 32 00 00 00 00 00 00 00 00 00 00 00 00 00 32 00 4b 00 64 00 00 00 00 00 00 00 00 00 00 00 00 00 00 00 00 00 00 00 00 00 00 00 00 00 00 00 00 00 00 02 01 00 06 00 08 00 00 00 00 00 00 2e 01 00 00 00 01 2c 19 02 00 00 01 00 1e 03 00 00 01 01 27 04 04 00 00 02 00 27 05 00 01 02 01 03 12 06 00 00 03 00 04 07 00 00 03 01 2c 11 2e 00 00 01 00 02 00 03 00 04 00 05 00 06 00 07 00 08 00 09 00 0a 00 0b 00 0c 00 0d 00 0e 00 0f 00 10 00 11 00 12 00 13 00 14 00 15 00 16 00 17 00 18 00 19 00 1a 00 1b 00 1c 00 1d 00 1e 00 1f 00 21 00 22 00 23 00 24 00 25 00 26 00 27 00 28 00 29 00 2c 00 2d 00 2e 00 2f 00 30 00 17 00 00 01 00 02 00 03 00 05 00 18 00 19 00 1a 00 1b 00 1c 00 1d 00 1e 00 1f 00 20 00 21 00 22 00 23 00 24 00 25 00 26 00 27 00 28 00 29 00 
[1786974334491] 6d 71 7e ee 7d 07 01 70 7e ee 7d 07 
[1786974336510] 6d 70 7e ee 7d 07 01 70 7e ef 7d 07 
[1786974337541] 1e 
[1786974337861] 1d 
[1786974338512] 6d 70 7e ef 7d 07 01 6f 7e ef 7d 07 
[1786974339862] a0 7b 1c 00 00 9b 1c 00 00 25 04 10 00 b3 1e e1 13 01 00 00 00 8e 02 76 10 55 03 00 00 00 00 96 00 8e 26 00 00 7e 27 00 00 c8 a2 09 fb 02 00 00 d7 01 00 00 01 00 00 00 00 00 00 00 00 
[1786974340382] 82 ad d7 
[1786974340382] ef 12 04 
[1786974340513] 6d 6f 7e ef 7d 07 01 6f 7e ee 7d 07 
[1786974340823] 6d 71 7e ea 7d 07 01 71 7e e9 7d 07 65 98 01 6f 0b 0f 09 00 ff 98 01 39 09 00 ff 98 01 24 19 00 ff 68 00 00 ff 68 00 b4 11 00 ff a3 11 26 0e 00 ff 66 03 b6 11 00 ff 66 03 00 ff 66 03 00 ff 66 03 b4 11 00 ff a3 11 26 0e 00 ff 68 00 b6 11 00 ff 68 00 00 ff 68 00 00 ff a3 11 79 12 21 14 5b 0b 00 ff 98 01 00 ff 98 01 00 ff 98 01 01 05 2d 0a 00 ff 98 01 02 05 00 ff 98 01 05 05 0b ff 21 14 00 ff 98 01 00 ff 98 01 00 ff 98 01 66 06 00 ff 98 01 00 ff bc 13 00 ff ba 13 0a ff 85 04 00 ff 86 04 00 ff 86 04 00 ff 86 04 00 ff 86 04 00 ff 86 04 5a ff 
[1786974342183] 6d 71 7e e9 7d 07 01 70 7e e9 7d 07 68 98 01 37 09 00 ff 98 01 20 14 00 ff 98 01 00 ff 98 01 00 ff 98 01 0e 09 00 ff 98 01 00 ff 98 01 00 ff 98 01 00 ff 98 01 a8 09 00 00 ff 98 01 02 05 2d 25 00 ff 68 00 00 ff a9 11 0f 05 00 ff 99 01 00 ff 99 01 00 ff 98 01 0a 05 00 ff 98 01 01 05 00 ff 98 01 21 14 00 ff 98 01 26 19 00 ff 98 01 21 14 00 ff 98 01 05 05 00 ff 98 01 dc 09 01 00 ff 98 01 00 ff 98 01 a6 0b 00 ff b8 01 6b 08 00 ff 0f 05 00 ff 99 01 1f 04 00 ff 99 01 21 04 00 ff 99 01 00 ff bb 13 00 ff b9 13 00 ff b9 13 00 ff b9 13 00 ff b9 13 04 ff 8b 04 00 ff 86 04 00 ff 86 04 00 ff 86 04 00 ff 86 04 46 ff 
[1786974342287] 6d 70 7e e9 7d 07 01 70 7e e8 7d 07 65 98 01 00 ff 98 01 00 ff 98 01 00 ff 98 01 21 14 2c 25 00 ff 68 00 00 ff 68 00 b4 11 00 ff a3 11 46 0e 00 ff 66 03 b6 11 00 ff 66 03 00 ff 66 03 00 ff 66 03 b4 11 00 ff ae 11 46 0e 00 ff 68 00 b6 11 00 ff 68 00 00 ff 68 00 00 ff a3 11 79 12 01 05 00 ff 98 01 00 ff 98 01 00 ff 98 01 6f 0b 0f 09 00 ff 98 01 39 09 00 ff 98 01 22 14 0b ff 21 14 5b 0b 00 ff 98 01 00 ff 98 01 00 ff 98 01 01 05 2d 0a 00 ff 80 04 00 ff 80 04 00 ff b9 13 0a ff 85 04 00 ff 86 04 00 ff 86 04 00 ff 86 04 00 ff 86 04 5a ff 
[1786974342525] 6d 70 7e e8 7d 07 01 70 7e e7 7d 07 65 98 01 83 09 00 00 ff 98 01 84 09 00 00 ff 98 01 85 09 00 00 ff 98 01 21 14 2c 25 00 ff 68 00 00 ff 68 00 b4 11 00 ff af 11 26 0e 00 ff 66 03 b6 11 00 ff 66 03 00 ff 66 03 00 ff 66 03 b4 11 00 ff ae 11 26 0e 00 ff 68 00 b6 11 00 ff 68 00 00 ff 68 00 00 ff a3 11 79 12 08 05 00 ff 98 01 02 05 00 ff 98 01 02 05 00 ff 98 01 00 ff 98 01 00 ff 98 01 26 19 0b ff 01 05 00 ff 98 01 00 ff 98 01 00 ff 98 01 01 05 2d 0a 00 ff 80 04 00 ff 80 04 00 ff b9 13 0a ff 85 04 00 ff 86 04 00 ff 86 04 00 ff 86 04 00 ff 86 04 5a ff 
[1786974342529] 6d 6f 7e ee 7d 07 01 70 7e ee 7d 07 
[1786974342630] 6d 70 7e e7 7d 07 02 70 7e e6 7d 07 65 98 01 00 ff 98 01 00 ff 98 01 00 ff 98 01 26 19 00 ff 68 00 00 ff 68 00 b4 11 00 ff a3 11 49 0e 00 ff 66 03 b6 11 00 ff 66 03 00 ff 66 03 00 ff 66 03 b4 11 00 ff a3 11 49 0e 00 ff 68 00 b6 11 00 ff 68 00 00 ff 68 00 00 ff a3 11 7c 12 21 14 00 ff 98 01 00 ff 98 01 00 ff 98 01 84 09 00 00 ff 98 01 85 09 00 00 ff 98 01 22 14 0b ff b9 01 03 05 6c 08 00 ff 98 01 02 05 00 ff 98 01 02 05 00 ff 98 01 07 05 5b 0b 00 ff 80 04 00 ff 80 04 00 ff b9 13 0a ff 85 04 00 ff 86 04 00 ff 86 04 00 ff 86 04 00 ff 86 04 5a ff 
[1786974342630] a9 00 01 95 00 41 63 74 69 76 65 20 52 65 73 74 69 6e 67 20 41 72 65 61 20 42 6f 6e 75 73 65 73 3a 20 0a 44 6f 75 62 6c 65 20 48 69 74 20 50 6f 69 6e 74 73 20 52 65 67 65 6e 65 72 61 74 69 6f 6e 2c 0a 44 6f 75 62 6c 65 20 4d 61 6e 61 20 50 6f 69 6e 74 73 20 52 65 67 65 6e 65 72 61 74 69 6f 6e 2c 0a 53 74 61 6d 69 6e 61 20 50 6f 69 6e 74 73 20 52 65 67 65 6e 65 72 61 74 69 6f 6e 2c 0a 53 6f 75 6c 20 50 6f 69 6e 74 73 20 52 65 67 65 6e 65 72 61 74 69 6f 6e 2e 
[1786974342630] a2 00 10 00 00 00 00 00 00 00 
[1786974342630] 5d 09 01 ed 98 00 02 01 0d 00 50 6f 77 65 72 66 75 6c 20 56 6f 69 64 33 00 ae e7 02 00 00 01 11 00 50 6f 77 65 72 66 75 6c 20 45 70 69 70 68 61 6e 79 42 00 ae e7 02 00 00 03 e5 5b 09 00 00 00 00 00 00 00 80 01 01 13 00 42 61 73 69 63 20 46 65 61 74 68 65 72 77 65 69 67 68 74 4c 00 1d 70 00 00 00 04 74 7f 00 02 01 12 00 50 6f 77 65 72 66 75 6c 20 56 61 6d 70 69 72 69 73 6d 30 00 49 22 03 00 00 01 14 00 50 6f 77 65 72 66 75 6c 20 44 72 61 67 6f 6e 20 48 69 64 65 24 00 49 22 03 00 00 05 ee 98 0b 00 00 00 00 ee 01 00 00 00 00 00 00 00 06 28 85 00 03 01 0d 00 50 6f 77 65 72 66 75 6c 20 56 6f 69 64 33 00 84 f9 02 00 00 01 0f 00 50 6f 77 65 72 66 75 6c 20 53 74 72 69 6b 65 03 00 84 f9 02 00 00 01 12 00 50 6f 77 65 72 66 75 6c 20 56 61 6d 70 69 72 69 73 6d 30 00 84 f9 02 00 00 07 bd 8a 00 00 08 81 7b 00 01 00 0a 79 65 00 0b 64 5b 00 00 
[1786974342630] 5e 01 00 01 00 00 00 e0 a5 01 00 00 
[1786974342630] 92 a2 00 00 10 00 
[1786974342630] a9 00 01 95 00 41 63 74 69 76 65 20 52 65 73 74 69 6e 67 20 41 72 65 61 20 42 6f 6e 75 73 65 73 3a 20 0a 44 6f 75 62 6c 65 20 48 69 74 20 50 6f 69 6e 74 73 20 52 65 67 65 6e 65 72 61 74 69 6f 6e 2c 0a 44 6f 75 62 6c 65 20 4d 61 6e 61 20 50 6f 69 6e 74 73 20 52 65 67 65 6e 65 72 61 74 69 6f 6e 2c 0a 53 74 61 6d 69 6e 61 20 50 6f 69 6e 74 73 20 52 65 67 65 6e 65 72 61 74 69 6f 6e 2c 0a 53 6f 75 6c 20 50 6f 69 6e 74 73 20 52 65 67 65 6e 65 72 61 74 69 6f 6e 2e 
[1786974342630] a2 00 10 00 00 00 00 00 00 00 
[1786974342630] b4 15 48 00 59 6f 75 20 61 72 65 20 6e 6f 20 6c 6f 6e 67 65 72 20 72 65 66 69 6c 6c 69 6e 67 20 73 74 61 6d 69 6e 61 2c 20 73 69 6e 63 65 20 79 6f 75 20 6c 65 66 74 20 61 20 72 65 67 65 6e 65 72 61 74 69 6f 6e 20 7a 6f 6e 65 2e 
[1786974342750] 6d 70 7e e6 7d 07 02 70 7e e5 7d 07 65 98 01 83 09 00 00 ff 98 01 84 09 00 00 ff 98 01 85 09 00 00 ff 98 01 21 14 2c 25 00 ff 68 00 00 ff 68 00 b4 11 00 ff a3 11 26 0e 00 ff 66 03 b6 11 00 ff 66 03 00 ff 66 03 b3 01 00 ff 66 03 b4 11 00 ff ae 11 26 0e 00 ff 68 00 b6 11 00 ff 68 00 00 ff 68 00 00 ff a3 11 26 19 00 ff 98 01 00 ff 98 01 00 ff 98 01 00 ff 98 01 00 ff 98 01 26 19 0b ff b9 01 6c 08 00 ff 98 01 00 ff 98 01 00 ff 98 01 66 06 00 ff 80 04 00 ff 80 04 00 ff b9 13 0a ff 8a 04 00 ff 8b 04 00 ff 8b 04 00 ff 85 04 8b 04 00 ff 86 04 5a ff 
[1786974342857] 6d 70 7e e5 7d 07 01 70 7e e4 7d 07 65 98 01 00 ff 98 01 00 ff 98 01 00 ff 98 01 21 14 2c 25 00 ff 68 00 00 ff 68 00 b4 11 00 ff a3 11 af 55 00 ff 66 03 b6 11 00 ff 66 03 00 ff 66 03 00 ff 66 03 b4 11 00 ff a6 11 46 0e 00 ff 68 00 b6 11 00 ff 68 00 00 ff 68 00 00 ff a3 11 01 05 5c 0b 00 ff 98 01 00 ff 98 01 00 ff 98 01 84 09 00 00 ff 98 01 84 09 00 00 ff 98 01 22 14 0b ff b9 01 6c 08 00 ff 98 01 00 ff 98 01 00 ff 98 01 08 05 00 ff 80 04 00 ff 80 04 00 ff b9 13 0d ff 85 04 00 ff 86 04 5a ff 
[1786974342881] 1d 
[1786974342957] 6d 70 7e e4 7d 07 01 70 7e e3 7d 07 65 98 01 83 09 00 00 ff 98 01 84 09 00 00 ff 98 01 85 09 00 00 ff 98 01 26 19 00 ff 68 00 00 ff 68 00 b4 11 00 ff a3 11 26 0e 00 ff 66 03 b6 11 00 ff 66 03 00 ff 66 03 00 ff 66 03 b4 11 00 ff b0 11 26 0e 00 ff 68 00 b6 11 00 ff 68 00 00 ff 68 00 00 ff a6 11 21 14 00 ff 98 01 00 ff 98 01 00 ff 98 01 00 ff 98 01 00 ff 98 01 26 19 0b ff b9 01 6c 08 00 ff 98 01 00 ff 98 01 00 ff 98 01 66 06 00 ff 80 04 00 ff 80 04 00 ff b9 13 0d ff 85 04 00 ff 86 04 5a ff 
[1786974343061] 6d 70 7e e3 7d 07 01 70 7e e2 7d 07 65 98 01 00 ff 98 01 00 ff 98 01 00 ff 98 01 01 05 2c 25 00 ff 68 00 00 ff 68 00 6a 02 00 ff a3 11 49 0e 00 ff 66 03 b6 11 00 ff 66 03 00 ff 66 03 00 ff 66 03 b4 11 00 ff a3 11 49 0e 00 ff 68 00 b6 11 00 ff 68 00 00 ff 68 00 00 ff 21 14 00 ff 98 01 9b 07 00 ff 98 01 00 ff 98 01 84 09 00 00 ff 98 01 84 09 00 00 ff 98 01 01 05 00 ff c1 01 0a ff b9 01 6c 08 00 ff 98 01 00 ff 98 01 00 ff 98 01 01 05 5b 0b 00 ff 80 04 00 ff 80 04 00 ff b9 13 b8 13 0d ff 85 04 00 ff 86 04 5a ff 
[1786974343187] 6d 70 7e e2 7d 07 01 70 7e e1 7d 07 65 98 01 00 ff 98 01 00 ff 98 01 a6 0b 00 ff 98 01 01 05 2c 25 00 ff 67 00 eb 11 00 ff 67 00 eb 11 6a 02 00 ff a3 11 26 0e 00 ff 66 03 b6 11 00 ff 66 03 00 ff 66 03 00 ff 66 03 b4 11 00 ff a3 11 26 0e 00 ff 67 00 eb 11 b6 11 00 ff 67 00 eb 11 00 ff 67 00 eb 11 00 ff 67 00 21 14 00 ff 98 01 07 05 00 ff 98 01 00 ff 98 01 02 05 00 ff 98 01 02 05 00 ff 98 01 04 05 00 ff ba 01 6d 08 0a ff b9 01 6c 08 00 ff b2 01 00 ff 98 01 00 ff 98 01 01 05 00 ff 80 04 00 ff 80 04 00 ff b9 13 0d ff 85 04 00 ff 86 04 5a ff 
[1786974343287] 6d 70 7e e1 7d 07 01 70 7e e0 7d 07 65 66 03 60 06 00 ff 66 03 02 05 5e 0b 00 ff 66 03 31 12 02 05 00 ff 67 00 04 05 00 ff 67 00 53 45 00 ff 67 00 ba 11 00 ff 66 03 33 12 b5 11 47 18 00 ff 66 03 b9 11 00 ff 66 03 00 ff 66 03 00 ff 66 03 ba 11 00 ff 66 03 31 12 b5 11 00 ff 67 00 b9 11 63 45 00 ff 67 00 00 ff 67 00 00 ff 67 00 03 05 00 ff 67 00 20 14 00 ff 66 03 33 12 1f 14 00 ff 98 01 00 ff 98 01 00 ff 98 01 00 ff ba 01 6d 08 6f 08 0a ff b9 01 6c 08 00 ff 98 01 00 ff 98 01 00 ff 98 01 01 05 00 ff 81 04 00 ff 81 04 00 ff b8 13 0d ff 85 04 00 ff 86 04 5a ff 
[1786974343319] 8f a2 00 00 10 fb 02 ec 03 
[1786974343319] a9 00 01 95 00 41 63 74 69 76 65 20 52 65 73 74 69 6e 67 20 41 72 65 61 20 42 6f 6e 75 73 65 73 3a 20 0a 44 6f 75 62 6c 65 20 48 69 74 20 50 6f 69 6e 74 73 20 52 65 67 65 6e 65 72 61 74 69 6f 6e 2c 0a 44 6f 75 62 6c 65 20 4d 61 6e 61 20 50 6f 69 6e 74 73 20 52 65 67 65 6e 65 72 61 74 69 6f 6e 2c 0a 53 74 61 6d 69 6e 61 20 50 6f 69 6e 74 73 20 52 65 67 65 6e 65 72 61 74 69 6f 6e 2c 0a 53 6f 75 6c 20 50 6f 69 6e 74 73 20 52 65 67 65 6e 65 72 61 74 69 6f 6e 2e 
[1786974343319] a2 40 10 00 00 00 00 00 00 00 
[1786974343319] 83 70 7e e0 7d 07 03 0f 00 01 00 
[1786974343319] a4 06 00 d0 07 00 00 
[1786974343319] a9 00 01 95 00 41 63 74 69 76 65 20 52 65 73 74 69 6e 67 20 41 72 65 61 20 42 6f 6e 75 73 65 73 3a 20 0a 44 6f 75 62 6c 65 20 48 69 74 20 50 6f 69 6e 74 73 20 52 65 67 65 6e 65 72 61 74 69 6f 6e 2c 0a 44 6f 75 62 6c 65 20 4d 61 6e 61 20 50 6f 69 6e 74 73 20 52 65 67 65 6e 65 72 61 74 69 6f 6e 2c 0a 53 74 61 6d 69 6e 61 20 50 6f 69 6e 74 73 20 52 65 67 65 6e 65 72 61 74 69 6f 6e 2c 0a 53 6f 75 6c 20 50 6f 69 6e 74 73 20 52 65 67 65 6e 65 72 61 74 69 6f 6e 2e 
[1786974343319] a2 40 10 00 00 00 00 00 00 00 
[1786974343319] a5 03 d0 07 00 00 
[1786974343319] a9 00 01 95 00 41 63 74 69 76 65 20 52 65 73 74 69 6e 67 20 41 72 65 61 20 42 6f 6e 75 73 65 73 3a 20 0a 44 6f 75 62 6c 65 20 48 69 74 20 50 6f 69 6e 74 73 20 52 65 67 65 6e 65 72 61 74 69 6f 6e 2c 0a 44 6f 75 62 6c 65 20 4d 61 6e 61 20 50 6f 69 6e 74 73 20 52 65 67 65 6e 65 72 61 74 69 6f 6e 2c 0a 53 74 61 6d 69 6e 61 20 50 6f 69 6e 74 73 20 52 65 67 65 6e 65 72 61 74 69 6f 6e 2c 0a 53 6f 75 6c 20 50 6f 69 6e 74 73 20 52 65 67 65 6e 65 72 61 74 69 6f 6e 2e 
[1786974343319] a2 40 10 00 00 00 00 00 00 00 
[1786974343319] 83 70 7e e0 7d 07 06 01 ee 03 00 
[1786974343319] a0 7b 1c 00 00 9b 1c 00 00 25 04 10 00 b3 1e e1 13 01 00 00 00 8e 02 76 10 55 03 00 00 00 00 96 00 8e 26 00 00 7e 27 00 00 c8 a2 09 fb 02 00 00 d7 01 00 00 01 00 00 00 00 00 00 00 00 
[1786974343319] a1 27 00 20 00 20 00 e7 16 13 00 13 00 13 00 7b 11 0a 00 0a 00 0a 00 00 00 0a 00 0a 00 0a 00 00 00 0a 00 0a 00 0a 00 00 00 9a 00 6a 00 6a 00 91 1e 4d 00 4d 00 4d 00 11 06 0a 00 0a 00 0a 00 00 00 00 3a ee 18 00 28 a5 14 00 7d 00 ad 01 00 04 ff ff ff 7f 00 04 57 1b 00 80 04 9f 0f 00 80 04 97 08 00 80 04 27 23 00 80 04 ff ff ff 7f 00 00 26 00 00 00 04 7c 00 00 80 04 ff ff ff 7f 00 00 07 00 04 10 03 00 80 03 04 6f 03 00 80 02 04 54 05 00 80 01 04 8c 0a 00 80 04 04 f3 01 00 80 05 04 8c 04 00 80 06 04 f3 01 00 80 04 ff ff ff 7f 04 ff ff ff 7f 04 ff ff ff 7f 
[1786974343319] a0 7b 1c 00 00 9b 1c 00 00 25 04 10 00 b3 1e e1 13 01 00 00 00 8e 02 76 10 55 03 00 00 00 00 96 00 52 26 00 00 7e 27 00 00 c8 a2 09 fb 02 00 00 d7 01 00 00 01 00 00 00 00 00 00 00 00 
[1786974343319] aa e9 6b 00 00 08 00 4b 75 6b 75 72 65 6a 61 00 8e 02 24 70 7e e0 7d 07 09 00 75 74 61 6e 69 20 68 75 72 
[1786974343393] 6d 70 7e e0 7d 07 01 70 7e df 7d 07 65 66 03 00 ff 66 03 00 ff 66 03 37 12 00 ff 66 03 32 12 00 ff 66 03 32 12 00 ff 66 03 32 12 00 ff 66 03 36 12 3d 08 00 ff 66 03 00 ff 66 03 00 ff 66 03 00 ff 66 03 00 ff 66 03 37 12 00 ff 66 03 32 12 00 ff 66 03 32 12 00 ff 66 03 32 12 00 ff 66 03 32 12 62 45 00 ff 66 03 32 12 00 ff 66 03 36 12 00 ff b7 01 6a 08 00 ff b7 01 6a 08 00 ff b7 01 6a 08 00 ff c0 01 85 14 0a ff bf 01 00 ff b7 01 6a 08 00 ff b7 01 6a 08 00 ff 03 05 6a 08 10 ff 85 04 00 ff 86 04 5a ff 
[1786974343497] 6d 70 7e df 7d 07 01 70 7e de 7d 07 65 66 03 00 ff 66 03 00 ff 66 03 00 ff 66 03 00 ff 66 03 69 07 00 ff 66 03 6b 07 00 ff 66 03 6a 07 00 ff 66 03 00 ff 66 03 6c 07 00 ff 66 03 00 ff 66 03 00 ff 66 03 6a 07 00 ff 66 03 6c 07 00 ff 66 03 6c 07 00 ff 66 03 00 ff 66 03 6a 07 00 ff 66 03 00 ff 66 03 22 ff 8a 04 00 ff 8b 04 5a ff 
[1786974343595] 1e 
[1786974343597] 6d 70 7e de 7d 07 01 70 7e dd 7d 07 65 66 03 00 ff 66 03 6c 07 00 ff 66 03 00 ff 66 03 00 ff 66 03 00 ff 66 03 6b 07 00 ff 66 03 00 ff 66 03 00 ff 66 03 6b 07 00 ff 66 03 00 ff 66 03 6c 07 00 ff 66 03 00 ff 66 03 00 ff 66 03 6b 07 00 ff 66 03 00 ff 66 03 6b 07 00 ff 66 03 6a 07 00 ff 66 03 6c 07 7e ff 
[1786974343700] 6d 70 7e dd 7d 07 01 70 7e dc 7d 07 65 66 03 00 ff 66 03 00 ff 66 03 6b 07 00 ff 66 03 6b 07 00 ff 66 03 00 ff 66 03 6c 07 00 ff 66 03 00 ff 66 03 6c 07 00 ff 66 03 6a 07 00 ff 66 03 00 ff 66 03 00 ff 66 03 00 ff 66 03 6b 07 00 ff 66 03 6c 07 00 ff 66 03 00 ff 66 03 6b 07 00 ff 66 03 00 ff 66 03 7e ff 
[1786974343800] 6d 70 7e dc 7d 07 01 70 7e db 7d 07 65 66 03 30 12 00 ff 66 03 30 12 00 ff 66 03 30 12 69 07 00 ff 66 03 30 12 00 ff 66 03 30 12 3e 45 00 ff 66 03 30 12 ad 0d 00 ff 66 03 34 12 5b 45 6a 07 00 ff 66 03 6c 07 00 ff 66 03 6a 07 00 ff 66 03 00 ff 66 03 b3 01 00 ff 66 03 b8 11 3f 45 00 ff 66 03 b3 11 e5 07 69 07 00 ff 66 03 b3 11 00 ff 66 03 b3 11 00 ff 66 03 b3 11 00 ff 66 03 b3 11 00 ff 66 03 b3 11 7e ff 
[1786974343908] 6d 70 7e db 7d 07 01 70 7e da 7d 07 65 98 01 f7 04 71 0b 00 ff 98 01 f7 04 00 ff 98 01 29 19 00 ff 98 01 f7 04 00 ff 98 01 f7 04 00 ff 98 01 fa 04 70 21 00 ff 66 03 33 12 e6 07 00 ff 66 03 00 ff 66 03 00 ff 66 03 62 00 68 02 00 80 64 01 8c 00 60 51 4f 5f 00 00 00 00 d7 37 00 00 00 00 02 01 ff 00 01 00 ff 66 03 00 ff 66 03 b4 11 3d 08 00 ff a3 11 00 ff a5 11 00 ff a7 11 e6 21 00 ff f5 11 e5 21 00 ff a3 11 e4 21 00 ff aa 11 de 07 7e ff 
[1786974344008] 6d 70 7e da 7d 07 01 70 7e d9 7d 07 65 98 01 d8 15 00 ff 98 01 d9 15 00 ff 98 01 d9 15 eb 09 00 ff 98 01 d9 15 00 ff 98 01 da 15 00 ff 98 01 f6 04 00 ff 66 03 33 12 de 09 00 ff 66 03 00 ff 66 03 00 ff 66 03 00 ff 66 03 00 ff 66 03 b4 11 00 ff ac 11 00 ff a3 11 00 ff f5 11 e7 21 00 ff a3 11 e8 21 00 ff f5 11 e3 21 00 ff a9 11 00 ff 98 01 f7 04 00 ff 98 01 f7 04 00 ff 98 01 29 19 00 ff 98 01 f7 04 00 ff 98 01 fa 04 70 21 0d ff bc 13 00 ff bc 13 00 ff bc 13 00 ff bc 13 00 ff ba 13 67 ff 
[1786974344108] 6d 70 7e d9 7d 07 01 70 7e d8 7d 07 65 98 01 d5 15 00 ff 98 01 d6 15 00 ff 98 01 d6 15 00 ff 98 01 d6 15 00 ff 98 01 d7 15 00 ff 98 01 2a 19 00 ff 66 03 33 12 a5 0b 00 ff 66 03 00 ff 66 03 00 ff 66 03 00 ff 66 03 b8 11 00 ff 66 03 bc 11 00 ff a6 11 00 ff a3 11 21 0e 00 ff a8 11 e0 21 00 ff f5 11 e1 21 00 ff a3 11 e2 21 00 ff ae 11 00 ff 98 01 00 ff 98 01 00 ff 98 01 62 00 0e 01 00 80 64 03 80 00 73 00 43 72 00 00 00 00 d7 37 00 00 00 00 02 02 ff 00 01 00 ff 98 01 00 ff 98 01 f6 04 09 ff 0f 1f 03 ff 80 04 00 ff 80 04 00 ff 80 04 00 ff 80 04 00 ff b9 13 67 ff 
[1786974344208] 6d 70 7e d8 7d 07 01 70 7e d7 7d 07 65 98 01 d5 15 00 ff 98 01 d6 15 00 ff 98 01 d6 15 36 09 00 ff 98 01 d6 15 00 ff 98 01 d7 15 00 ff 98 01 f6 04 00 ff 66 03 36 12 a5 0b 00 ff 66 03 00 ff 66 03 00 ff 66 03 00 ff 66 03 b4 11 00 ff a3 11 26 0e 00 ff a3 11 00 ff b0 11 00 ff a3 11 00 ff aa 11 46 0e 00 ff ae 11 00 ff a3 11 00 ff 98 01 00 ff 98 01 00 ff 98 01 00 ff 98 01 00 ff 98 01 2a 19 0d ff 80 04 00 ff 80 04 00 ff 80 04 00 ff 80 04 00 ff b9 13 67 ff 
[1786974344308] 6d 70 7e d7 7d 07 01 70 7e d6 7d 07 65 98 01 d5 15 62 00 66 02 00 80 64 02 80 00 3a 44 6d 73 00 00 00 00 d7 37 00 00 00 00 02 02 ff 00 01 00 ff 98 01 d6 15 37 09 00 ff 98 01 d6 15 6f 0b 0f 09 00 ff 98 01 d6 15 39 09 00 ff 98 01 d7 15 00 ff 98 01 f3 13 00 ff 66 03 00 ff 66 03 00 ff 66 03 6c 07 00 ff 66 03 00 ff 66 03 ba 11 00 ff 66 03 46 25 97 01 00 ff 38 25 97 01 00 ff 34 25 97 01 00 ff 3a 25 97 01 af 55 00 ff 3a 25 97 01 00 ff 36 25 97 01 00 ff 34 25 97 01 00 ff 98 01 00 ff 98 01 b8 09 00 ff 98 01 00 ff 98 01 b8 09 00 ff 98 01 f6 04 0d ff 80 04 00 ff 80 04 00 ff 80 04 00 ff 80 04 00 ff b9 13 67 ff 
[1786974344332] 6c 68 7e d0 7d 07 02 
[1786974344422] 6d 70 7e d6 7d 07 01 70 7e d5 7d 07 65 98 01 d5 15 62 00 66 02 00 80 64 00 80 00 3a 44 6d 73 00 00 00 00 d7 37 00 00 00 00 02 02 ff 00 01 00 ff 98 01 d6 15 00 ff 98 01 d6 15 38 09 00 ff 98 01 d6 15 00 ff 98 01 d7 15 00 ff 98 01 f6 04 00 ff 66 03 f5 14 00 ff 66 03 00 ff 66 03 00 ff 66 03 00 ff 66 03 00 ff 66 03 46 25 00 ff 34 25 00 ff 3a 25 00 ff 3a 25 00 ff 34 25 00 ff 37 25 00 ff 38 25 00 ff 98 01 82 09 00 00 ff 98 01 b7 09 00 ff 98 01 82 09 00 00 ff 98 01 b7 09 00 ff 98 01 f6 04 0d ff 80 04 00 ff 80 04 00 ff 80 04 00 ff 80 04 00 ff b9 13 67 ff 
[1786974344522] 6d 70 7e d5 7d 07 01 70 7e d4 7d 07 65 98 01 d2 15 00 ff 98 01 d3 15 00 ff 98 01 d3 15 00 ff 98 01 d3 15 00 ff 98 01 d4 15 00 ff 98 01 f6 04 00 ff 66 03 34 12 a5 0b 00 ff 66 03 00 ff 66 03 00 ff 66 03 00 ff 66 03 b8 11 00 ff 66 03 46 25 30 01 00 ff 37 25 30 01 00 ff 36 25 30 01 00 ff 36 25 30 01 00 ff 35 25 30 01 00 ff 37 25 30 01 00 ff 3a 25 30 01 00 ff 98 01 f7 04 00 ff 98 01 f7 04 5e 0b 00 ff 98 01 f7 04 00 ff 98 01 f7 04 00 ff 98 01 fc 04 0d ff 80 04 00 ff 80 04 00 ff 80 04 00 ff 80 04 00 ff b9 13 67 ff 
[1786974344622] 6d 70 7e d4 7d 07 01 70 7e d3 7d 07 65 98 01 00 ff 98 01 00 ff 98 01 00 ff 98 01 00 ff 98 01 00 ff 98 01 2a 19 00 ff 66 03 33 12 a5 0b 00 ff 66 03 00 ff 66 03 00 ff 66 03 00 ff 66 03 b4 11 00 ff a3 11 26 0e 00 ff a3 11 4a 18 00 ff a3 11 00 ff a3 11 21 0e 00 ff ae 11 4a 18 00 ff a6 11 1e 7b 00 ff a3 11 1f 7b 00 ff 98 01 00 ff 98 01 00 ff 98 01 00 ff 98 01 00 ff 98 01 2a 19 0d ff 80 04 00 ff 80 04 00 ff 80 04 00 ff 80 04 00 ff b9 13 67 ff 
[1786974344722] 6d 70 7e d3 7d 07 01 70 7e d2 7d 07 65 98 01 00 ff 98 01 00 ff 98 01 00 ff 98 01 00 ff 98 01 00 ff 98 01 f6 04 00 ff 66 03 33 12 00 ff 66 03 00 ff 66 03 00 ff 66 03 00 ff 66 03 b4 11 00 ff a3 11 00 ff a3 11 00 ff a3 11 00 ff a3 11 00 ff a3 11 49 0e 00 ff af 11 00 ff a3 11 00 ff 98 01 00 ff 98 01 b8 09 00 ff 98 01 00 ff 98 01 b8 09 00 ff 98 01 f6 04 0d ff 80 04 00 ff 80 04 00 ff 80 04 00 ff 80 04 00 ff b9 13 67 ff 
[1786974344822] 6d 70 7e d2 7d 07 01 70 7e d1 7d 07 65 a3 11 f7 04 00 ff a3 11 f7 04 5e 0b 00 ff a6 11 f7 04 00 ff a3 11 f7 04 5e 0b 00 ff a3 11 f7 04 00 ff 67 00 b6 11 f9 04 78 21 00 ff 66 03 33 12 00 ff 66 03 00 ff 66 03 00 ff 66 03 00 ff 66 03 31 12 ba 11 00 ff 67 00 be 11 00 ff a3 11 49 18 00 ff a4 11 06 05 00 ff 99 01 02 05 2d 25 00 ff 99 01 20 14 2d 25 00 ff 99 01 02 05 2d 25 00 ff 99 01 20 14 2d 25 00 ff 98 01 82 09 00 00 ff 98 01 b7 09 00 ff 98 01 82 09 00 00 ff 98 01 b7 09 00 ff 98 01 f6 04 07 ff be 13 00 ff bc 13 00 ff bc 13 00 ff bc 13 00 ff bc 13 00 ff bc 13 00 ff 80 04 00 ff 80 04 00 ff 80 04 00 ff 80 04 00 ff b9 13 67 ff 
[1786974344882] a9 00 01 95 00 41 63 74 69 76 65 20 52 65 73 74 69 6e 67 20 41 72 65 61 20 42 6f 6e 75 73 65 73 3a 20 0a 44 6f 75 62 6c 65 20 48 69 74 20 50 6f 69 6e 74 73 20 52 65 67 65 6e 65 72 61 74 69 6f 6e 2c 0a 44 6f 75 62 6c 65 20 4d 61 6e 61 20 50 6f 69 6e 74 73 20 52 65 67 65 6e 65 72 61 74 69 6f 6e 2c 0a 53 74 61 6d 69 6e 61 20 50 6f 69 6e 74 73 20 52 65 67 65 6e 65 72 61 74 69 6f 6e 2c 0a 53 6f 75 6c 20 50 6f 69 6e 74 73 20 52 65 67 65 6e 65 72 61 74 69 6f 6e 2e 
[1786974344882] a2 40 10 00 00 00 00 00 00 00 
[1786974344922] 6d 70 7e d1 7d 07 01 70 7e d0 7d 07 65 a3 11 00 ff b1 11 00 ff b1 11 af 55 00 ff a3 11 00 ff a3 11 4a 18 00 ff 67 00 b6 11 00 ff 66 03 33 12 00 ff 66 03 00 ff 66 03 00 ff 66 03 00 ff 66 03 31 12 00 ff 67 00 ba 11 3d 08 00 ff 67 00 b5 11 e3 14 00 ff 67 00 b5 11 01 05 5c 0b 4d 23 00 ff 99 01 de 09 00 ff 99 01 00 ff 99 01 00 ff 99 01 00 ff f7 04 00 ff f7 04 5e 0b 5d 0b 00 ff f7 04 00 ff f7 04 00 ff f9 04 78 21 07 ff 82 04 00 ff 80 04 00 ff 80 04 00 ff 80 04 00 ff 80 04 00 ff 80 04 00 ff 80 04 00 ff 80 04 00 ff 80 04 00 ff 80 04 00 ff b9 13 67 ff 
[1786974345022] 6d 70 7e d0 7d 07 01 70 7e cf 7d 07 65 ad 01 f7 04 00 ff ad 01 29 19 00 ff ad 01 f7 04 00 ff ad 01 29 19 00 ff ad 01 f7 04 00 ff ad 01 fa 04 70 21 00 ff 66 03 33 12 00 ff 66 03 00 ff 66 03 00 ff 66 03 00 ff 66 03 37 12 00 ff 66 03 32 12 00 ff 66 03 32 12 00 ff 66 03 32 12 00 ff 99 01 00 ff 99 01 00 ff 99 01 10 09 a5 0b 00 ff 99 01 0c ff 82 04 00 ff 80 04 00 ff 80 04 00 ff 80 04 00 ff 80 04 00 ff 80 04 00 ff 81 04 00 ff 81 04 00 ff 81 04 00 ff 81 04 00 ff b8 13 67 ff 
[1786974345122] 6d 70 7e cf 7d 07 01 70 7e ce 7d 07 65 ad 01 a7 09 00 00 ff ad 01 00 ff ad 01 11 09 00 ff ad 01 00 ff ad 01 de 09 00 ff ad 01 f6 04 4d 23 00 ff 66 03 36 12 07 15 00 ff 66 03 00 ff 66 03 00 ff 66 03 00 ff 66 03 35 12 00 ff 66 03 30 12 00 ff 66 03 30 12 00 ff 66 03 30 12 00 ff 99 01 00 ff 99 01 00 ff 99 01 10 09 00 ff 99 01 00 ff 87 04 00 ff 87 04 00 ff 87 04 00 ff 87 04 00 ff 87 04 00 ff 88 04 06 ff 82 04 00 ff 80 04 00 ff 80 04 00 ff 80 04 00 ff 80 04 00 ff 80 04 6c ff 
[1786974345230] 6d 70 7e ce 7d 07 01 70 7e cd 7d 07 65 ad 01 00 ff ad 01 00 ff ad 01 00 ff ad 01 00 ff ad 01 00 ff ad 01 00 ff 66 03 00 ff 66 03 00 ff 66 03 00 ff 66 03 00 ff 66 03 31 12 00 ff 67 00 b8 11 00 ff 67 00 b3 11 e3 14 00 ff 67 00 b3 11 01 05 4e 23 5c 0b 00 ff 99 01 00 ff 99 01 00 ff 99 01 10 09 00 ff 99 01 00 ff 87 04 00 ff 87 04 00 ff 87 04 00 ff 87 04 00 ff 87 04 00 ff 88 04 06 ff 82 04 00 ff 80 04 00 ff 80 04 00 ff 80 04 00 ff 80 04 00 ff 80 04 6c ff 
[1786974345232] 6d 6b 7e d3 7d 06 01 6a 7e d3 7d 06 
[1786974345333] 6d 70 7e cd 7d 07 01 70 7e cc 7d 07 65 ad 01 8b 1e af 1e 00 ff ad 01 8c 1e 00 ff ad 01 10 09 00 ff ad 01 62 00 5d 02 00 80 64 02 83 00 26 71 43 5f 00 00 00 00 d7 37 00 00 00 00 02 02 ff 00 01 00 ff ad 01 00 ff ad 01 00 ff 66 03 00 ff 66 03 00 ff 66 03 00 ff 66 03 a7 28 01 00 ff 66 03 31 12 00 ff 67 00 b4 11 00 ff a3 11 62 0e 00 ff a3 11 01 05 00 ff 99 01 00 ff 99 01 00 ff 99 01 11 09 00 ff 99 01 00 ff 87 04 00 ff 87 04 00 ff 87 04 00 ff 87 04 00 ff 87 04 00 ff 88 04 06 ff 82 04 00 ff 80 04 00 ff 80 04 00 ff 80 04 00 ff 80 04 00 ff 80 04 6c ff 
[1786974345441] 6d 70 7e cc 7d 07 01 70 7e cb 7d 07 65 ad 01 8a 1e ae 1e 00 ff ad 01 00 ff ad 01 10 09 00 ff ad 01 00 ff ad 01 00 ff ad 01 f6 04 4e 23 00 ff 66 03 34 12 00 ff 66 03 00 ff 66 03 00 ff 66 03 b3 01 00 ff 66 03 31 12 00 ff 67 00 b4 11 00 ff ad 11 21 0e 00 ff a5 11 03 05 00 ff ad 11 02 05 25 0a 00 ff af 11 02 05 25 0a 00 ff a3 11 02 05 25 0a 00 ff a3 11 02 05 25 0a 00 ff 87 04 00 ff 87 04 00 ff 87 04 00 ff 87 04 00 ff 87 04 00 ff 88 04 06 ff 82 04 00 ff 80 04 00 ff 80 04 00 ff 80 04 00 ff 80 04 00 ff 80 04 6c ff 
[1786974345545] 6d 70 7e cb 7d 07 01 70 7e ca 7d 07 65 ad 01 91 1e 00 ff ad 01 00 ff ad 01 11 09 00 ff ad 01 00 ff ad 01 00 ff ad 01 f6 04 00 ff 66 03 33 12 09 15 00 ff 66 03 00 ff 66 03 00 ff 66 03 00 ff 66 03 31 12 00 ff 67 00 b4 11 00 ff a3 11 00 ff a6 11 00 ff aa 11 62 0e 00 ff a7 11 00 ff a3 11 00 ff a3 11 62 0e 00 ff 87 04 00 ff 87 04 00 ff 87 04 00 ff 87 04 00 ff 87 04 00 ff 88 04 06 ff 83 04 00 ff 81 04 00 ff 81 04 00 ff 81 04 00 ff 81 04 00 ff 81 04 6c ff 
[1786974345649] 6d 70 7e ca 7d 07 01 70 7e c9 7d 07 65 ad 01 f7 04 00 ff ad 01 f7 04 25 0a 00 ff ad 01 f7 04 25 0a 00 ff ad 01 f7 04 25 0a 00 ff ad 01 f7 04 25 0a 00 ff ad 01 fc 04 48 45 70 21 00 ff 66 03 33 12 00 ff 66 03 00 ff 66 03 00 ff 66 03 00 ff 66 03 31 12 00 ff 67 00 b4 11 00 ff a3 11 00 ff a6 11 4a 18 00 ff a3 11 49 18 00 ff ae 11 00 ff a9 11 af 55 00 ff a3 11 4a 18 00 ff 87 04 00 ff 87 04 00 ff 87 04 00 ff 87 04 00 ff 87 04 00 ff 88 04 78 ff 
[1786974345759] 6d 70 7e c9 7d 07 01 70 7e c8 7d 07 65 ad 01 00 ff ad 01 00 ff ad 01 00 ff ad 01 00 ff ad 01 a7 09 00 00 ff ad 01 f6 04 00 ff 66 03 33 12 3d 08 00 ff 66 03 00 ff 66 03 00 ff 66 03 00 ff 66 03 31 12 00 ff 67 00 ba 11 de 09 00 ff 67 00 b5 11 06 05 00 ff 98 01 02 05 2d 25 00 ff 98 01 20 14 2d 25 00 ff 98 01 02 05 2d 25 00 ff 98 01 25 19 00 ff 98 01 02 05 2d 25 00 ff 98 01 f7 04 00 ff 98 01 29 19 00 ff 98 01 29 19 00 ff 98 01 f7 04 00 ff 98 01 fa 04 70 21 06 ff be 13 00 ff bc 13 00 ff bc 13 00 ff bc 13 00 ff bc 13 00 ff bc 13 00 ff bc 13 6c ff 
[1786974345859] 6d 70 7e c8 7d 07 01 70 7e c7 7d 07 65 ad 01 a9 09 00 a9 09 00 00 ff ad 01 a9 09 00 00 ff ad 01 00 ff ad 01 9c 07 00 ff ad 01 a7 09 00 00 ff ad 01 f6 04 00 ff 66 03 33 12 e6 07 00 ff 66 03 00 ff 66 03 00 ff 66 03 00 ff 66 03 37 12 00 ff 66 03 32 12 00 ff 66 03 b5 11 01 05 4d 23 00 ff 98 01 dc 09 01 00 ff 98 01 00 ff 98 01 db 09 00 00 ff 98 01 db 09 00 00 ff 98 01 00 ff 98 01 00 ff 98 01 00 ff 98 01 00 ff 98 01 00 ff 98 01 f6 04 06 ff 82 04 00 ff 80 04 00 ff 80 04 00 ff 80 04 00 ff 80 04 00 ff 80 04 00 ff 80 04 00 ff 87 04 00 ff 87 04 00 ff 87 04 00 ff 87 04 00 ff 88 04 67 ff 
[1786974345884] a9 00 01 95 00 41 63 74 69 76 65 20 52 65 73 74 69 6e 67 20 41 72 65 61 20 42 6f 6e 75 73 65 73 3a 20 0a 44 6f 75 62 6c 65 20 48 69 74 20 50 6f 69 6e 74 73 20 52 65 67 65 6e 65 72 61 74 69 6f 6e 2c 0a 44 6f 75 62 6c 65 20 4d 61 6e 61 20 50 6f 69 6e 74 73 20 52 65 67 65 6e 65 72 61 74 69 6f 6e 2c 0a 53 74 61 6d 69 6e 61 20 50 6f 69 6e 74 73 20 52 65 67 65 6e 65 72 61 74 69 6f 6e 2c 0a 53 6f 75 6c 20 50 6f 69 6e 74 73 20 52 65 67 65 6e 65 72 61 74 69 6f 6e 2e 
[1786974345884] a2 40 10 00 00 00 00 00 00 00 
[1786974345884] a9 00 01 95 00 41 63 74 69 76 65 20 52 65 73 74 69 6e 67 20 41 72 65 61 20 42 6f 6e 75 73 65 73 3a 20 0a 44 6f 75 62 6c 65 20 48 69 74 20 50 6f 69 6e 74 73 20 52 65 67 65 6e 65 72 61 74 69 6f 6e 2c 0a 44 6f 75 62 6c 65 20 4d 61 6e 61 20 50 6f 69 6e 74 73 20 52 65 67 65 6e 65 72 61 74 69 6f 6e 2c 0a 53 74 61 6d 69 6e 61 20 50 6f 69 6e 74 73 20 52 65 67 65 6e 65 72 61 74 69 6f 6e 2c 0a 53 6f 75 6c 20 50 6f 69 6e 74 73 20 52 65 67 65 6e 65 72 61 74 69 6f 6e 2e 
[1786974345884] a2 40 10 00 00 00 00 00 00 00 
[1786974345969] 6d 70 7e c7 7d 07 01 70 7e c6 7d 07 65 66 03 f7 04 00 ff 66 03 f7 04 5d 0b 00 ff 66 03 f7 04 00 ff 66 03 f7 04 00 ff 66 03 f7 04 00 ff 66 03 32 12 f9 04 00 ff 66 03 36 12 00 ff 66 03 00 ff 66 03 00 ff 66 03 00 ff 66 03 00 ff 66 03 00 ff 66 03 00 ff 98 01 00 ff 98 01 00 ff 98 01 00 ff 98 01 00 ff 98 01 00 ff 98 01 db 09 00 00 ff 98 01 db 09 00 00 ff b0 01 00 ff 98 01 00 ff 98 01 f6 04 06 ff 82 04 00 ff 80 04 00 ff 80 04 00 ff 80 04 00 ff 80 04 00 ff 80 04 00 ff 80 04 00 ff 87 04 00 ff 87 04 00 ff 87 04 00 ff 87 04 00 ff 88 04 67 ff 
[1786974346069] 6d 70 7e c6 7d 07 01 70 7e c5 7d 07 65 66 03 00 ff 66 03 00 ff 66 03 00 ff 66 03 00 ff 66 03 00 ff 66 03 00 ff 66 03 00 ff 66 03 00 ff 66 03 00 ff 66 03 00 ff 66 03 00 ff 66 03 00 ff 66 03 00 ff 98 01 00 ff 98 01 00 ff 98 01 00 ff 98 01 00 ff 98 01 00 ff f7 04 5d 0b 00 ff f7 04 00 ff f7 04 00 ff f7 04 00 ff f9 04 06 ff 82 04 00 ff 80 04 00 ff 80 04 00 ff 80 04 00 ff 80 04 00 ff 80 04 00 ff 80 04 00 ff 87 04 00 ff 87 04 00 ff 87 04 00 ff 87 04 00 ff 88 04 67 ff 
[1786974346189] 6d 70 7e c5 7d 07 01 70 7e c4 7d 07 65 66 03 00 ff 66 03 00 ff 66 03 00 ff 66 03 00 ff 66 03 00 ff 66 03 00 ff 66 03 6b 07 00 ff 66 03 00 ff 66 03 00 ff 66 03 00 ff 66 03 35 12 00 ff 66 03 30 12 00 ff 66 03 30 12 01 05 4e 23 00 ff 98 01 10 09 14 0e 01 00 ff 98 01 00 ff 98 01 00 ff 98 01 00 ff 98 01 0b ff 82 04 00 ff 80 04 00 ff 80 04 00 ff 80 04 00 ff 80 04 00 ff 80 04 00 ff 80 04 00 ff 8c 04 00 ff 8c 04 00 ff 8c 04 00 ff 8c 04 00 ff 8d 04 67 ff 
[1786974346289] 6d 70 7e c4 7d 07 01 70 7e c3 7d 07 65 66 03 00 ff 66 03 00 ff 66 03 6a 07 00 ff 66 03 00 ff 66 03 00 ff 66 03 00 ff 66 03 00 ff 66 03 00 ff 66 03 00 ff 66 03 00 ff 66 03 31 12 00 ff 67 00 b8 11 00 ff a3 11 01 05 00 ff 98 01 11 09 14 0e 01 00 ff 98 01 e8 09 00 ff 98 01 e7 09 00 ff 98 01 e8 09 00 ff 98 01 e8 09 0b ff 82 04 00 ff 80 04 00 ff 80 04 00 ff 80 04 00 ff 80 04 00 ff 80 04 00 ff 80 04 6c ff 
[1786974346389] 6d 70 7e c3 7d 07 01 70 7e c2 7d 07 65 66 03 00 ff 66 03 00 ff 66 03 00 ff 66 03 00 ff 66 03 00 ff 66 03 00 ff 66 03 6b 07 00 ff 66 03 00 ff 66 03 00 ff 66 03 00 ff 66 03 31 12 00 ff 67 00 b4 11 00 ff a3 11 03 05 00 ff a3 11 02 05 00 ff a3 11 1f 14 00 ff a3 11 1f 14 00 ff a3 11 1f 14 00 ff a3 11 1f 14 0b ff 82 04 00 ff 80 04 00 ff b5 13 bb 13 00 ff bb 13 b5 13 00 ff b5 13 bb 13 00 ff b5 13 bb 13 00 ff 80 04 6c ff 
[1786974346493] 6d 70 7e c2 7d 07 01 70 7e c1 7d 07 65 66 03 00 ff 66 03 00 ff 66 03 00 ff 66 03 00 ff 66 03 00 ff 66 03 00 ff 66 03 69 07 00 ff 66 03 6c 07 00 ff 66 03 69 07 00 ff 66 03 00 ff 66 03 31 12 00 ff 67 00 b4 11 00 ff a3 11 00 ff a6 11 00 ff b0 11 61 0e 00 ff a3 11 61 0e 00 ff a3 11 00 ff b1 11 4a 18 0b ff 83 04 00 ff 81 04 00 ff 81 04 00 ff 81 04 00 ff 81 04 00 ff 81 04 00 ff 81 04 6c ff 
[1786974346597] 6d 70 7e c1 7d 07 01 70 7e c0 7d 07 65 66 03 00 ff 66 03 35 12 00 ff 66 03 30 12 3c 08 00 ff 66 03 30 12 00 ff 66 03 30 12 e5 07 00 ff 66 03 30 12 00 ff 66 03 34 12 00 ff 66 03 00 ff 66 03 00 ff 66 03 00 ff 66 03 31 12 00 ff 67 00 b4 11 3d 08 00 ff a3 11 49 18 00 ff a3 11 00 ff a5 11 4a 18 00 ff a3 11 61 0e 00 ff ab 11 62 0e 00 ff a3 11 62 0e 7e ff 
[1786974346697] 6d 70 7e c0 7d 07 01 70 7e bf 7d 07 65 66 03 e1 1e 00 ff 66 03 31 12 13 05 00 ff 66 03 0f 05 00 ff 66 03 0f 05 00 ff 66 03 0f 05 00 ff 66 03 16 05 00 ff 68 04 12 05 70 21 00 ff 66 03 00 ff 66 03 00 ff 66 03 00 ff 66 03 13 05 70 21 00 ff 68 04 16 05 00 ff 66 03 0f 05 00 ff 66 03 0f 05 00 ff 66 03 0f 05 00 ff 66 03 16 05 00 ff 68 04 12 05 70 21 00 ff 66 03 b5 11 06 ff 6b 21 00 ff 6f 21 00 ff 6f 21 00 ff 6f 21 00 ff 6d 21 73 ff 
[1786974346799] 6d 70 7e bf 7d 07 01 70 7e be 7d 07 65 66 03 df 1e 00 ff 66 03 0e 05 00 ff 66 03 00 ff 66 03 00 ff 66 03 00 ff 66 03 0e 05 00 ff 68 04 0e 05 73 0b 00 ff 66 03 00 ff 66 03 00 ff 66 03 00 ff 66 03 10 05 00 ff 66 03 11 05 00 ff 66 03 00 ff 66 03 00 ff 66 03 00 ff 66 03 10 05 00 ff 66 03 11 05 00 ff 66 03 00 ff 13 05 00 ff 98 01 0f 05 00 ff 98 01 0f 05 00 ff 98 01 0f 05 00 ff 98 01 0f 05 00 ff 98 01 0f 05 00 ff 98 01 0f 05 00 ff 98 01 72 08 00 ff 98 01 0f 05 00 ff 98 01 72 08 00 ff 98 01 0f 05 00 ff 98 01 72 08 00 ff 98 01 0f 05 00 ff 98 01 0f 05 00 ff 98 01 0f 05 00 ff 98 01 12 05 70 21 08 ff bc 13 00 ff bc 13 00 ff bc 13 00 ff bc 13 00 ff bc 13 00 ff bc 13 00 ff bc 13 00 ff bc 13 00 ff bc 13 00 ff ba 13 5c ff 
[1786974346900] 6d 70 7e be 7d 07 01 70 7e bd 7d 07 65 66 03 e0 1e 00 ff 66 03 0e 05 00 ff 66 03 9b 07 00 ff 66 03 00 ff 66 03 00 ff 66 03 10 05 00 ff 66 03 11 05 00 ff 66 03 00 ff 66 03 b3 01 00 ff 66 03 00 ff 66 03 00 ff 66 03 00 ff 66 03 00 ff 66 03 62 00 55 02 00 80 64 00 83 00 00 13 13 13 00 00 00 00 d7 37 00 00 00 00 02 01 ff 00 01 00 ff 66 03 00 ff 66 03 00 ff 66 03 00 ff 66 03 00 ff 0e 05 00 ff 98 01 00 ff 98 01 00 ff 98 01 36 09 00 ff 98 01 3e 08 00 ff 98 01 00 ff 98 01 00 ff 98 01 00 ff 98 01 00 ff 98 01 00 ff 98 01 00 ff 98 01 00 ff 98 01 00 ff 98 01 00 ff 98 01 db 09 00 00 ff 98 01 0e 05 02 ff 98 01 0f 05 00 ff 98 01 0f 05 00 ff 98 01 72 08 00 ff 98 01 0f 05 00 ff 98 01 72 08 00 ff 98 01 12 05 00 ff 80 04 00 ff 80 04 00 ff 80 04 00 ff 80 04 00 ff 80 04 00 ff 80 04 00 ff 80 04 00 ff 80 04 00 ff 80 04 00 ff b9 13 5c ff 
[1786974347001] 6d 70 7e bd 7d 07 01 70 7e bc 7d 07 65 66 03 00 ff 66 03 15 05 00 ff 66 03 11 05 00 ff 66 03 00 ff 66 03 00 ff 66 03 00 ff 66 03 00 ff 66 03 00 ff 66 03 00 ff 66 03 00 ff 66 03 00 ff 66 03 00 ff 66 03 00 ff 66 03 00 ff 66 03 00 ff 66 03 00 ff 66 03 00 ff 66 03 00 ff 0e 05 00 ff b2 01 00 ff 98 01 00 ff 98 01 00 ff 98 01 00 ff 98 01 00 ff 98 01 00 ff 98 01 00 ff 98 01 00 ff 98 01 00 ff 98 01 6f 0b 0f 09 00 ff 98 01 00 ff 98 01 00 ff 98 01 00 ff 98 01 00 ff 98 01 74 08 02 ff 98 01 00 ff 98 01 00 ff 98 01 00 ff 98 01 00 ff 98 01 00 ff 98 01 74 08 00 ff 80 04 00 ff 80 04 00 ff 80 04 00 ff 80 04 00 ff 80 04 00 ff 80 04 00 ff 80 04 00 ff 80 04 00 ff 80 04 00 ff b9 13 02 ff 74 20 c0 20 00 ff 75 20 c0 20 00 ff 74 20 c0 20 00 ff 74 20 c0 20 00 ff 7a 20 c2 20 55 ff 
[1786974347105] 6d 70 7e bc 7d 07 01 70 7e bb 7d 07 65 66 03 00 ff 66 03 0e 05 00 ff 66 03 00 ff 66 03 00 ff 66 03 00 ff 66 03 13 05 00 ff 68 04 12 05 00 ff 66 03 00 ff 66 03 00 ff 66 03 00 ff 66 03 13 05 00 ff 68 04 12 05 00 ff 66 03 3e 08 00 ff 66 03 00 ff 66 03 00 ff 66 03 13 05 00 ff 68 04 12 05 00 ff 66 03 b3 11 3c 08 00 ff 0e 05 00 ff 98 01 0f 09 00 ff 98 01 00 ff 98 01 38 09 00 ff 98 01 00 ff 98 01 00 ff 98 01 00 ff 98 01 00 ff 98 01 00 ff 98 01 00 ff 98 01 00 ff 98 01 00 ff 98 01 00 ff 98 01 00 ff 98 01 00 ff 98 01 0e 05 02 ff 98 01 00 ff 98 01 9c 07 00 ff 98 01 00 ff 98 01 00 ff 98 01 00 ff 98 01 0e 05 00 ff 80 04 00 ff 80 04 00 ff 80 04 00 ff 80 04 00 ff 80 04 00 ff 80 04 00 ff 80 04 00 ff 80 04 00 ff 80 04 00 ff b9 13 02 ff 74 20 00 ff 74 20 00 ff 75 20 00 ff 75 20 e4 07 00 ff 75 20 c1 20 55 ff 
[1786974347205] 6d 70 7e bb 7d 07 01 70 7e ba 7d 07 65 66 03 00 ff 66 03 0e 05 00 ff 66 03 00 ff 66 03 00 ff 66 03 3e 08 00 ff 66 03 15 05 00 ff ad 11 19 12 11 05 00 ff 88 16 8e 16 00 ff 88 16 00 ff 88 16 00 ff 88 16 8d 16 10 05 00 ff a7 11 19 12 17 05 00 ff a3 11 19 12 0f 05 00 ff a3 11 19 12 0f 05 00 ff a4 11 19 12 0f 05 00 ff b0 11 19 12 17 05 00 ff a3 11 19 12 11 05 78 21 00 ff a3 11 19 12 00 ff 0e 05 00 ff 98 01 00 ff 98 01 00 ff 98 01 00 ff 98 01 00 ff 98 01 db 09 00 00 ff 98 01 db 09 00 00 ff 98 01 00 ff 98 01 00 ff 98 01 00 ff 98 01 00 ff 98 01 00 ff 98 01 00 ff 98 01 00 ff 98 01 dc 09 01 00 ff 98 01 0e 05 02 ff 98 01 00 ff 98 01 00 ff 98 01 00 ff 98 01 00 ff 98 01 00 ff 98 01 74 08 00 ff 80 04 00 ff 80 04 00 ff 80 04 00 ff 80 04 00 ff 80 04 00 ff 80 04 00 ff 80 04 00 ff 80 04 00 ff 80 04 00 ff b9 13 02 ff b0 01 00 ff 7a 20 00 ff 74 20 00 ff 74 20 00 ff 74 20 c1 20 55 ff 
[1786974347313] 6d 70 7e ba 7d 07 01 70 7e b9 7d 07 65 b0 11 0f 05 00 ff a3 11 1a 12 17 05 00 ff fa 11 0f 05 00 ff f9 11 0f 05 00 ff f9 11 0f 05 00 ff f7 11 11 05 78 21 00 ff f6 11 00 ff eb 06 8e 16 00 ff eb 06 00 ff eb 06 00 ff eb 06 8d 16 41 07 00 ff f7 11 00 ff fa 11 00 ff f5 11 00 ff f8 11 00 ff f6 11 00 ff f7 11 00 ff f5 11 00 ff 0e 05 00 ff 98 01 9c 07 00 ff 98 01 a8 09 00 00 ff 98 01 da 09 00 ff 98 01 13 05 00 ff 0f 05 71 0b 00 ff 0f 05 00 ff 72 08 00 ff 0f 05 00 ff 72 08 00 ff 0f 05 00 ff 72 08 00 ff 0f 05 00 ff 0f 05 71 0b 00 ff 0f 05 00 ff 11 05 78 21 02 ff 98 01 00 ff 98 01 00 ff 98 01 00 ff 98 01 00 ff 98 01 00 ff 98 01 0e 05 00 ff 80 04 00 ff 80 04 00 ff 80 04 00 ff 80 04 00 ff 80 04 00 ff 80 04 00 ff 80 04 00 ff 80 04 00 ff 80 04 00 ff b9 13 02 ff 76 20 00 ff 75 20 b6 0d 00 ff 74 20 00 ff 7c 20 00 ff 74 20 c1 20 55 ff 
[1786974347413] 6d 70 7e b9 7d 07 01 70 7e b8 7d 07 65 a9 11 19 12 00 ff a9 11 1e 12 00 ff f5 11 00 ff f5 11 00 ff f6 11 00 ff f7 11 00 ff f9 11 00 ff eb 06 8e 16 00 ff eb 06 00 ff eb 06 00 ff eb 06 8d 16 00 ff f7 11 00 ff fa 11 00 ff f9 11 00 ff f6 11 00 ff f8 11 00 ff fa 11 00 ff f9 11 00 ff 10 05 c0 20 00 ff 0f 05 00 ff 0f 05 00 ff 0f 05 00 ff 11 05 78 21 0d ff b0 01 00 ff 98 01 00 ff 98 01 00 ff 98 01 13 05 00 ff 0f 05 00 ff 11 05 78 21 00 ff 81 04 00 ff 81 04 00 ff 81 04 00 ff 81 04 00 ff 81 04 00 ff 81 04 00 ff 81 04 00 ff 81 04 00 ff 81 04 00 ff b8 13 02 ff 75 20 00 ff 74 20 00 ff 74 20 00 ff 7b 20 00 ff 74 20 c1 20 55 ff 
[1786974347519] 6d 70 7e b8 7d 07 01 70 7e b7 7d 07 65 f9 11 00 ff f5 11 00 ff f6 11 00 ff f8 11 00 ff f5 11 00 ff f9 11 00 ff fa 11 00 ff eb 06 8e 16 00 ff eb 06 41 07 00 ff eb 06 00 ff eb 06 8d 16 00 ff f9 11 00 ff fa 11 00 ff f8 11 00 ff f5 11 00 ff f7 11 00 ff f9 11 00 ff f8 11 12 ff 0f 05 00 ff 0f 05 71 0b 00 ff 72 08 00 ff 11 05 78 21 0e ff 7a 20 00 ff 74 20 00 ff 75 20 c1 20 00 ff c0 20 00 ff c0 20 55 ff 
[1786974347619] 6d 70 7e b7 7d 07 01 70 7e b6 7d 07 65 f5 11 00 ff f6 11 00 ff f6 11 00 ff f9 11 00 ff b1 11 1f 12 00 ff a3 11 1b 12 00 ff b0 11 1b 12 47 18 00 ff 89 16 8e 16 00 ff 89 16 00 ff 89 16 00 ff 89 16 8d 16 00 ff a3 11 1b 12 47 18 00 ff aa 11 1b 12 00 ff a3 11 1b 12 00 ff a3 11 1b 12 00 ff a9 11 20 12 00 ff fa 11 00 ff fa 11 24 ff c0 20 00 ff c0 20 00 ff c0 20 57 ff 
[1786974347719] 6d 70 7e b6 7d 07 01 70 7e b5 7d 07 65 a3 11 1b 12 00 ff a3 11 1b 12 00 ff a3 11 1b 12 00 ff a3 11 1b 12 00 ff aa 11 23 12 00 ff a3 11 49 18 00 ff a3 11 00 ff 67 00 33 01 42 07 00 ff 67 00 00 ff 67 00 00 ff 67 00 6a 02 00 ff a3 11 00 ff a3 11 4a 18 00 ff a3 11 49 18 00 ff b1 11 00 ff a6 11 24 12 47 18 00 ff a6 11 20 12 00 ff f7 11 7e ff 
[1786974347819] 6d 70 7e b5 7d 07 01 70 7e b4 7d 07 65 a3 11 00 ff ad 11 af 55 00 ff a3 11 61 0e 00 ff a3 11 00 ff a4 11 1e 0e 00 ff a3 11 e1 07 00 ff a3 11 73 0e 00 ff 67 00 33 01 00 ff 67 00 00 ff 67 00 00 ff 67 00 6a 02 41 07 00 ff a3 11 73 0e 00 ff a3 11 00 ff 2e 11 3a 01 af 55 00 ff 2e 11 97 01 00 ff 35 11 3b 01 00 ff b1 11 1a 12 af 55 00 ff f8 11 7e ff 
[1786974347901] 1d 
[1786974347922] 6d 70 7e b4 7d 07 01 70 7e b3 7d 07 65 67 00 97 01 00 ff 67 00 97 01 00 ff 67 00 97 01 00 ff 67 00 97 01 00 ff 67 00 97 01 00 ff 67 00 97 01 00 ff 67 00 97 01 00 ff 67 00 36 01 00 ff 67 00 00 ff 67 00 00 ff 67 00 6a 02 00 ff a3 11 af 55 00 ff a3 11 af 55 00 ff 36 11 33 01 00 ff 36 11 00 ff 31 11 6a 02 49 18 00 ff ad 11 1a 12 00 ff f7 11 7e ff 
[1786974348023] 6d 70 7e b3 7d 07 01 70 7e b2 7d 07 65 67 00 00 ff 67 00 00 ff 67 00 00 ff 67 00 41 07 00 ff 67 00 4a 07 00 ff 67 00 00 ff 67 00 00 ff 67 00 00 ff 67 00 00 ff 67 00 4a 07 00 ff 67 00 6a 02 00 ff b1 11 49 18 00 ff a3 11 00 ff 2e 11 33 01 00 ff 30 11 dc 11 00 ff 3a 11 6a 02 00 ff ae 11 1a 12 00 ff f8 11 7e ff 
[1786974348135] 6d 70 7e b2 7d 07 01 70 7e b1 7d 07 65 67 00 30 01 00 ff 67 00 30 01 4a 07 00 ff 67 00 30 01 00 ff 67 00 30 01 00 ff 67 00 30 01 00 ff 67 00 30 01 00 ff 67 00 30 01 00 ff 67 00 34 01 00 ff 67 00 4b 07 00 ff 67 00 00 ff 67 00 6a 02 00 ff 37 11 3a 01 00 ff 39 11 97 01 00 ff 35 11 36 01 00 ff 36 11 e0 11 00 ff 39 11 6a 02 af 55 00 ff a3 11 1a 12 00 ff f7 11 7e ff 
[1786974348235] 6d 70 7e b1 7d 07 01 70 7e b0 7d 07 65 ad 11 00 ff a3 11 00 ff ae 11 00 ff b0 11 00 ff a3 11 00 ff a3 11 00 ff aa 11 00 ff 67 00 33 01 00 ff 67 00 00 ff 67 00 4b 07 00 ff 67 00 6a 02 00 ff 2d 11 33 01 4a 18 00 ff 2a 11 dc 11 e1 11 00 ff 36 11 00 ff 36 11 d9 11 00 ff 2f 11 6a 02 4a 18 00 ff a6 11 1a 12 af 55 00 ff fa 11 7e ff 
[1786974348335] 6d 70 7e b0 7d 07 01 70 7e af 7d 07 65 aa 11 4a 18 00 ff a3 11 4a 18 00 ff ab 11 00 ff a3 11 00 ff a3 11 49 18 00 ff a4 11 00 ff a3 11 00 ff 67 00 33 01 00 ff 67 00 00 ff 67 00 00 ff 67 00 6a 02 00 ff 36 11 33 01 4a 18 00 ff 35 11 d9 11 00 ff 35 11 e7 11 00 ff 32 11 e1 11 00 ff 2e 11 6a 02 00 ff a3 11 1a 12 00 ff f6 11 7e ff 
[1786974348435] 6d 70 7e af 7d 07 01 70 7e ae 7d 07 65 aa 11 49 18 00 ff ab 11 00 ff b1 11 00 ff a3 11 4a 18 00 ff a8 11 49 18 00 ff a6 11 00 ff ae 11 00 ff 67 00 33 01 00 ff 67 00 00 ff 67 00 00 ff 67 00 6a 02 00 ff 37 11 33 01 00 ff 32 11 d9 11 00 ff 2f 11 de 11 00 ff 2f 11 e3 11 00 ff 34 11 6a 02 00 ff a3 11 1a 12 00 ff f9 11 7e ff 
[1786974348535] 6d 70 7e ae 7d 07 01 70 7e ad 7d 07 65 a3 11 49 18 00 ff af 11 4a 18 00 ff a3 11 00 ff a5 11 00 ff a3 11 00 ff a3 11 00 ff a3 11 00 ff 67 00 33 01 00 ff 67 00 00 ff 67 00 00 ff 67 00 6a 02 00 ff 30 11 38 01 af 55 00 ff 36 11 34 01 00 ff 37 11 dd 11 00 ff 2d 11 35 01 00 ff 33 11 39 01 00 ff a3 11 24 12 47 18 00 ff ac 11 1b 12 7e ff 
[1786974348636] 6d 70 7e ad 7d 07 01 70 7e ac 7d 07 65 a3 11 00 ff b1 11 00 ff a3 11 af 55 00 ff a3 11 4a 18 00 ff a3 11 49 18 00 ff a4 11 00 ff a6 11 00 ff 67 00 38 01 00 ff 67 00 34 01 3f 07 3e 07 00 ff 67 00 35 01 00 ff 67 00 39 01 00 ff af 11 49 18 00 ff 38 11 38 01 00 ff 37 11 30 01 00 ff 32 11 39 01 49 18 00 ff a3 11 62 0e 00 ff b0 11 00 ff a3 11 7e ff 
[1786974348703] 1e 
[1786974348741] 6d 70 7e ac 7d 07 01 70 7e ab 7d 07 65 ad 11 49 18 af 55 00 ff a3 11 00 ff ae 11 00 ff a9 11 49 18 00 ff a3 11 00 ff a3 11 00 ff a3 11 00 ff a3 11 00 ff 67 00 33 01 00 ff 67 00 6a 02 00 ff a6 11 00 ff a3 11 49 18 00 ff a3 11 af 55 00 ff a5 11 4a 18 00 ff a9 11 00 ff a7 11 00 ff a3 11 61 0e 00 ff a3 11 7e ff 
[1786974348843] 6d 70 7e ab 7d 07 01 70 7e aa 7d 07 65 ad 11 49 18 af 55 00 ff a3 11 00 ff ae 11 00 ff a9 11 49 18 00 ff a3 11 00 ff a3 11 00 ff a3 11 00 ff a3 11 00 ff 67 00 33 01 00 ff 67 00 6a 02 00 ff ad 11 00 ff a3 11 00 ff b0 11 00 ff b0 11 00 ff a3 11 3e 07 00 ff a3 11 00 ff a3 11 00 ff a3 11 7e ff 
[1786974348947] 6d 70 7e aa 7d 07 01 70 7e a9 7d 07 65 a3 11 00 ff b0 11 00 ff a3 11 00 ff a6 11 49 18 00 ff a3 11 00 ff a3 11 af 55 00 ff 67 00 3a 01 00 ff 67 00 97 01 00 ff 67 00 36 01 00 ff 67 00 37 01 00 ff 67 00 97 01 00 ff 67 00 97 01 00 ff 67 00 97 01 00 ff 67 00 97 01 00 ff 67 00 97 01 00 ff 67 00 97 01 00 ff 67 00 97 01 00 ff 67 00 97 01 7e ff 
[1786974349051] 6d 70 7e a9 7d 07 01 70 7e a8 7d 07 65 a3 11 00 ff b1 11 4a 18 00 ff a3 11 00 ff af 11 00 ff 67 00 3a 01 00 ff 67 00 97 01 00 ff 67 00 36 01 00 ff 67 00 00 ff 67 00 00 ff 67 00 00 ff 67 00 00 ff 67 00 00 ff 67 00 00 ff 67 00 00 ff 67 00 00 ff 67 00 00 ff 67 00 00 ff 67 00 7e ff 
[1786974349185] 6d 70 7e a8 7d 07 01 70 7e a7 7d 07 65 a4 11 49 18 00 ff a3 11 00 ff a3 11 00 ff 67 00 3a 01 00 ff 67 00 36 01 00 ff 67 00 00 ff 67 00 00 ff 67 00 00 ff 67 00 35 01 00 ff 67 00 30 01 00 ff 67 00 30 01 00 ff 67 00 30 01 00 ff 67 00 30 01 00 ff 67 00 30 01 00 ff 67 00 30 01 00 ff 67 00 30 01 00 ff 67 00 30 01 00 ff 67 00 30 01 7e ff 
[1786974349289] 6d 70 7e a7 7d 07 01 70 7e a6 7d 07 65 b0 11 4a 18 00 ff a3 11 4a 18 00 ff 67 00 3a 01 00 ff 67 00 36 01 49 18 00 ff 67 00 00 ff 67 00 4b 07 00 ff 67 00 00 ff 67 00 00 ff 67 00 6a 02 00 ff aa 11 00 ff a3 11 22 1f 00 ff a3 11 62 0e 00 ff a3 11 00 ff aa 11 00 ff a3 11 00 ff ac 11 af 55 00 ff b0 11 af 55 00 ff a3 11 08 ff 30 1f 00 ff 35 1f 74 ff 
[1786974349396] 6d 70 7e a6 7d 07 02 70 7e a5 7d 07 65 67 00 3a 01 00 ff 67 00 97 01 49 18 4b 07 00 ff 67 00 36 01 00 ff 67 00 00 ff 67 00 00 ff 67 00 00 ff 67 00 4b 07 00 ff 67 00 00 ff 67 00 37 01 74 08 00 ff 67 00 3b 01 72 08 00 ff a4 11 72 08 00 ff a3 11 72 08 00 ff a3 11 72 08 00 ff ae 11 72 08 00 ff a3 11 72 08 00 ff a3 11 72 08 00 ff b1 11 72 08 00 ff a3 11 72 08 07 ff 30 1f 00 ff 29 1f 00 ff 24 1f 27 1f 00 ff 25 1f 35 1f 00 ff 32 1f 72 ff 
[1786974349497] 6d 70 7e a5 7d 07 02 70 7e a4 7d 07 65 67 00 36 01 00 ff 67 00 3e 07 00 ff 67 00 00 ff 67 00 42 07 00 ff 67 00 49 07 00 ff 67 00 00 ff 67 00 00 ff 67 00 00 ff 67 00 00 ff 67 00 6a 02 00 ff a3 11 00 ff a3 11 49 18 00 ff b1 11 af 55 00 ff a3 11 4a 18 00 ff e1 03 bd 11 49 18 00 ff cd 03 b5 11 00 ff ce 03 b5 11 21 1f 00 ff cd 03 be 11 4a 18 09 ff 2a 1f 00 ff 2f 1f 04 ff 31 1f 6e ff 
[1786974349607] 6d 70 7e a4 7d 07 02 70 7e a3 7d 07 65 67 00 00 ff 67 00 00 ff 67 00 41 07 00 ff 67 00 00 ff 67 00 4b 07 00 ff 67 00 3e 07 00 ff 67 00 35 01 42 07 00 ff 67 00 30 01 00 ff 67 00 30 01 74 08 00 ff 67 00 39 01 00 ff ac 11 86 00 00 ff cc 03 bd 11 00 ff e0 03 b5 11 86 00 00 ff d2 03 b5 11 00 ff cf 03 b9 11 86 00 00 ff e1 03 00 ff cc 03 86 00 00 ff e1 03 b4 11 09 ff 2f 1f 04 ff 30 1f 00 ff 24 1f 27 1f 00 ff 25 1f 35 1f 00 ff 32 1f 6c ff 
[1786974349715] 6d 70 7e a3 7d 07 02 70 7e a2 7d 07 65 67 00 00 ff 67 00 40 07 00 ff 67 00 00 ff 67 00 00 ff 67 00 00 ff 67 00 00 ff 67 00 6a 02 00 ff a7 11 dc 07 00 ff a3 11 74 08 00 ff b0 11 00 ff ab 11 00 ff cb 03 b6 11 49 18 00 ff d0 03 00 ff e1 03 af 55 00 ff cc 03 b8 11 00 ff cc 03 b3 11 4a 18 00 ff d2 03 b3 11 00 ff cc 03 bc 11 0e ff 2c 1f 00 ff 28 1f 34 1f 00 ff 2f 1f 6d ff 
[1786974349815] 6d 70 7e a2 7d 07 01 6f 7e a2 7d 07 68 67 00 3f 07 00 ff 67 00 36 01 00 ff 67 00 3a 01 49 18 00 ff ae 11 00 ff a6 11 00 ff b0 11 00 ff b0 11 4a 18 00 ff a3 11 49 18 00 ff a3 11 4a 18 00 ff a3 11 4a 18 00 ff a3 11 00 ff a3 11 00 ff a6 11 00 ff a3 11 62 ff 
[1786974349996] 6d 6f 7e a2 7d 07 01 6e 7e a2 7d 07 68 67 00 33 01 af 55 40 07 00 ff 67 00 3a 01 4a 18 00 ff ae 11 4a 18 00 ff a6 11 61 0e 00 ff a3 11 00 ff a3 11 4a 18 00 ff aa 11 4a 18 00 ff a3 11 00 ff a3 11 4a 18 00 ff a3 11 4a 18 00 ff a6 11 00 ff a3 11 00 ff a3 11 04 05 00 ff 98 01 01 05 0b ff b8 13 00 ff b9 13 00 ff b9 13 54 ff 
[1786974350101] 6d 6e 7e a2 7d 07 02 6d 7e a2 7d 07 68 a3 11 4b 07 00 ff a3 11 4a 18 00 ff a7 11 49 18 00 ff b1 11 00 ff a3 11 af 55 00 ff a3 11 00 ff a6 11 00 ff a3 11 49 18 00 ff a3 11 00 ff a3 11 00 ff a3 11 61 0e 00 ff a6 11 00 ff a3 11 02 05 00 ff 98 01 0b ff 81 04 00 ff 80 04 00 ff 80 04 54 ff 
[1786974350229] 6d 6d 7e a2 7d 07 02 6c 7e a2 7d 07 68 a9 11 62 0e 00 ff a3 11 00 ff a3 11 1e 0e 00 ff a3 11 00 ff a3 11 61 0e 00 ff ad 11 49 18 00 ff a3 11 00 ff a3 11 00 ff ac 11 00 ff ac 11 00 ff b2 11 21 0e 00 ff a3 11 00 ff ae 11 02 05 00 ff 98 01 0b ff 81 04 00 ff 80 04 00 ff 80 04 54 ff 
[1786974350331] 6d 6c 7e a2 7d 07 02 6b 7e a2 7d 07 68 a3 11 61 0e 00 ff a3 11 00 ff ab 11 00 ff a3 11 00 ff ac 11 21 0e 00 ff a3 11 00 ff a3 11 4a 18 00 ff a9 11 4a 18 00 ff a3 11 af 55 00 ff a3 11 af 55 00 ff a4 11 00 ff ad 11 61 0e 00 ff a3 11 03 05 00 ff b1 11 21 14 0b ff 81 04 00 ff 80 04 00 ff 80 04 54 ff 
[1786974350382] 82 a6 d7 
[1786974350382] ef 12 08 
[1786974350638] 6d 6b 7e a2 7d 07 01 6b 7e a1 7d 07 65 a3 11 00 ff a3 11 00 ff 67 00 3a 01 49 07 00 ff 67 00 36 01 00 ff 67 00 00 ff 67 00 00 ff 67 00 00 ff 67 00 3f 07 00 ff 67 00 00 ff 67 00 35 01 00 ff 67 00 30 01 af 55 00 ff 67 00 39 01 00 ff a3 11 4a 18 00 ff a3 11 74 08 00 ff a3 11 4a 18 00 ff cc 03 bd 11 86 00 00 ff cc 03 b9 11 00 ff d0 03 86 00 7e ff 
[1786974350738] 6d 6b 7e a1 7d 07 02 6b 7e a0 7d 07 65 ab 11 00 ff 67 00 3a 01 00 ff 67 00 36 01 49 07 00 ff 67 00 00 ff 67 00 4a 07 3f 07 00 ff 67 00 00 ff 67 00 00 ff 67 00 35 01 4b 07 00 ff 67 00 30 01 49 18 00 ff 67 00 39 01 00 ff a3 11 00 ff a3 11 62 0e 00 ff a6 11 49 18 00 ff a3 11 74 08 00 ff a3 11 00 ff cd 03 b6 11 00 ff d2 03 b8 11 49 18 00 ff cc 03 b3 11 7e ff 
[1786974350838] 6d 6b 7e a0 7d 07 02 6a 7e a0 7d 07 68 af 11 00 ff a3 11 00 ff a3 11 1e 0e 00 ff a3 11 00 ff ab 11 61 0e 00 ff a4 11 00 ff a3 11 00 ff a3 11 1e 0e 00 ff a9 11 00 ff a3 11 4a 18 00 ff a3 11 00 ff a3 11 00 ff a3 11 00 ff a3 11 21 0e 0d ff 83 04 54 ff 
[1786974350938] 6d 6a 7e a0 7d 07 02 6a 7e 9f 7d 07 65 a3 11 62 0e 00 ff 67 00 3a 01 49 18 00 ff 67 00 36 01 00 ff 67 00 49 07 4b 07 00 ff 67 00 3f 07 00 ff 67 00 00 ff 67 00 40 07 00 ff 67 00 35 01 40 07 4a 07 00 ff 67 00 39 01 00 ff a3 11 00 ff a3 11 00 ff a3 11 62 0e 00 ff a3 11 61 0e 00 ff a3 11 62 0e 00 ff a3 11 74 08 00 ff a3 11 00 ff e1 03 b6 11 b8 11 86 00 00 ff e0 03 bc 11 4a 18 7e ff 
[1786974351039] 6d 6a 7e 9f 7d 07 02 69 7e 9f 7d 07 68 a3 11 1e 0e 00 ff a6 11 62 0e 00 ff a6 11 00 ff b1 11 00 ff a3 11 00 ff a3 11 00 ff a3 11 61 0e 00 ff a3 11 00 ff ad 11 00 ff ae 11 61 0e 00 ff a3 11 00 ff a3 11 00 ff a3 11 00 ff a3 11 62 ff 
[1786974351139] 6d 69 7e 9f 7d 07 02 69 7e 9e 7d 07 65 a3 11 00 ff a3 11 00 ff 67 00 33 01 00 ff 67 00 00 ff 67 00 4b 07 00 ff 67 00 00 ff 67 00 49 07 00 ff 67 00 40 07 00 ff 67 00 6a 02 00 ff ac 11 4a 07 00 ff a3 11 00 ff b1 11 00 ff a7 11 61 0e 00 ff a3 11 62 0e 00 ff a6 11 61 0e 00 ff a4 11 74 08 00 ff a3 11 00 ff d1 03 b6 11 b3 11 b4 11 7e ff 
[1786974351240] 6d 69 7e 9e 7d 07 01 69 7e 9d 7d 07 65 a3 11 3f 07 00 ff 67 00 3a 01 00 ff 67 00 36 01 00 ff 67 00 00 ff 67 00 4b 07 00 ff 67 00 00 ff 67 00 49 07 00 ff 67 00 35 01 00 ff 67 00 39 01 00 ff ab 11 61 0e 4a 07 00 ff a3 11 00 ff a3 11 62 0e 00 ff a3 11 00 ff a7 11 62 0e 00 ff a3 11 61 0e 00 ff a3 11 00 ff b2 11 62 0e 00 ff a7 11 62 0e 7e ff 
[1786974351340] 6d 69 7e 9d 7d 07 01 69 7e 9c 7d 07 65 af 11 3f 07 00 ff 67 00 33 01 49 18 3f 07 00 ff 67 00 00 ff 67 00 40 07 00 ff 67 00 00 ff 67 00 00 ff 67 00 00 ff 67 00 6a 02 00 ff a3 11 00 ff a3 11 61 0e 00 ff a4 11 00 ff a6 11 1e 0e 00 ff a3 11 00 ff b2 11 1e 0e 00 ff a3 11 00 ff a5 11 1e 0e 00 ff a6 11 00 12 af 55 00 ff a8 11 ff 11 49 18 7e ff 
[1786974351440] 6d 69 7e 9c 7d 07 01 68 7e 9c 7d 07 68 af 11 00 ff a3 11 00 ff b1 11 00 ff a7 11 00 ff a3 11 00 ff a3 11 62 0e 00 ff a3 11 00 ff a8 11 00 ff a3 11 1e 0e 00 ff af 11 00 ff a9 11 00 ff a7 11 00 ff a5 11 49 18 00 ff a3 11 4a 18 62 ff 
[1786974351540] 6d 68 7e 9c 7d 07 01 68 7e 9b 7d 07 65 a7 11 00 ff 67 00 3a 01 00 ff 67 00 36 01 3e 07 00 ff 67 00 42 07 00 ff 67 00 00 ff 67 00 4a 07 00 ff 67 00 00 ff 67 00 35 01 00 ff 67 00 39 01 af 55 00 ff a3 11 62 0e 00 ff a3 11 00 ff a3 11 00 ff a3 11 00 ff a3 11 00 ff ab 11 00 ff a4 11 00 ff a3 11 00 ff a6 11 fd 11 7e ff 
[1786974351640] 6d 68 7e 9b 7d 07 01 67 7e 9b 7d 07 68 a7 11 af 55 00 ff a3 11 00 ff a3 11 61 0e 00 ff a3 11 00 ff ab 11 1e 0e 00 ff ae 11 61 0e 00 ff a3 11 00 ff a7 11 00 ff a3 11 00 ff ae 11 00 ff a9 11 00 ff a7 11 62 0e 00 ff a5 11 4a 18 00 ff a3 11 4a 18 62 ff 
[1786974351740] 6d 67 7e 9b 7d 07 01 66 7e 9b 7d 07 68 a5 11 af 55 00 ff ad 11 61 0e 00 ff ad 11 00 ff a3 11 00 ff a7 11 00 ff a3 11 61 0e 00 ff ac 11 00 ff ad 11 4a 18 00 ff a3 11 4a 18 00 ff a3 11 00 ff a3 11 00 ff b1 11 00 ff af 11 00 ff a3 11 49 18 62 ff 
[1786974351840] 6d 66 7e 9b 7d 07 02 66 7e 9a 7d 07 65 a3 11 49 18 00 ff a3 11 00 ff 67 00 3a 01 4a 18 00 ff 67 00 36 01 00 ff 67 00 40 07 00 ff 67 00 00 ff 67 00 00 ff 67 00 00 ff 67 00 35 01 00 ff 67 00 39 01 00 ff b0 11 61 0e 00 ff a3 11 00 ff a3 11 1e 0e 00 ff a6 11 61 0e 00 ff a5 11 61 0e 00 ff a7 11 00 ff a3 11 21 0e 00 ff a7 11 62 0e 7e ff 
[1786974351940] 6d 66 7e 9a 7d 07 01 66 7e 99 7d 07 65 a5 11 00 ff a6 11 af 55 00 ff 67 00 38 01 00 ff 67 00 34 01 4a 18 00 ff 67 00 00 ff 67 00 00 ff 67 00 35 01 40 07 42 07 00 ff 67 00 30 01 49 07 00 ff 67 00 39 01 00 ff a3 11 00 ff b0 11 62 0e 00 ff a3 11 00 ff a3 11 00 ff a7 11 61 0e 00 ff ae 11 00 ff a3 11 00 ff b0 11 00 ff a3 11 61 0e 7e ff 
[1786974352040] 6d 66 7e 99 7d 07 01 65 7e 99 7d 07 68 a3 11 4a 18 00 ff a3 11 00 ff a3 11 00 ff a3 11 62 0e 00 ff a3 11 62 0e 00 ff a3 11 61 00 00 00 00 00 57 40 00 50 01 06 00 52 61 62 62 69 74 64 01 4a 00 00 00 00 00 00 00 00 00 00 5a 00 00 00 00 00 01 00 ff 00 01 4a 18 00 ff a3 11 4a 18 00 ff a3 11 00 ff a3 11 1e 0e 00 ff a3 11 4a 18 00 ff a3 11 00 ff a6 11 62 0e 00 ff a3 11 61 0e 00 ff a3 11 61 0e 62 ff 
[1786974352140] 6d 65 7e 99 7d 07 01 65 7e 98 7d 07 65 a9 11 4a 18 00 ff 67 00 3a 01 49 18 3f 07 00 ff 67 00 3b 01 00 ff b2 11 00 ff 67 00 38 01 00 ff 67 00 30 01 49 18 4a 18 00 ff 67 00 30 01 00 ff 67 00 39 01 00 ff a7 11 00 ff a6 11 00 ff ae 11 00 ff af 11 00 ff a3 11 af 55 00 ff a3 11 00 ff a9 11 49 18 00 ff ab 11 00 ff aa 11 00 ff a3 11 1e 0e 7e ff 
[1786974352164] 6d 5d 7e 98 7d 07 01 5d 7e 99 7d 07 
[1786974352240] 6d 65 7e 98 7d 07 01 65 7e 97 7d 07 65 67 00 97 01 35 01 00 ff 67 00 36 01 30 01 00 ff 67 00 39 01 00 ff b1 11 00 ff a7 11 00 ff a3 11 4a 18 00 ff a3 11 00 ff a5 11 00 ff a3 11 4a 18 00 ff a3 11 00 ff b2 11 00 ff a3 11 00 ff a3 11 00 ff a5 11 49 18 4a 18 00 ff a3 11 4a 18 00 ff a6 11 00 ff a3 11 00 ff a3 11 7e ff 
[1786974352341] 6d 65 7e 97 7d 07 01 64 7e 97 7d 07 68 67 00 97 01 00 ff a3 11 00 ff a7 11 00 ff a3 11 00 ff a3 11 4a 18 00 ff a3 11 00 ff a3 11 00 ff a3 11 00 ff ad 11 49 18 00 ff a9 11 49 18 00 ff aa 11 00 ff a3 11 49 18 00 ff a3 11 00 ff aa 11 62 ff 
[1786974352441] 6d 64 7e 97 7d 07 01 63 7e 97 7d 07 68 67 00 3a 01 64 11 42 07 00 ff ad 11 60 11 00 ff a3 11 00 ff a9 11 62 0e 00 ff a6 11 61 0e 00 ff a3 11 61 0e 00 ff ae 11 61 0e 00 ff ad 11 00 ff a3 11 af 55 00 ff a9 11 00 ff ac 11 49 18 00 ff a3 11 61 0e 00 ff af 11 61 0e 00 ff b2 11 62 0e 62 ff 
[1786974352541] 6d 63 7e 97 7d 07 02 63 7e 96 7d 07 65 67 00 36 01 00 ff 67 00 00 ff 67 00 6a 02 00 ff a3 11 3f 07 00 ff a3 11 00 ff a3 11 00 ff a3 11 4a 18 00 ff a4 11 00 ff a3 11 00 ff a3 11 00 ff aa 11 00 ff aa 11 49 18 00 ff a3 11 00 ff ac 11 4a 18 00 ff a3 11 4a 18 00 ff ad 11 4a 18 00 ff a3 11 4a 18 00 ff ae 11 7e ff 
[1786974352641] 6d 63 7e 96 7d 07 01 63 7e 95 7d 07 65 67 00 00 ff 67 00 49 07 00 ff 67 00 37 01 6a 02 6f 11 00 ff 2a 11 b5 11 6c 11 00 ff 36 11 be 11 70 11 19 04 00 ff a3 11 00 ff a3 11 49 18 00 ff a3 11 4a 18 00 ff a3 11 00 ff b2 11 00 ff ad 11 00 ff a5 11 00 ff a4 11 49 18 00 ff a3 11 00 ff a3 11 af 55 00 ff ad 11 00 ff a3 11 4a 18 00 ff a6 11 4a 18 7e ff 
[1786974352741] 6d 63 7e 95 7d 07 01 63 7e 94 7d 07 65 67 00 30 01 00 ff 67 00 6f 11 00 ff 39 11 73 11 00 ff 68 04 3d 04 00 ff 37 11 ba 11 71 11 00 ff 2f 11 be 11 70 11 19 04 00 ff ab 11 af 55 00 ff a3 11 00 ff aa 11 00 ff a3 11 4a 18 00 ff a3 11 4a 18 00 ff a3 11 00 ff a3 11 4a 18 00 ff ae 11 49 18 00 ff a3 11 4a 18 00 ff a3 11 4a 18 00 ff a3 11 00 ff aa 11 4a 18 7e ff 
[1786974352814] 6d 5d 7e 99 7d 07 01 5d 7e 9a 7d 07 
[1786974352841] 6d 63 7e 94 7d 07 01 63 7e 93 7d 07 65 2d 11 b5 11 6f 11 00 ff 35 11 b9 11 73 11 00 ff 68 04 3a 04 00 ff 68 04 00 ff 68 04 3d 04 00 ff 39 11 b4 11 6d 11 00 ff ae 11 4a 18 00 ff a3 11 00 ff a3 11 49 18 00 ff a3 11 00 ff a3 11 00 ff a3 11 4a 18 00 ff a3 11 00 ff aa 11 4a 18 00 ff a3 11 4a 18 00 ff a3 11 00 ff a3 11 00 ff b2 11 49 18 01 ff 69 11 00 ff 68 04 3d 04 7b ff 
[1786974352919] 1d 
[1786974352941] 6d 63 7e 93 7d 07 01 63 7e 92 7d 07 65 35 11 73 11 00 ff 68 04 3c 04 00 ff 68 04 00 ff 68 04 00 ff 68 04 39 04 00 ff 36 11 ba 11 71 11 00 ff 38 11 be 11 70 11 00 ff a3 11 3e 07 00 ff a3 11 af 55 00 ff a3 11 00 ff ab 11 4a 18 00 ff a9 11 00 ff a5 11 00 ff ac 11 00 ff a3 11 00 ff a3 11 4a 18 00 ff a3 11 af 55 00 ff a3 11 00 ff 69 11 00 ff 68 04 3a 04 00 ff 68 04 00 ff 68 04 3d 04 0f ff 67 04 6a ff 
[1786974353041] 6d 63 7e 92 7d 07 02 63 7e 91 7d 07 65 68 04 3a 04 00 ff 68 04 00 ff 68 04 00 ff 68 04 00 ff 68 04 00 ff 68 04 3d 04 00 ff 2f 11 ba 11 71 11 00 ff 2e 11 be 11 70 11 1b 04 00 ff a3 11 49 18 00 ff a3 11 49 18 00 ff aa 11 4a 18 00 ff ab 11 00 ff a3 11 49 18 00 ff a3 11 00 ff a8 11 af 55 00 ff a3 11 4a 18 00 ff a3 11 4a 18 49 18 00 ff ad 11 af 55 00 ff 68 04 3a 04 00 ff 68 04 00 ff 68 04 00 ff 68 04 39 04 0e ff 67 04 00 ff 67 04 00 ff 67 04 69 ff 
[1786974353351] 6d 63 7e 91 7d 07 01 63 7e 90 7d 07 65 68 04 00 ff 68 04 00 ff 68 04 00 ff 68 04 00 ff 68 04 00 ff 68 04 00 ff 68 04 3d 04 00 ff 35 11 b4 11 6d 11 00 ff a3 11 00 ff a3 11 49 18 00 ff a3 11 00 ff b2 11 af 55 00 ff af 11 af 55 00 ff aa 11 00 ff aa 11 49 18 00 ff a6 11 4a 18 00 ff ad 11 4a 18 49 18 00 ff b0 11 00 ff 68 04 00 ff 68 04 00 ff 68 04 00 ff 68 04 00 ff 68 04 3d 04 0d ff 67 04 00 ff 67 04 00 ff 67 04 69 ff 
[1786974353502] 6d 63 7e 90 7d 07 01 63 7e 8f 7d 07 65 68 04 00 ff 68 04 00 ff 68 04 00 ff 68 04 00 ff 68 04 00 ff 68 04 39 04 00 ff 39 11 b8 11 72 11 00 ff 38 11 bc 11 6e 11 00 ff ad 11 49 18 00 ff ab 11 00 ff a3 11 00 ff a3 11 00 ff a5 11 49 18 00 ff a3 11 4a 18 00 ff a3 11 af 55 00 ff a3 11 00 ff a3 11 00 ff e7 00 bd 11 00 ff 68 04 00 ff 68 04 00 ff 68 04 00 ff 68 04 00 ff 68 04 00 ff 68 04 3d 04 0c ff 67 04 00 ff 67 04 00 ff 67 04 00 ff 67 04 68 ff 
[1786974353559] 79 04 
[1786974353559] 70 00 00 00 74 7f 00 
[1786974353559] 5d 08 01 ed 98 00 02 01 0d 00 50 6f 77 65 72 66 75 6c 20 56 6f 69 64 33 00 ae e7 02 00 00 01 11 00 50 6f 77 65 72 66 75 6c 20 45 70 69 70 68 61 6e 79 42 00 ae e7 02 00 00 03 e5 5b 09 00 00 00 00 00 00 00 80 01 01 13 00 42 61 73 69 63 20 46 65 61 74 68 65 72 77 65 69 67 68 74 4c 00 1d 70 00 00 00 05 ee 98 0b 00 00 00 00 ee 01 00 00 00 00 00 00 00 06 28 85 00 03 01 0d 00 50 6f 77 65 72 66 75 6c 20 56 6f 69 64 33 00 84 f9 02 00 00 01 0f 00 50 6f 77 65 72 66 75 6c 20 53 74 72 69 6b 65 03 00 84 f9 02 00 00 01 12 00 50 6f 77 65 72 66 75 6c 20 56 61 6d 70 69 72 69 73 6d 30 00 84 f9 02 00 00 07 bd 8a 00 00 08 81 7b 00 01 00 0a 79 65 00 0b 64 5b 00 00 
[1786974353559] a0 7b 1c 00 00 9b 1c 00 00 25 04 10 00 b3 1e e1 13 01 00 00 00 8e 02 76 10 55 03 00 00 00 00 96 00 52 26 00 00 7e 27 00 00 c8 a2 09 fb 02 00 00 d7 01 00 00 01 00 00 00 00 00 00 00 00 
[1786974353559] a1 27 00 20 00 20 00 e7 16 13 00 13 00 13 00 7b 11 0a 00 0a 00 0a 00 00 00 0a 00 0a 00 0a 00 00 00 0a 00 0a 00 0a 00 00 00 9a 00 6a 00 6a 00 91 1e 4d 00 4d 00 4d 00 11 06 0a 00 0a 00 0a 00 00 00 00 3a ee 18 00 28 a5 14 00 7d 00 ad 01 00 04 ff ff ff 7f 00 04 ab 0d 00 80 04 9f 0f 00 80 04 97 08 00 80 04 27 23 00 80 04 ff ff ff 7f 00 00 15 00 00 00 04 7c 00 00 80 04 ff ff ff 7f 00 00 07 00 04 f3 01 00 80 03 04 6f 03 00 80 02 04 54 05 00 80 01 04 32 04 00 80 04 04 f3 01 00 80 05 04 8c 04 00 80 06 04 f3 01 00 80 04 ff ff ff 7f 04 ff ff ff 7f 04 ff ff ff 7f 
[1786974353559] 5d 08 01 ed 98 00 02 01 0d 00 50 6f 77 65 72 66 75 6c 20 56 6f 69 64 33 00 ae e7 02 00 00 01 11 00 50 6f 77 65 72 66 75 6c 20 45 70 69 70 68 61 6e 79 42 00 ae e7 02 00 00 03 e5 5b 09 00 00 00 00 00 00 00 80 01 01 13 00 42 61 73 69 63 20 46 65 61 74 68 65 72 77 65 69 67 68 74 4c 00 1d 70 00 00 00 05 ee 98 0b 00 00 00 00 ee 01 00 00 00 00 00 00 00 06 28 85 00 03 01 0d 00 50 6f 77 65 72 66 75 6c 20 56 6f 69 64 33 00 84 f9 02 00 00 01 0f 00 50 6f 77 65 72 66 75 6c 20 53 74 72 69 6b 65 03 00 84 f9 02 00 00 01 12 00 50 6f 77 65 72 66 75 6c 20 56 61 6d 70 69 72 69 73 6d 30 00 84 f9 02 00 00 07 bd 8a 00 00 08 81 7b 00 01 00 0a 79 65 00 0b 64 5b 00 00 
[1786974353559] a9 00 01 95 00 41 63 74 69 76 65 20 52 65 73 74 69 6e 67 20 41 72 65 61 20 42 6f 6e 75 73 65 73 3a 20 0a 44 6f 75 62 6c 65 20 48 69 74 20 50 6f 69 6e 74 73 20 52 65 67 65 6e 65 72 61 74 69 6f 6e 2c 0a 44 6f 75 62 6c 65 20 4d 61 6e 61 20 50 6f 69 6e 74 73 20 52 65 67 65 6e 65 72 61 74 69 6f 6e 2c 0a 53 74 61 6d 69 6e 61 20 50 6f 69 6e 74 73 20 52 65 67 65 6e 65 72 61 74 69 6f 6e 2c 0a 53 6f 75 6c 20 50 6f 69 6e 74 73 20 52 65 67 65 6e 65 72 61 74 69 6f 6e 2e 
[1786974353559] a2 40 10 00 00 00 00 00 00 00 
[1786974353559] a0 7b 1c 00 00 9b 1c 00 00 25 04 10 00 b3 1e e1 13 01 00 00 00 8e 02 76 10 55 03 00 00 00 00 96 00 52 26 00 00 7e 27 00 00 c8 a2 09 fb 02 00 00 d7 01 00 00 01 00 00 00 00 00 00 00 00 
[1786974353559] a1 27 00 20 00 20 00 e7 16 13 00 13 00 13 00 7b 11 0a 00 0a 00 0a 00 00 00 0a 00 0a 00 0a 00 00 00 0a 00 0a 00 0a 00 00 00 98 00 6a 00 6a 00 91 1e 4d 00 4d 00 4d 00 11 06 0a 00 0a 00 0a 00 00 00 00 3a ee 18 00 28 a5 14 00 7d 00 a9 01 00 04 ff ff ff 7f 00 04 ab 0d 00 80 04 9f 0f 00 80 04 97 08 00 80 04 27 23 00 80 04 ff ff ff 7f 00 00 15 00 00 00 04 7c 00 00 80 04 ff ff ff 7f 00 00 07 00 04 f3 01 00 80 03 04 6f 03 00 80 02 04 54 05 00 80 01 04 32 04 00 80 04 04 f3 01 00 80 05 04 8c 04 00 80 06 04 f3 01 00 80 04 ff ff ff 7f 04 ff ff ff 7f 04 ff ff ff 7f 
[1786974353559] f5 39 00 01 00 00 01 02 00 00 01 03 00 00 01 04 00 00 01 05 00 00 01 06 00 00 01 07 00 00 01 08 00 00 01 09 00 00 01 0a 00 00 01 0b 00 00 01 26 0b 00 01 33 0b 00 01 34 0b 00 01 35 0b 00 01 36 0b 00 01 37 0b 00 01 99 0b 00 01 bb 0b 00 01 c2 0b 00 01 e8 0b 00 32 eb 0b 00 01 09 0c 00 14 1a 0c 00 01 81 0d 00 01 a9 16 00 01 13 1d 00 14 f2 3e 00 01 95 3f 00 01 a3 53 00 0a 0b 56 00 01 f4 57 00 04 4e 5b 00 42 86 66 5b 00 01 e5 5b 00 01 e9 5b 00 0b f6 5b 00 09 a9 5c 00 01 77 65 00 01 78 65 00 01 79 65 00 01 7f 6f 00 01 2e 70 00 01 88 76 00 01 b9 76 00 01 5b 7b 00 01 81 7b 00 01 74 7f 00 01 28 85 00 01 d8 89 00 01 bd 8a 00 01 3d 8c 00 4c b3 3e 8c 00 40 8f ed 98 00 01 ee 98 00 01 57 ab 00 01 0a cb 00 01 
[1786974353559] a0 7b 1c 00 00 9b 1c 00 00 25 04 10 00 b3 1e e1 13 01 00 00 00 8e 02 76 10 55 03 00 00 00 00 96 00 52 26 00 00 7e 27 00 00 c8 a2 09 fb 02 00 00 d7 01 00 00 01 00 00 00 00 00 00 00 00 
[1786974353559] f5 39 00 01 00 00 01 02 00 00 01 03 00 00 01 04 00 00 01 05 00 00 01 06 00 00 01 07 00 00 01 08 00 00 01 09 00 00 01 0a 00 00 01 0b 00 00 01 26 0b 00 01 33 0b 00 01 34 0b 00 01 35 0b 00 01 36 0b 00 01 37 0b 00 01 99 0b 00 01 bb 0b 00 01 c2 0b 00 01 e8 0b 00 32 eb 0b 00 01 09 0c 00 14 1a 0c 00 01 81 0d 00 01 a9 16 00 01 13 1d 00 14 f2 3e 00 01 95 3f 00 01 a3 53 00 0a 0b 56 00 01 f4 57 00 04 4e 5b 00 42 86 66 5b 00 01 e5 5b 00 01 e9 5b 00 0b f6 5b 00 09 a9 5c 00 01 77 65 00 01 78 65 00 01 79 65 00 01 7f 6f 00 01 2e 70 00 01 88 76 00 01 b9 76 00 01 5b 7b 00 01 81 7b 00 01 74 7f 00 01 28 85 00 01 d8 89 00 01 bd 8a 00 01 3d 8c 00 4c b3 3e 8c 00 40 8f ed 98 00 01 ee 98 00 01 57 ab 00 01 0a cb 00 01 
[1786974353559] a0 7b 1c 00 00 9b 1c 00 00 25 04 10 00 b3 1e e1 13 01 00 00 00 8e 02 76 10 55 03 00 00 00 00 96 00 52 26 00 00 7e 27 00 00 c8 a2 09 fb 02 00 00 d7 01 00 00 01 00 00 00 00 00 00 00 00 
[1786974353559] 83 63 7e 8f 7d 07 06 01 e2 0a 00 
[1786974353652] 6d 63 7e 8f 7d 07 01 63 7e 8e 7d 07 65 68 04 00 ff 68 04 00 ff 68 04 00 ff 68 04 39 04 00 ff 37 11 b8 11 72 11 00 ff 32 11 b3 11 6a 11 00 ff 37 11 bc 11 6e 11 00 ff a3 11 00 ff a8 11 49 18 00 ff a3 11 4a 18 00 ff ad 11 4a 18 00 ff ae 11 00 ff af 11 00 ff a3 11 4a 18 00 ff ac 11 00 ff b1 11 4a 18 00 ff a6 11 00 ff e7 00 b6 11 49 18 00 ff a3 11 56 04 74 11 00 ff 68 04 00 ff 68 04 00 ff 68 04 00 ff 68 04 39 04 00 ff 6a 11 0c ff 67 04 00 ff 67 04 00 ff 67 04 ec 06 00 ff 67 04 00 ff 67 04 67 ff 
[1786974353802] 6d 63 7e 8e 7d 07 01 63 7e 8d 7d 07 65 68 04 00 ff 68 04 39 04 00 ff 2f 11 b8 11 72 11 00 ff 35 11 b3 11 6a 11 00 ff 2f 11 bc 11 6e 11 00 ff a3 11 00 ff a3 11 00 ff a3 11 00 ff ae 11 49 18 00 ff a5 11 00 ff a6 11 af 55 00 ff a6 11 4a 18 00 ff ae 11 49 18 00 ff a3 11 00 ff a3 11 00 ff b2 11 4a 18 00 ff a3 11 af 55 00 ff e7 00 b6 11 00 ff a3 11 4d 04 69 11 00 ff 68 04 00 ff 68 04 39 04 00 ff 6a 11 00 ff 6a 11 0d ff 67 04 00 ff 67 04 00 ff 67 04 00 ff 67 04 68 ff 
[1786974353849] 1e 
[1786974353953] 6d 63 7e 8d 7d 07 01 63 7e 8c 7d 07 65 68 04 00 ff 68 04 39 04 00 ff 31 11 b4 11 6d 11 00 ff ab 11 00 ff b2 11 00 ff a3 11 4a 07 00 ff ae 11 00 ff a3 11 00 ff a3 11 49 18 00 ff a3 11 4a 18 00 ff b0 11 00 ff ad 11 af 55 00 ff a6 11 00 ff a3 11 49 18 00 ff ac 11 49 18 00 ff ab 11 00 ff e7 00 bd 11 00 ff e7 00 b9 11 00 ff aa 11 5e 11 6b 11 00 ff 6a 11 00 ff 6a 11 0f ff 67 04 00 ff 67 04 6a ff 
[1786974354103] 6d 63 7e 8c 7d 07 01 63 7e 8b 7d 07 65 68 04 00 ff 68 04 39 04 00 ff 37 11 b4 11 6d 11 00 ff a3 11 00 ff a6 11 49 18 00 ff a3 11 00 ff b1 11 4a 18 00 ff a3 11 4a 18 00 ff aa 11 af 55 4a 18 00 ff a3 11 4a 18 00 ff ae 11 af 55 00 ff a3 11 4a 18 00 ff a4 11 4a 18 00 ff a3 11 00 ff a3 11 4a 18 00 ff a6 11 00 ff e7 00 b6 11 49 18 00 ff e7 00 00 ff a3 11 5e 11 7d ff 
[1786974354254] 6d 63 7e 8b 7d 07 01 63 7e 8a 7d 07 65 68 04 00 ff 68 04 39 04 00 ff 36 11 b4 11 6d 11 00 ff a3 11 4a 07 49 18 00 ff a3 11 00 ff ab 11 00 ff a3 11 af 55 00 ff b0 11 00 ff a3 11 00 ff a3 11 4a 18 00 ff a3 11 49 18 00 ff a6 11 49 18 4a 18 00 ff af 11 00 ff b0 11 4a 18 00 ff a3 11 00 ff e7 00 bd 11 00 ff e7 00 b9 11 49 18 00 ff e7 00 00 ff a5 11 5e 11 7d ff 
[1786974354404] 6d 63 7e 8a 7d 07 01 63 7e 89 7d 07 65 68 04 00 ff 68 04 39 04 00 ff 2d 11 b4 11 6d 11 19 04 00 ff a3 11 42 07 00 ff a3 11 00 ff a3 11 00 ff ab 11 49 18 00 ff ae 11 00 ff a3 11 00 ff a7 11 00 ff b0 11 00 ff a3 11 49 18 00 ff a3 11 00 ff a3 11 00 ff e7 00 bd 11 00 ff e7 00 b9 11 00 ff e7 00 00 ff e7 00 00 ff ad 11 5e 11 7d ff 
[1786974354554] 6d 63 7e 89 7d 07 01 63 7e 88 7d 07 65 68 04 00 ff 68 04 39 04 00 ff 32 11 b4 11 6d 11 19 04 00 ff b0 11 00 ff a3 11 af 55 00 ff a7 11 00 ff b0 11 4a 18 00 ff a3 11 00 ff aa 11 49 18 00 ff a3 11 4a 18 00 ff b0 11 00 ff af 11 00 ff e7 00 bd 11 00 ff e7 00 b5 11 00 ff e7 00 b9 11 49 18 00 ff e7 00 00 ff e7 00 00 ff e7 00 00 ff a3 11 5e 11 7d ff 
[1786974354705] 6d 63 7e 88 7d 07 01 63 7e 87 7d 07 65 68 04 00 ff 68 04 39 04 00 ff 35 11 b4 11 6d 11 00 ff a3 11 af 55 00 ff a3 11 4a 18 00 ff a3 11 af 55 00 ff a3 11 00 ff a3 11 4a 18 00 ff a3 11 00 ff a3 11 49 18 00 ff a3 11 00 ff e7 00 bd 11 00 ff e7 00 b9 11 00 ff e7 00 00 ff e7 00 00 ff e7 00 00 ff e7 00 00 ff e7 00 00 ff ae 11 5e 11 7d ff 
[1786974354855] 6d 63 7e 87 7d 07 01 62 7e 87 7d 07 68 68 04 00 ff 68 04 00 ff 68 04 00 ff 68 04 00 ff 68 04 00 ff 68 04 3a 04 00 ff 32 11 b9 11 73 11 00 ff 37 11 b6 11 69 11 00 ff 2e 11 b7 11 74 11 00 ff 68 04 3a 04 00 ff 36 11 73 11 00 ff 2a 11 6f 11 00 ff 2c 11 b5 11 00 ff 67 00 38 01 00 ff a3 11 00 ff af 11 25 0e 00 ff a3 11 65 07 00 ff a3 11 00 ff a3 11 64 11 42 07 00 ff ab 11 60 11 62 0e 00 ff a6 11 4f 04 ff 06 00 ff a7 11 57 04 6a 11 00 ff 68 04 00 ff 68 04 3a 04 00 ff 69 11 0a ff 67 04 00 ff 67 04 00 ff 67 04 4a ff 
[1786974355005] 6d 62 7e 87 7d 07 01 61 7e 87 7d 07 68 68 04 00 ff 68 04 00 ff 68 04 00 ff 68 04 3a 04 00 ff 38 11 b9 11 73 11 00 ff 2d 11 b6 11 69 11 00 ff 2f 11 bd 11 6f 11 00 ff ad 11 00 ff 35 11 bb 11 6b 11 00 ff 36 11 b6 11 69 11 00 ff 2b 11 b6 11 6f 11 00 ff 2f 11 b7 11 00 ff 34 11 ba 11 00 ff 35 11 b4 11 6e 11 00 ff a3 11 61 0e 00 ff b1 11 00 ff a3 11 64 11 00 ff a3 11 60 11 00 ff a3 11 68 11 6b 07 02 ff 6a 11 00 ff 68 04 3a 04 00 ff 69 11 0b ff 67 04 00 ff 67 04 4b ff 
[1786974355155] 6d 61 7e 87 7d 07 01 61 7e 86 7d 07 65 39 11 b7 11 74 11 00 ff 68 04 00 ff 68 04 00 ff 68 04 39 04 00 ff 35 11 b4 11 6d 11 19 04 00 ff a3 11 00 ff ae 11 00 ff a6 11 4a 18 00 ff b0 11 00 ff a3 11 00 ff a3 11 00 ff a3 11 00 ff e7 00 bd 11 00 ff e7 00 b9 11 00 ff e7 00 00 ff e7 00 00 ff e7 00 00 ff e7 00 00 ff a3 11 61 11 00 ff a3 11 00 ff a3 11 5e 11 7b ff 
[1786974355229] 72 00 04 00 00 00 
[1786974355229] 78 04 5b 7b 00 
[1786974355229] f5 39 00 01 00 00 01 02 00 00 01 03 00 00 01 04 00 00 01 05 00 00 01 06 00 00 01 07 00 00 01 08 00 00 01 09 00 00 01 0a 00 00 01 0b 00 00 01 26 0b 00 01 33 0b 00 01 34 0b 00 01 35 0b 00 01 36 0b 00 01 37 0b 00 01 99 0b 00 01 bb 0b 00 01 c2 0b 00 01 e8 0b 00 32 eb 0b 00 01 09 0c 00 14 1a 0c 00 01 81 0d 00 01 a9 16 00 01 13 1d 00 14 f2 3e 00 01 95 3f 00 01 a3 53 00 0a 0b 56 00 01 f4 57 00 04 4e 5b 00 42 86 66 5b 00 01 e5 5b 00 01 e9 5b 00 0b f6 5b 00 09 a9 5c 00 01 77 65 00 01 78 65 00 01 79 65 00 01 7f 6f 00 01 2e 70 00 01 88 76 00 01 b9 76 00 01 5b 7b 00 01 81 7b 00 01 74 7f 00 01 28 85 00 01 d8 89 00 01 bd 8a 00 01 3d 8c 00 4c b3 3e 8c 00 40 8f ed 98 00 01 ee 98 00 01 57 ab 00 01 0a cb 00 01 
[1786974355229] a0 7b 1c 00 00 9b 1c 00 00 25 04 10 00 b3 1e e1 13 01 00 00 00 8e 02 76 10 55 03 00 00 00 00 96 00 52 26 00 00 7e 27 00 00 c8 a2 09 fb 02 00 00 d7 01 00 00 01 00 00 00 00 00 00 00 00 
[1786974355229] 5d 09 01 ed 98 00 02 01 0d 00 50 6f 77 65 72 66 75 6c 20 56 6f 69 64 33 00 ae e7 02 00 00 01 11 00 50 6f 77 65 72 66 75 6c 20 45 70 69 70 68 61 6e 79 42 00 ae e7 02 00 00 03 e5 5b 09 00 00 00 00 00 00 00 80 01 01 13 00 42 61 73 69 63 20 46 65 61 74 68 65 72 77 65 69 67 68 74 4c 00 1d 70 00 00 00 04 5b 7b 00 01 01 0f 00 42 61 73 69 63 20 56 61 6d 70 69 72 69 73 6d 2e 00 4b af 00 00 00 05 ee 98 0b 00 00 00 00 ee 01 00 00 00 00 00 00 00 06 28 85 00 03 01 0d 00 50 6f 77 65 72 66 75 6c 20 56 6f 69 64 33 00 84 f9 02 00 00 01 0f 00 50 6f 77 65 72 66 75 6c 20 53 74 72 69 6b 65 03 00 84 f9 02 00 00 01 12 00 50 6f 77 65 72 66 75 6c 20 56 61 6d 70 69 72 69 73 6d 30 00 84 f9 02 00 00 07 bd 8a 00 00 08 81 7b 00 01 00 0a 79 65 00 0b 64 5b 00 00 
[1786974355229] a0 7b 1c 00 00 9b 1c 00 00 25 04 10 00 b3 1e e1 13 01 00 00 00 8e 02 76 10 55 03 00 00 00 00 96 00 52 26 00 00 7e 27 00 00 c8 a2 09 fb 02 00 00 d7 01 00 00 01 00 00 00 00 00 00 00 00 
[1786974355229] a1 27 00 20 00 20 00 e7 16 13 00 13 00 13 00 7b 11 0a 00 0a 00 0a 00 00 00 0a 00 0a 00 0a 00 00 00 0a 00 0a 00 0a 00 00 00 98 00 6a 00 6a 00 91 1e 4d 00 4d 00 4d 00 11 06 0a 00 0a 00 0a 00 00 00 00 3a ee 18 00 28 a5 14 00 7d 00 a9 01 00 04 ff ff ff 7f 00 04 6f 17 00 80 04 9f 0f 00 80 04 97 08 00 80 04 27 23 00 80 04 ff ff ff 7f 00 00 25 00 00 00 04 7c 00 00 80 04 ff ff ff 7f 00 00 07 00 04 f3 01 00 80 03 04 5e 02 00 80 02 04 54 05 00 80 01 04 32 04 00 80 04 04 08 06 00 80 05 04 8c 04 00 80 06 04 f3 01 00 80 04 ff ff ff 7f 04 ff ff ff 7f 04 ff ff ff 7f 
[1786974355229] a9 00 01 95 00 41 63 74 69 76 65 20 52 65 73 74 69 6e 67 20 41 72 65 61 20 42 6f 6e 75 73 65 73 3a 20 0a 44 6f 75 62 6c 65 20 48 69 74 20 50 6f 69 6e 74 73 20 52 65 67 65 6e 65 72 61 74 69 6f 6e 2c 0a 44 6f 75 62 6c 65 20 4d 61 6e 61 20 50 6f 69 6e 74 73 20 52 65 67 65 6e 65 72 61 74 69 6f 6e 2c 0a 53 74 61 6d 69 6e 61 20 50 6f 69 6e 74 73 20 52 65 67 65 6e 65 72 61 74 69 6f 6e 2c 0a 53 6f 75 6c 20 50 6f 69 6e 74 73 20 52 65 67 65 6e 65 72 61 74 69 6f 6e 2e 
[1786974355229] a2 40 10 00 00 00 00 00 00 00 
[1786974355229] a0 7b 1c 00 00 9b 1c 00 00 25 04 10 00 b3 1e e1 13 01 00 00 00 8e 02 76 10 55 03 00 00 00 00 96 00 52 26 00 00 7e 27 00 00 c8 a2 09 fb 02 00 00 d7 01 00 00 01 00 00 00 00 00 00 00 00 
[1786974355229] a1 27 00 20 00 20 00 e7 16 13 00 13 00 13 00 7b 11 0a 00 0a 00 0a 00 00 00 0a 00 0a 00 0a 00 00 00 0a 00 0a 00 0a 00 00 00 9c 00 6a 00 6a 00 91 1e 4d 00 4d 00 4d 00 11 06 0a 00 0a 00 0a 00 00 00 00 3a ee 18 00 28 a5 14 00 7d 00 b1 01 00 04 ff ff ff 7f 00 04 6f 17 00 80 04 9f 0f 00 80 04 97 08 00 80 04 27 23 00 80 04 ff ff ff 7f 00 00 25 00 00 00 04 7c 00 00 80 04 ff ff ff 7f 00 00 07 00 04 f3 01 00 80 03 04 5e 02 00 80 02 04 54 05 00 80 01 04 32 04 00 80 04 04 08 06 00 80 05 04 8c 04 00 80 06 04 f3 01 00 80 04 ff ff ff 7f 04 ff ff ff 7f 04 ff ff ff 7f 
[1786974355229] f5 39 00 01 00 00 01 02 00 00 01 03 00 00 01 04 00 00 01 05 00 00 01 06 00 00 01 07 00 00 01 08 00 00 01 09 00 00 01 0a 00 00 01 0b 00 00 01 26 0b 00 01 33 0b 00 01 34 0b 00 01 35 0b 00 01 36 0b 00 01 37 0b 00 01 99 0b 00 01 bb 0b 00 01 c2 0b 00 01 e8 0b 00 32 eb 0b 00 01 09 0c 00 14 1a 0c 00 01 81 0d 00 01 a9 16 00 01 13 1d 00 14 f2 3e 00 01 95 3f 00 01 a3 53 00 0a 0b 56 00 01 f4 57 00 04 4e 5b 00 42 86 66 5b 00 01 e5 5b 00 01 e9 5b 00 0b f6 5b 00 09 a9 5c 00 01 77 65 00 01 78 65 00 01 79 65 00 01 7f 6f 00 01 2e 70 00 01 88 76 00 01 b9 76 00 01 5b 7b 00 01 81 7b 00 01 74 7f 00 01 28 85 00 01 d8 89 00 01 bd 8a 00 01 3d 8c 00 4c b3 3e 8c 00 40 8f ed 98 00 01 ee 98 00 01 57 ab 00 01 0a cb 00 01 
[1786974355229] a0 7b 1c 00 00 9b 1c 00 00 25 04 10 00 b3 1e e1 13 01 00 00 00 8e 02 76 10 55 03 00 00 00 00 96 00 52 26 00 00 7e 27 00 00 c8 a2 09 fb 02 00 00 d7 01 00 00 01 00 00 00 00 00 00 00 00 
[1786974355229] 83 61 7e 86 7d 07 06 01 e5 0a 00 
[1786974355305] 6d 61 7e 86 7d 07 01 60 7e 86 7d 07 68 2c 11 bb 11 6b 11 00 ff 2a 11 b7 11 74 11 00 ff 68 04 00 ff 68 04 3a 04 00 ff 33 11 b9 11 73 11 00 ff 37 11 97 01 6f 11 00 ff a3 11 00 ff a3 11 00 ff a3 11 00 ff aa 11 00 ff 67 00 30 01 00 ff 67 00 3b 01 00 ff 32 11 b3 11 00 ff 37 11 6e 11 00 ff a3 11 54 04 1e 0e 00 ff a8 11 61 11 42 07 00 ff af 11 64 11 00 ff a3 11 68 11 04 ff 6b 11 00 ff 69 11 0c ff 67 04 4b ff 
[1786974355456] 6d 60 7e 86 7d 07 01 5f 7e 86 7d 07 68 aa 11 00 ff 34 11 bb 11 6b 11 00 ff 2a 11 b6 11 69 11 00 ff 2d 11 b6 11 69 11 00 ff 2f 11 bd 11 6f 11 00 ff 67 00 39 01 00 ff 67 00 6a 02 00 ff 67 00 6a 02 00 ff 67 00 6a 02 00 ff 67 00 6a 02 00 ff 67 00 35 01 42 07 00 ff 67 00 97 01 00 ff 38 11 b3 11 6e 11 00 ff 3a 11 72 11 01 ff a8 11 65 11 00 ff a3 11 68 11 3e 07 5f ff 
[1786974355606] 6d 5f 7e 86 7d 07 01 5f 7e 85 7d 07 65 ad 11 3e 07 00 ff a9 11 00 ff 32 11 b6 11 6b 11 00 ff 33 11 b8 11 6a 11 00 ff 3a 11 b3 11 6a 11 00 ff 39 11 b7 11 6a 11 00 ff 36 11 b4 11 6e 11 00 ff aa 11 4a 18 00 ff a3 11 4a 18 00 ff ad 11 4a 18 00 ff a3 11 af 55 00 ff ad 11 4a 18 00 ff a3 11 00 ff e7 00 bd 11 34 0f 00 ff e7 00 b9 11 af 55 00 ff e7 00 af 55 00 ff e7 00 00 ff e7 00 02 ff a6 11 65 11 1f 0e 00 ff ac 11 5d 11 00 ff a3 11 66 11 79 ff 
[1786974355756] 6d 5f 7e 85 7d 07 01 5f 7e 84 7d 07 65 a3 11 00 ff a3 11 00 ff 38 11 b6 11 00 ff 2d 11 b4 11 00 ff ae 11 61 0e 00 ff 2d 11 b6 11 00 ff 32 11 b4 11 00 ff a3 11 00 ff ae 11 00 ff ac 11 00 ff a7 11 49 18 00 ff af 11 49 18 00 ff e7 00 bd 11 4a 18 00 ff e7 00 b9 11 00 ff e7 00 00 ff e7 00 af 55 00 ff e7 00 ec 06 49 18 00 ff e7 00 7e ff 
[1786974355906] 6d 5f 7e 84 7d 07 01 5f 7e 83 7d 07 65 a7 11 00 ff a3 11 00 ff 32 11 b6 11 00 ff 2f 11 ba 11 b8 11 00 ff 2e 11 b5 11 b7 11 00 ff 37 11 b9 11 00 ff 2a 11 ba 11 00 ff 33 11 be 11 34 0f 49 18 00 ff a3 11 49 18 00 ff a7 11 00 ff a3 11 4a 18 00 ff e7 00 bd 11 49 18 af 55 00 ff e7 00 b9 11 00 ff e7 00 00 ff e7 00 00 ff e7 00 00 ff e7 00 af 55 00 ff e7 00 7e ff 
[1786974356056] 6d 5f 7e 83 7d 07 01 5f 7e 82 7d 07 65 ad 11 00 ff a6 11 00 ff 38 11 b6 11 00 ff 30 11 b4 11 00 ff bc 1c bb 11 00 ff 33 11 b7 11 69 11 00 ff 68 04 3d 04 00 ff 2a 11 ba 11 6d 11 00 ff 35 11 be 11 af 55 00 ff a6 11 00 ff ad 11 00 ff e7 00 b6 11 00 ff e7 00 00 ff e7 00 00 ff e7 00 00 ff e7 00 00 ff e7 00 00 ff c6 03 7e ff 
[1786974356207] 6d 5f 7e 82 7d 07 01 5f 7e 81 7d 07 65 a3 11 4a 07 00 ff 36 11 bd 11 6f 11 00 ff 2c 11 b9 11 6c 11 00 ff 2d 11 b4 11 70 11 00 ff 51 02 00 ff 36 11 b6 11 69 11 00 ff 68 04 39 04 00 ff 2e 11 b8 11 6d 11 00 ff 32 11 bc 11 4a 18 00 ff a4 11 00 ff a4 11 4a 18 00 ff e7 00 b6 11 4a 18 00 ff e7 00 00 ff e7 00 00 ff e7 00 49 18 00 ff e7 00 00 ff e7 00 00 ff c3 03 04 ff 69 11 00 ff 68 04 3d 04 78 ff 
[1786974356357] 6d 5f 7e 81 7d 07 01 5f 7e 80 7d 07 65 2d 11 bd 11 6f 11 00 ff 2d 11 b9 11 73 11 00 ff 68 04 3d 04 00 ff 36 11 ba 11 71 11 00 ff 38 11 b5 11 6c 11 00 ff 35 11 b9 11 73 11 00 ff 68 04 39 04 00 ff 2a 11 b4 11 6d 11 00 ff a3 11 42 07 af 55 00 ff ab 11 00 ff a3 11 49 18 00 ff e7 00 b6 11 4a 18 00 ff e7 00 00 ff e7 00 00 ff e7 00 00 ff e7 00 00 ff e7 00 49 18 00 ff e7 00 ee 06 04 ff 69 11 00 ff 68 04 39 04 10 ff 67 04 1e 07 67 ff 
[1786974356507] 6d 5f 7e 80 7d 07 01 5f 7e 7f 7d 07 65 37 11 b9 11 69 11 00 ff 68 04 3a 04 00 ff 68 04 00 ff 68 04 3a 04 00 ff 68 04 3a 04 00 ff 68 04 3a 04 00 ff 68 04 39 04 00 ff 39 11 b4 11 6d 11 00 ff a3 11 4a 18 00 ff a9 11 af 55 00 ff ac 11 00 ff e7 00 b6 11 af 55 00 ff e7 00 00 ff e7 00 00 ff e7 00 00 ff e7 00 00 ff e7 00 00 ff e7 00 f0 06 00 ff 69 11 00 ff 68 04 3d 04 02 ff 69 11 00 ff 68 04 3b 04 10 ff 67 04 ec 06 67 ff 
[1786974356574] 79 06 
[1786974356574] 70 00 00 00 28 85 00 
[1786974356574] 5d 08 01 ed 98 00 02 01 0d 00 50 6f 77 65 72 66 75 6c 20 56 6f 69 64 33 00 ae e7 02 00 00 01 11 00 50 6f 77 65 72 66 75 6c 20 45 70 69 70 68 61 6e 79 42 00 ae e7 02 00 00 03 e5 5b 09 00 00 00 00 00 00 00 80 01 01 13 00 42 61 73 69 63 20 46 65 61 74 68 65 72 77 65 69 67 68 74 4c 00 1d 70 00 00 00 04 5b 7b 00 01 01 0f 00 42 61 73 69 63 20 56 61 6d 70 69 72 69 73 6d 2e 00 4b af 00 00 00 05 ee 98 0b 00 00 00 00 ee 01 00 00 00 00 00 00 00 07 bd 8a 00 00 08 81 7b 00 01 00 0a 79 65 00 0b 64 5b 00 00 
[1786974356574] a0 7b 1c 00 00 9b 1c 00 00 25 04 10 00 b3 1e e1 13 01 00 00 00 8e 02 76 10 55 03 00 00 00 00 96 00 52 26 00 00 7e 27 00 00 c8 a2 09 fb 02 00 00 d7 01 00 00 01 00 00 00 00 00 00 00 00 
[1786974356574] a1 27 00 20 00 20 00 e7 16 13 00 13 00 13 00 7b 11 0a 00 0a 00 0a 00 00 00 0a 00 0a 00 0a 00 00 00 0a 00 0a 00 0a 00 00 00 9c 00 6a 00 6a 00 91 1e 4d 00 4d 00 4d 00 11 06 0a 00 0a 00 0a 00 00 00 00 3a ee 18 00 28 a5 14 00 7d 00 83 00 00 04 ff ff ff 7f 00 04 6f 17 00 80 04 cf 07 00 80 04 97 08 00 80 04 27 23 00 80 04 ff ff ff 7f 03 00 25 00 00 00 04 7c 00 00 80 04 ff ff ff 7f 00 00 07 00 04 f3 01 00 80 03 04 5e 02 00 80 02 04 54 05 00 80 01 04 32 04 00 80 04 04 08 06 00 80 05 04 f3 01 00 80 06 04 f3 01 00 80 04 ff ff ff 7f 04 ff ff ff 7f 04 ff ff ff 7f 
[1786974356574] 5d 08 01 ed 98 00 02 01 0d 00 50 6f 77 65 72 66 75 6c 20 56 6f 69 64 33 00 ae e7 02 00 00 01 11 00 50 6f 77 65 72 66 75 6c 20 45 70 69 70 68 61 6e 79 42 00 ae e7 02 00 00 03 e5 5b 09 00 00 00 00 00 00 00 80 01 01 13 00 42 61 73 69 63 20 46 65 61 74 68 65 72 77 65 69 67 68 74 4c 00 1d 70 00 00 00 04 5b 7b 00 01 01 0f 00 42 61 73 69 63 20 56 61 6d 70 69 72 69 73 6d 2e 00 4b af 00 00 00 05 ee 98 0b 00 00 00 00 ee 01 00 00 00 00 00 00 00 07 bd 8a 00 00 08 81 7b 00 01 00 0a 79 65 00 0b 64 5b 00 00 
[1786974356574] a0 7b 1c 00 00 9b 1c 00 00 25 04 10 00 b3 1e e1 13 01 00 00 00 8e 02 76 10 55 03 00 00 00 00 96 00 52 26 00 00 7e 27 00 00 c8 a2 09 fb 02 00 00 d7 01 00 00 01 00 00 00 00 00 00 00 00 
[1786974356574] a1 27 00 20 00 20 00 e7 16 13 00 13 00 13 00 7b 11 0a 00 0a 00 0a 00 00 00 0a 00 0a 00 0a 00 00 00 0a 00 0a 00 0a 00 00 00 9c 00 6a 00 6a 00 91 1e 4d 00 4d 00 4d 00 11 06 0a 00 0a 00 0a 00 00 00 00 3a ee 18 00 28 a5 14 00 7d 00 83 00 00 04 ff ff ff 7f 00 04 6f 17 00 80 04 cf 07 00 80 04 db 05 00 80 04 b7 0b 00 80 04 ff ff ff 7f 03 00 25 00 00 00 04 7c 00 00 80 04 ff ff ff 7f 00 00 07 00 04 f3 01 00 80 03 04 5e 02 00 80 02 04 54 05 00 80 01 04 32 04 00 80 04 04 08 06 00 80 05 04 f3 01 00 80 06 04 f3 01 00 80 04 ff ff ff 7f 04 ff ff ff 7f 04 ff ff ff 7f 
[1786974356574] 5d 08 01 ed 98 00 02 01 0d 00 50 6f 77 65 72 66 75 6c 20 56 6f 69 64 33 00 ae e7 02 00 00 01 11 00 50 6f 77 65 72 66 75 6c 20 45 70 69 70 68 61 6e 79 42 00 ae e7 02 00 00 03 e5 5b 09 00 00 00 00 00 00 00 80 01 01 13 00 42 61 73 69 63 20 46 65 61 74 68 65 72 77 65 69 67 68 74 4c 00 1d 70 00 00 00 04 5b 7b 00 01 01 0f 00 42 61 73 69 63 20 56 61 6d 70 69 72 69 73 6d 2e 00 4b af 00 00 00 05 ee 98 0b 00 00 00 00 ee 01 00 00 00 00 00 00 00 07 bd 8a 00 00 08 81 7b 00 01 00 0a 79 65 00 0b 64 5b 00 00 
[1786974356574] a0 7b 1c 00 00 9b 1c 00 00 25 04 10 00 b3 1e e1 13 01 00 00 00 8e 02 76 10 55 03 00 00 00 00 96 00 52 26 00 00 7e 27 00 00 c8 a2 09 fb 02 00 00 d7 01 00 00 01 00 00 00 00 00 00 00 00 
[1786974356574] a1 27 00 20 00 20 00 e7 16 13 00 13 00 13 00 7b 11 0a 00 0a 00 0a 00 00 00 0a 00 0a 00 0a 00 00 00 0a 00 0a 00 0a 00 00 00 9c 00 6a 00 6a 00 91 1e 4d 00 4d 00 4d 00 11 06 0a 00 0a 00 0a 00 00 00 00 3a ee 18 00 28 a5 14 00 7d 00 83 00 00 04 ff ff ff 7f 00 04 c3 09 00 80 04 cf 07 00 80 04 db 05 00 80 04 b7 0b 00 80 04 ff ff ff 7f 03 00 25 00 00 00 04 7c 00 00 80 04 ff ff ff 7f 00 00 07 00 04 f3 01 00 80 03 04 5e 02 00 80 02 04 54 05 00 80 01 04 32 04 00 80 04 04 08 06 00 80 05 04 f3 01 00 80 06 04 f3 01 00 80 04 ff ff ff 7f 04 ff ff ff 7f 04 ff ff ff 7f 
[1786974356574] a9 00 01 95 00 41 63 74 69 76 65 20 52 65 73 74 69 6e 67 20 41 72 65 61 20 42 6f 6e 75 73 65 73 3a 20 0a 44 6f 75 62 6c 65 20 48 69 74 20 50 6f 69 6e 74 73 20 52 65 67 65 6e 65 72 61 74 69 6f 6e 2c 0a 44 6f 75 62 6c 65 20 4d 61 6e 61 20 50 6f 69 6e 74 73 20 52 65 67 65 6e 65 72 61 74 69 6f 6e 2c 0a 53 74 61 6d 69 6e 61 20 50 6f 69 6e 74 73 20 52 65 67 65 6e 65 72 61 74 69 6f 6e 2c 0a 53 6f 75 6c 20 50 6f 69 6e 74 73 20 52 65 67 65 6e 65 72 61 74 69 6f 6e 2e 
[1786974356574] a2 40 10 00 00 00 00 00 00 00 
[1786974356574] a0 7b 1c 00 00 9b 1c 00 00 25 04 10 00 b3 1e e1 13 01 00 00 00 8e 02 76 10 55 03 00 00 00 00 96 00 52 26 00 00 7e 27 00 00 c8 a2 09 fb 02 00 00 d7 01 00 00 01 00 00 00 00 00 00 00 00 
[1786974356574] a1 27 00 20 00 20 00 e7 16 13 00 13 00 13 00 7b 11 0a 00 0a 00 0a 00 00 00 0a 00 0a 00 0a 00 00 00 0a 00 0a 00 0a 00 00 00 97 00 6a 00 6a 00 91 1e 4d 00 4d 00 4d 00 11 06 0a 00 0a 00 0a 00 00 00 00 3a ee 18 00 28 a5 14 00 7d 00 83 00 00 04 ff ff ff 7f 00 04 c3 09 00 80 04 cf 07 00 80 04 f3 01 00 80 04 e7 03 00 80 04 ff ff ff 7f 03 00 25 00 00 00 04 7c 00 00 80 04 ff ff ff 7f 00 00 07 00 04 f3 01 00 80 03 04 5e 02 00 80 02 04 54 05 00 80 01 04 32 04 00 80 04 04 08 06 00 80 05 04 f3 01 00 80 06 04 f3 01 00 80 04 ff ff ff 7f 04 ff ff ff 7f 04 ff ff ff 7f 
[1786974356574] a0 7b 1c 00 00 9b 1c 00 00 25 04 10 00 b3 1e e1 13 01 00 00 00 8e 02 76 10 55 03 00 00 00 00 96 00 52 26 00 00 7e 27 00 00 c8 a2 09 fb 02 00 00 d7 01 00 00 01 00 00 00 00 00 00 00 00 
[1786974356574] a1 27 00 20 00 20 00 e7 16 13 00 13 00 13 00 7b 11 0a 00 0a 00 0a 00 00 00 0a 00 0a 00 0a 00 00 00 0a 00 0a 00 0a 00 00 00 97 00 6a 00 6a 00 91 1e 4d 00 4d 00 4d 00 11 06 0a 00 0a 00 0a 00 00 00 00 3a ee 18 00 28 a5 14 00 7d 00 83 00 00 04 ff ff ff 7f 00 04 c3 09 00 80 04 cf 07 00 80 04 f3 01 00 80 04 e7 03 00 80 04 ff ff ff 7f 03 00 25 00 00 00 04 7c 00 00 80 04 ff ff ff 7f 00 00 07 00 04 f3 01 00 80 03 04 5e 02 00 80 02 04 54 05 00 80 01 04 32 04 00 80 04 04 08 06 00 80 05 04 f3 01 00 80 06 04 f3 01 00 80 04 ff ff ff 7f 04 ff ff ff 7f 04 ff ff ff 7f 
[1786974356574] f5 39 00 01 00 00 01 02 00 00 01 03 00 00 01 04 00 00 01 05 00 00 01 06 00 00 01 07 00 00 01 08 00 00 01 09 00 00 01 0a 00 00 01 0b 00 00 01 26 0b 00 01 33 0b 00 01 34 0b 00 01 35 0b 00 01 36 0b 00 01 37 0b 00 01 99 0b 00 01 bb 0b 00 01 c2 0b 00 01 e8 0b 00 32 eb 0b 00 01 09 0c 00 14 1a 0c 00 01 81 0d 00 01 a9 16 00 01 13 1d 00 14 f2 3e 00 01 95 3f 00 01 a3 53 00 0a 0b 56 00 01 f4 57 00 04 4e 5b 00 42 86 66 5b 00 01 e5 5b 00 01 e9 5b 00 0b f6 5b 00 09 a9 5c 00 01 77 65 00 01 78 65 00 01 79 65 00 01 7f 6f 00 01 2e 70 00 01 88 76 00 01 b9 76 00 01 5b 7b 00 01 81 7b 00 01 74 7f 00 01 28 85 00 01 d8 89 00 01 bd 8a 00 01 3d 8c 00 4c b3 3e 8c 00 40 8f ed 98 00 01 ee 98 00 01 57 ab 00 01 0a cb 00 01 
[1786974356574] a0 7b 1c 00 00 9b 1c 00 00 25 04 10 00 b3 1e e1 13 01 00 00 00 8e 02 76 10 55 03 00 00 00 00 96 00 52 26 00 00 7e 27 00 00 c8 a2 09 fb 02 00 00 d7 01 00 00 01 00 00 00 00 00 00 00 00 
[1786974356574] f5 39 00 01 00 00 01 02 00 00 01 03 00 00 01 04 00 00 01 05 00 00 01 06 00 00 01 07 00 00 01 08 00 00 01 09 00 00 01 0a 00 00 01 0b 00 00 01 26 0b 00 01 33 0b 00 01 34 0b 00 01 35 0b 00 01 36 0b 00 01 37 0b 00 01 99 0b 00 01 bb 0b 00 01 c2 0b 00 01 e8 0b 00 32 eb 0b 00 01 09 0c 00 14 1a 0c 00 01 81 0d 00 01 a9 16 00 01 13 1d 00 14 f2 3e 00 01 95 3f 00 01 a3 53 00 0a 0b 56 00 01 f4 57 00 04 4e 5b 00 42 86 66 5b 00 01 e5 5b 00 01 e9 5b 00 0b f6 5b 00 09 a9 5c 00 01 77 65 00 01 78 65 00 01 79 65 00 01 7f 6f 00 01 2e 70 00 01 88 76 00 01 b9 76 00 01 5b 7b 00 01 81 7b 00 01 74 7f 00 01 28 85 00 01 d8 89 00 01 bd 8a 00 01 3d 8c 00 4c b3 3e 8c 00 40 8f ed 98 00 01 ee 98 00 01 57 ab 00 01 0a cb 00 01 
[1786974356574] a0 7b 1c 00 00 9b 1c 00 00 25 04 10 00 b3 1e e1 13 01 00 00 00 8e 02 76 10 55 03 00 00 00 00 96 00 52 26 00 00 7e 27 00 00 c8 a2 09 fb 02 00 00 d7 01 00 00 01 00 00 00 00 00 00 00 00 
[1786974356574] 72 00 05 00 00 00 
[1786974356574] 78 06 b9 76 00 
[1786974356574] f5 39 00 01 00 00 01 02 00 00 01 03 00 00 01 04 00 00 01 05 00 00 01 06 00 00 01 07 00 00 01 08 00 00 01 09 00 00 01 0a 00 00 01 0b 00 00 01 26 0b 00 01 33 0b 00 01 34 0b 00 01 35 0b 00 01 36 0b 00 01 37 0b 00 01 99 0b 00 01 bb 0b 00 01 c2 0b 00 01 e8 0b 00 32 eb 0b 00 01 09 0c 00 14 1a 0c 00 01 81 0d 00 01 a9 16 00 01 13 1d 00 14 f2 3e 00 01 95 3f 00 01 a3 53 00 0a 0b 56 00 01 f4 57 00 04 4e 5b 00 42 86 66 5b 00 01 e5 5b 00 01 e9 5b 00 0b f6 5b 00 09 a9 5c 00 01 77 65 00 01 78 65 00 01 79 65 00 01 7f 6f 00 01 2e 70 00 01 88 76 00 01 b9 76 00 01 5b 7b 00 01 81 7b 00 01 74 7f 00 01 28 85 00 01 d8 89 00 01 bd 8a 00 01 3d 8c 00 4c b3 3e 8c 00 40 8f ed 98 00 01 ee 98 00 01 57 ab 00 01 0a cb 00 01 
[1786974356574] a0 7b 1c 00 00 9b 1c 00 00 25 04 10 00 b3 1e e1 13 01 00 00 00 8e 02 76 10 55 03 00 00 00 00 96 00 52 26 00 00 7e 27 00 00 c8 a2 09 fb 02 00 00 d7 01 00 00 01 00 00 00 00 00 00 00 00 
[1786974356574] 5d 09 01 ed 98 00 02 01 0d 00 50 6f 77 65 72 66 75 6c 20 56 6f 69 64 33 00 ae e7 02 00 00 01 11 00 50 6f 77 65 72 66 75 6c 20 45 70 69 70 68 61 6e 79 42 00 ae e7 02 00 00 03 e5 5b 09 00 00 00 00 00 00 00 80 01 01 13 00 42 61 73 69 63 20 46 65 61 74 68 65 72 77 65 69 67 68 74 4c 00 1d 70 00 00 00 04 5b 7b 00 01 01 0f 00 42 61 73 69 63 20 56 61 6d 70 69 72 69 73 6d 2e 00 4b af 00 00 00 05 ee 98 0b 00 00 00 00 ee 01 00 00 00 00 00 00 00 06 b9 76 00 02 01 0f 00 50 6f 77 65 72 66 75 6c 20 53 63 6f 72 63 68 0f 00 0f 47 03 00 00 00 07 bd 8a 00 00 08 81 7b 00 01 00 0a 79 65 00 0b 64 5b 00 00 
[1786974356574] 5d 09 01 ed 98 00 02 01 0d 00 50 6f 77 65 72 66 75 6c 20 56 6f 69 64 33 00 ae e7 02 00 00 01 11 00 50 6f 77 65 72 66 75 6c 20 45 70 69 70 68 61 6e 79 42 00 ae e7 02 00 00 03 e5 5b 09 00 00 00 00 00 00 00 80 01 01 13 00 42 61 73 69 63 20 46 65 61 74 68 65 72 77 65 69 67 68 74 4c 00 1d 70 00 00 00 04 5b 7b 00 01 01 0f 00 42 61 73 69 63 20 56 61 6d 70 69 72 69 73 6d 2e 00 4b af 00 00 00 05 ee 98 0b 00 00 00 00 ee 01 00 00 00 00 00 00 00 06 b9 76 00 02 01 0f 00 50 6f 77 65 72 66 75 6c 20 53 63 6f 72 63 68 0f 00 0f 47 03 00 00 00 07 bd 8a 00 00 08 81 7b 00 01 00 0a 79 65 00 0b 64 5b 00 00 
[1786974356574] a9 00 01 95 00 41 63 74 69 76 65 20 52 65 73 74 69 6e 67 20 41 72 65 61 20 42 6f 6e 75 73 65 73 3a 20 0a 44 6f 75 62 6c 65 20 48 69 74 20 50 6f 69 6e 74 73 20 52 65 67 65 6e 65 72 61 74 69 6f 6e 2c 0a 44 6f 75 62 6c 65 20 4d 61 6e 61 20 50 6f 69 6e 74 73 20 52 65 67 65 6e 65 72 61 74 69 6f 6e 2c 0a 53 74 61 6d 69 6e 61 20 50 6f 69 6e 74 73 20 52 65 67 65 6e 65 72 61 74 69 6f 6e 2c 0a 53 6f 75 6c 20 50 6f 69 6e 74 73 20 52 65 67 65 6e 65 72 61 74 69 6f 6e 2e 
[1786974356574] a2 40 10 00 00 00 00 00 00 00 
[1786974356574] 5c b9 76 2e d6 0d 00 01 
[1786974356574] a0 7b 1c 00 00 9b 1c 00 00 25 04 10 00 b3 1e e1 13 01 00 00 00 8e 02 76 10 55 03 00 00 00 00 96 00 52 26 00 00 7e 27 00 00 c8 a2 09 fb 02 00 00 d7 01 00 00 01 00 00 00 00 00 00 00 00 
[1786974356574] a1 27 00 20 00 20 00 e7 16 13 00 13 00 13 00 7b 11 0a 00 0a 00 0a 00 00 00 0a 00 0a 00 0a 00 00 00 0a 00 0a 00 0a 00 00 00 9a 00 6a 00 6a 00 91 1e 4d 00 4d 00 4d 00 11 06 0a 00 0a 00 0a 00 00 00 00 3a ee 18 00 28 a5 14 00 7d 00 bc 02 00 04 ff ff ff 7f 00 04 c3 09 00 80 04 cf 07 00 80 04 f3 01 00 80 04 db 05 00 80 04 ff ff ff 7f 00 00 25 00 00 00 04 7c 00 00 80 04 ff ff ff 7f 00 00 07 00 04 f3 01 00 80 03 04 5e 02 00 80 02 04 54 05 00 80 01 04 32 04 00 80 04 04 08 06 00 80 05 04 f3 01 00 80 06 04 f3 01 00 80 04 ff ff ff 7f 04 ff ff ff 7f 04 ff ff ff 7f 
[1786974356574] a0 7b 1c 00 00 9b 1c 00 00 25 04 10 00 b3 1e e1 13 01 00 00 00 8e 02 76 10 55 03 00 00 00 00 96 00 52 26 00 00 7e 27 00 00 c8 a2 09 fb 02 00 00 d7 01 00 00 01 00 00 00 00 00 00 00 00 
[1786974356574] a1 27 00 20 00 20 00 e7 16 13 00 13 00 13 00 7b 11 0a 00 0a 00 0a 00 00 00 0a 00 0a 00 0a 00 00 00 0a 00 0a 00 0a 00 00 00 9a 00 6a 00 6a 00 91 1e 4d 00 4d 00 4d 00 11 06 0a 00 0a 00 0a 00 00 00 00 3a ee 18 00 28 a5 14 00 7d 00 bc 02 00 04 ff ff ff 7f 00 04 c3 09 00 80 04 cf 07 00 80 04 f3 01 00 80 04 db 05 00 80 04 ff ff ff 7f 00 00 25 00 00 00 04 7c 00 00 80 04 ff ff ff 7f 00 00 07 00 04 f3 01 00 80 03 04 5e 02 00 80 02 04 54 05 00 80 01 04 32 04 00 80 04 04 08 06 00 80 05 04 f3 01 00 80 06 04 f3 01 00 80 04 ff ff ff 7f 04 ff ff ff 7f 04 ff ff ff 7f 
[1786974356574] f5 39 00 01 00 00 01 02 00 00 01 03 00 00 01 04 00 00 01 05 00 00 01 06 00 00 01 07 00 00 01 08 00 00 01 09 00 00 01 0a 00 00 01 0b 00 00 01 26 0b 00 01 33 0b 00 01 34 0b 00 01 35 0b 00 01 36 0b 00 01 37 0b 00 01 99 0b 00 01 bb 0b 00 01 c2 0b 00 01 e8 0b 00 32 eb 0b 00 01 09 0c 00 14 1a 0c 00 01 81 0d 00 01 a9 16 00 01 13 1d 00 14 f2 3e 00 01 95 3f 00 01 a3 53 00 0a 0b 56 00 01 f4 57 00 04 4e 5b 00 42 86 66 5b 00 01 e5 5b 00 01 e9 5b 00 0b f6 5b 00 09 a9 5c 00 01 77 65 00 01 78 65 00 01 79 65 00 01 7f 6f 00 01 2e 70 00 01 88 76 00 01 b9 76 00 01 5b 7b 00 01 81 7b 00 01 74 7f 00 01 28 85 00 01 d8 89 00 01 bd 8a 00 01 3d 8c 00 4c b3 3e 8c 00 40 8f ed 98 00 01 ee 98 00 01 57 ab 00 01 0a cb 00 01 
[1786974356574] a0 7b 1c 00 00 9b 1c 00 00 25 04 10 00 b3 1e e1 13 01 00 00 00 8e 02 76 10 55 03 00 00 00 00 96 00 52 26 00 00 7e 27 00 00 c8 a2 09 fb 02 00 00 d7 01 00 00 01 00 00 00 00 00 00 00 00 
[1786974356574] 83 5f 7e 7f 7d 07 06 01 e7 0a 00 
[1786974356849] 6d 5f 7e 7f 7d 07 01 5f 7e 7e 7d 07 65 35 11 b7 11 69 11 00 ff 68 04 00 ff 68 04 00 ff 68 04 00 ff 68 04 00 ff 68 04 39 04 00 ff 2a 11 b8 11 72 11 00 ff 2a 11 bc 11 6e 11 00 ff a3 11 00 ff a3 11 00 ff ad 11 4a 18 00 ff e7 00 bb 11 00 ff e7 00 b7 11 4a 18 00 ff e7 00 00 ff e7 00 00 ff e7 00 00 ff e7 00 00 ff e7 00 00 ff a3 11 57 04 6b 11 00 ff a3 11 5f 11 6a 11 00 ff a3 11 5f 11 41 07 00 ff b0 11 5f 11 00 ff a3 11 67 11 69 11 00 ff 68 04 3b 04 0c ff 67 04 ff 06 03 ff 67 04 67 ff 
[1786974356964] 83 5f 7e 7e 7d 07 03 0f 00 01 00 
[1786974356964] a4 06 00 d0 07 00 00 
[1786974356964] a9 00 01 95 00 41 63 74 69 76 65 20 52 65 73 74 69 6e 67 20 41 72 65 61 20 42 6f 6e 75 73 65 73 3a 20 0a 44 6f 75 62 6c 65 20 48 69 74 20 50 6f 69 6e 74 73 20 52 65 67 65 6e 65 72 61 74 69 6f 6e 2c 0a 44 6f 75 62 6c 65 20 4d 61 6e 61 20 50 6f 69 6e 74 73 20 52 65 67 65 6e 65 72 61 74 69 6f 6e 2c 0a 53 74 61 6d 69 6e 61 20 50 6f 69 6e 74 73 20 52 65 67 65 6e 65 72 61 74 69 6f 6e 2c 0a 53 6f 75 6c 20 50 6f 69 6e 74 73 20 52 65 67 65 6e 65 72 61 74 69 6f 6e 2e 
[1786974356964] a2 40 10 00 00 00 00 00 00 00 
[1786974356964] a5 03 d0 07 00 00 
[1786974356964] a9 00 01 95 00 41 63 74 69 76 65 20 52 65 73 74 69 6e 67 20 41 72 65 61 20 42 6f 6e 75 73 65 73 3a 20 0a 44 6f 75 62 6c 65 20 48 69 74 20 50 6f 69 6e 74 73 20 52 65 67 65 6e 65 72 61 74 69 6f 6e 2c 0a 44 6f 75 62 6c 65 20 4d 61 6e 61 20 50 6f 69 6e 74 73 20 52 65 67 65 6e 65 72 61 74 69 6f 6e 2c 0a 53 74 61 6d 69 6e 61 20 50 6f 69 6e 74 73 20 52 65 67 65 6e 65 72 61 74 69 6f 6e 2c 0a 53 6f 75 6c 20 50 6f 69 6e 74 73 20 52 65 67 65 6e 65 72 61 74 69 6f 6e 2e 
[1786974356964] a2 40 10 00 00 00 00 00 00 00 
[1786974356964] 83 5f 7e 7e 7d 07 06 01 ee 03 00 
[1786974356964] a0 7b 1c 00 00 9b 1c 00 00 25 04 10 00 b3 1e e1 13 01 00 00 00 8e 02 76 10 55 03 00 00 00 00 96 00 52 26 00 00 7e 27 00 00 c8 a2 09 fb 02 00 00 d7 01 00 00 01 00 00 00 00 00 00 00 00 
[1786974356964] a1 27 00 20 00 20 00 e7 16 13 00 13 00 13 00 7b 11 0a 00 0a 00 0a 00 00 00 0a 00 0a 00 0a 00 00 00 0a 00 0a 00 0a 00 00 00 9a 00 6a 00 6a 00 91 1e 4d 00 4d 00 4d 00 11 06 0a 00 0a 00 0a 00 00 00 00 3a ee 18 00 28 a5 14 00 7d 00 bc 02 00 04 ff ff ff 7f 00 04 c3 09 00 80 04 cf 07 00 80 04 f3 01 00 80 04 db 05 00 80 04 ff ff ff 7f 00 00 25 00 00 00 04 7c 00 00 80 04 ff ff ff 7f 00 00 07 00 04 f3 01 00 80 03 04 5e 02 00 80 02 04 54 05 00 80 01 04 32 04 00 80 04 04 08 06 00 80 05 04 f3 01 00 80 06 04 f3 01 00 80 04 ff ff ff 7f 04 ff ff ff 7f 04 ff ff ff 7f 
[1786974356964] a0 7b 1c 00 00 9b 1c 00 00 25 04 10 00 b3 1e e1 13 01 00 00 00 8e 02 76 10 55 03 00 00 00 00 96 00 16 26 00 00 7e 27 00 00 c8 a2 09 fb 02 00 00 d7 01 00 00 01 00 00 00 00 00 00 00 00 
[1786974356964] aa 04 6c 00 00 08 00 4b 75 6b 75 72 65 6a 61 00 8e 02 24 5f 7e 7e 7d 07 09 00 75 74 61 6e 69 20 68 75 72 
[1786974356999] 6d 5f 7e 7e 7d 07 01 5f 7e 7d 7d 07 65 37 11 bb 11 6b 11 00 ff 32 11 b7 11 74 11 00 ff 68 04 00 ff 68 04 00 ff 68 04 00 ff 68 04 39 04 00 ff 2d 11 b4 11 6d 11 00 ff b0 11 42 07 00 ff a3 11 49 18 00 ff a3 11 00 ff b0 11 00 ff a3 11 4a 18 00 ff e7 00 b6 11 00 ff e7 00 00 ff e7 00 00 ff e7 00 00 ff e7 00 00 ff e7 00 00 ff a3 11 54 04 00 07 00 ff ad 11 61 11 01 07 00 ff b1 11 42 07 00 ff a3 11 41 07 00 ff a3 11 5e 11 6b 11 00 ff 6a 11 10 ff 67 04 67 ff 
[1786974357149] 6d 5f 7e 7d 7d 07 01 5f 7e 7c 7d 07 65 a3 11 00 ff 2e 11 b6 11 69 11 00 ff 68 04 00 ff 68 04 00 ff 68 04 39 04 00 ff 38 11 b8 11 72 11 00 ff 35 11 bc 11 6e 11 00 ff a3 11 00 ff a3 11 49 18 00 ff ad 11 49 18 00 ff aa 11 00 ff a3 11 49 18 00 ff e7 00 b6 11 00 ff e7 00 00 ff e7 00 00 ff e7 00 00 ff e7 00 00 ff e7 00 01 ff a3 11 60 11 fd 06 00 ff b0 11 fe 06 00 ff a3 11 62 11 00 ff a3 11 66 11 ec 06 79 ff 
[1786974357250] 6d 5f 7e 7c 7d 07 02 5f 7e 7b 7d 07 65 a6 11 00 ff 2e 11 bb 11 6b 11 00 ff 36 11 b7 11 6a 11 00 ff 2a 11 b8 11 6a 11 00 ff 2e 11 b3 11 6a 11 00 ff 39 11 bc 11 6e 11 00 ff a4 11 00 ff af 11 00 ff a3 11 00 ff a3 11 00 ff a3 11 00 ff a3 11 49 18 00 ff e7 00 bb 11 00 ff e7 00 b7 11 00 ff e7 00 00 ff e7 00 00 ff e7 00 00 ff e7 00 01 ff a3 11 65 11 fb 06 00 ff a7 11 5d 11 fc 06 00 ff a3 11 66 11 65 07 7a ff 
[1786974357350] 6d 5f 7e 7b 7d 07 02 5f 7e 7a 7d 07 65 a3 11 00 ff a3 11 3e 07 00 ff 38 11 bb 11 00 ff 38 11 bc 11 00 ff b2 11 00 ff a8 11 00 ff ae 11 00 ff a3 11 00 ff ad 11 4a 18 00 ff a3 11 49 18 00 ff a3 11 00 ff a3 11 00 ff aa 11 00 ff e7 00 b6 11 00 ff e7 00 00 ff e7 00 00 ff e7 00 49 18 00 ff e7 00 7e ff 
[1786974357500] 6d 5f 7e 7a 7d 07 01 5f 7e 79 7d 07 65 a3 11 00 ff a3 11 4a 18 00 ff ab 11 00 ff a3 11 62 0e 00 ff ad 11 61 0e 00 ff ab 11 00 ff a3 11 4a 18 00 ff a3 11 4a 18 00 ff ad 11 4a 18 00 ff a3 11 00 ff a3 11 4a 18 00 ff a3 11 4a 18 00 ff aa 11 4a 18 00 ff e7 00 bb 11 4a 18 00 ff e7 00 b7 11 00 ff e7 00 00 ff e7 00 00 ff e7 00 7e ff 
[1786974357650] 6d 5f 7e 79 7d 07 01 5f 7e 78 7d 07 65 a6 11 61 0e 00 ff aa 11 00 ff a3 11 62 0e 00 ff aa 11 00 ff a3 11 00 ff a4 11 af 55 4a 18 00 ff a6 11 00 ff ae 11 00 ff a3 11 4a 18 00 ff a7 11 00 ff a3 11 4a 18 00 ff ac 11 af 55 00 ff a6 11 00 ff a3 11 4a 18 00 ff e7 00 bb 11 4a 18 00 ff e7 00 b7 11 4a 18 af 55 00 ff e7 00 00 ff e7 00 7e ff 
[1786974357800] 6d 5f 7e 78 7d 07 01 5f 7e 77 7d 07 65 b2 11 1e 0e 00 ff a3 11 00 ff a3 11 61 0e 00 ff a3 11 00 ff a3 11 1e 0e 00 ff a3 11 00 ff a3 11 62 0e 00 ff a3 11 4a 18 00 ff a3 11 00 ff a3 11 49 18 00 ff a7 11 00 ff b0 11 49 18 00 ff a3 11 00 ff ad 11 00 ff a3 11 4a 18 00 ff e7 00 b6 11 00 ff c6 03 00 ff c5 03 7e ff 
[1786974357930] 1d 
[1786974357951] 6d 5f 7e 77 7d 07 01 5e 7e 77 7d 07 68 a3 11 00 ff a3 11 00 ff b0 11 1e 0e 00 ff a3 11 62 0e 00 ff a9 11 00 ff a3 11 4a 18 00 ff a3 11 00 ff 31 11 bb 11 00 ff 2e 11 bd 11 4a 07 49 07 4a 18 00 ff ae 11 00 ff a3 11 49 18 00 ff b1 11 af 55 00 ff b0 11 00 ff a3 11 49 18 62 ff 
[1786974358101] 6d 5e 7e 77 7d 07 01 5e 7e 76 7d 07 65 a3 11 00 ff aa 11 00 ff a3 11 61 0e 00 ff a6 11 49 18 00 ff a3 11 00 ff a9 11 00 ff a3 11 4a 18 00 ff a7 11 00 ff a3 11 00 ff a3 11 00 ff b2 11 00 ff b1 11 00 ff aa 11 00 ff a4 11 00 ff a3 11 49 18 00 ff a3 11 00 ff e7 00 b6 11 00 ff c3 03 7e ff 
[1786974358251] 6d 5e 7e 76 7d 07 01 5e 7e 75 7d 07 65 ae 11 61 0e 00 ff a9 11 00 ff ad 11 62 0e 00 ff b1 11 49 18 00 ff a3 11 4a 18 00 ff a3 11 00 ff a3 11 49 18 00 ff a3 11 00 ff a3 11 00 ff a3 11 40 07 00 ff a6 11 00 ff a6 11 00 ff a7 11 00 ff a3 11 00 ff b0 11 00 ff a3 11 af 55 00 ff e7 00 bb 11 00 ff e7 00 b7 11 7e ff 
[1786974358401] 6d 5e 7e 75 7d 07 01 5e 7e 74 7d 07 65 a3 11 61 0e 00 ff a3 11 62 0e 00 ff a6 11 62 0e 00 ff 37 11 bd 11 6f 11 00 ff 35 11 b5 11 6c 11 1b 04 00 ff 38 11 b5 11 6c 11 00 ff 2a 11 be 11 70 11 1b 04 00 ff a3 11 42 07 41 07 00 ff ad 11 3e 07 4a 18 00 ff a3 11 00 ff af 11 00 ff a9 11 00 ff a3 11 00 ff a3 11 4a 18 00 ff a3 11 4a 18 00 ff a3 11 00 ff af 11 00 ff e7 00 bb 11 7e ff 
[1786974358551] 6d 5e 7e 74 7d 07 01 5e 7e 73 7d 07 65 a3 11 00 ff ad 11 00 ff 2c 11 bd 11 6f 11 00 ff 2a 11 b9 11 73 11 00 ff 68 04 3a 04 00 ff 68 04 3d 04 00 ff 2e 11 ba 11 71 11 00 ff 37 11 be 11 70 11 00 ff a3 11 42 07 00 ff a3 11 00 ff ab 11 00 ff a6 11 00 ff b2 11 00 ff a7 11 00 ff ae 11 af 55 00 ff a3 11 00 ff a3 11 00 ff a3 11 7e ff 
[1786974358701] 6d 5e 7e 73 7d 07 01 5e 7e 72 7d 07 65 a3 11 00 ff 35 11 bd 11 6f 11 00 ff 39 11 b9 11 73 11 00 ff 68 04 3a 04 00 ff 68 04 00 ff 68 04 00 ff 68 04 3d 04 00 ff 36 11 b4 11 6d 11 19 04 00 ff a3 11 af 55 00 ff ae 11 4a 18 00 ff af 11 49 18 00 ff a9 11 49 18 00 ff a5 11 00 ff a3 11 49 18 00 ff ae 11 00 ff aa 11 49 18 00 ff b2 11 4a 18 00 ff a3 11 49 18 02 ff 69 11 00 ff 68 04 3a 04 00 ff 68 04 3d 04 79 ff 
[1786974358851] 6d 5e 7e 72 7d 07 01 5e 7e 71 7d 07 65 a3 11 3e 07 00 ff 38 11 b6 11 69 11 00 ff 68 04 3a 04 00 ff 68 04 00 ff 68 04 00 ff 68 04 00 ff 68 04 39 04 00 ff 2c 11 b4 11 6d 11 19 04 00 ff a7 11 49 18 00 ff ac 11 af 55 4a 18 00 ff b2 11 af 55 00 ff ab 11 00 ff aa 11 00 ff a3 11 00 ff a3 11 00 ff a3 11 4a 18 00 ff a6 11 00 ff a9 11 02 ff aa 11 67 11 68 11 69 11 00 ff 68 04 00 ff 68 04 00 ff 68 04 3d 04 0e ff a3 11 68 11 ec 06 00 ff a5 11 67 11 68 ff 
[1786974359001] 6d 5e 7e 71 7d 07 01 5e 7e 70 7d 07 65 2b 11 b5 11 6c 11 1b 04 00 ff 2e 11 b9 11 73 11 00 ff 68 04 00 ff 68 04 00 ff 68 04 00 ff 68 04 00 ff 68 04 39 04 00 ff 38 11 b4 11 6d 11 00 ff a3 11 00 ff a7 11 00 ff ad 11 00 ff aa 11 00 ff a3 11 00 ff a3 11 00 ff a3 11 00 ff a7 11 4b 07 00 ff a3 11 4a 18 00 ff a3 11 49 18 01 ff a8 11 68 11 00 ff b1 11 64 11 5e 11 69 11 00 ff 68 04 00 ff 68 04 00 ff 68 04 39 04 0e ff a6 11 60 11 00 07 00 ff ad 11 63 11 01 07 00 ff a3 11 67 11 1e 07 67 ff 
[1786974359057] 1e 
[1786974359151] 6d 5e 7e 70 7d 07 01 5e 7e 6f 7d 07 65 68 04 3a 04 00 ff 68 04 3a 04 00 ff 68 04 00 ff 68 04 00 ff 68 04 00 ff 68 04 00 ff 68 04 39 04 00 ff 33 11 b4 11 6d 11 00 ff a3 11 00 ff a3 11 00 ff a7 11 49 18 4a 18 00 ff a3 11 4a 18 00 ff a3 11 00 ff ae 11 00 ff a3 11 00 ff a3 11 00 ff 2e 11 bd 11 42 07 41 07 00 ff 35 11 be 11 01 ff a3 11 60 11 00 ff a3 11 5e 11 69 11 00 ff 68 04 00 ff 68 04 00 ff 68 04 39 04 0e ff a3 11 60 11 ff 06 00 ff a3 11 fd 06 00 ff a3 11 5e 11 fe 06 67 ff 
[1786974359301] 6d 5e 7e 6f 7d 07 01 5e 7e 6e 7d 07 65 68 04 00 ff 68 04 00 ff 68 04 00 ff 68 04 00 ff 68 04 00 ff 68 04 00 ff 68 04 39 04 00 ff 33 11 b4 11 6d 11 00 ff a7 11 00 ff ae 11 4a 18 00 ff a3 11 00 ff a6 11 00 ff 39 11 bd 11 00 ff 39 11 be 11 3f 07 40 07 00 ff a5 11 3c 07 00 ff 32 11 bd 11 6f 11 00 ff 35 11 b9 11 6c 11 1b 04 00 ff 36 11 ba 11 6c 11 00 ff a5 11 5f 11 00 ff a6 11 64 11 3e 07 00 ff a3 11 63 11 6b 11 00 ff b0 11 5f 11 6a 11 00 ff a3 11 5f 11 6a 11 00 ff a9 11 67 11 6a 11 0e ff a3 11 65 11 f1 06 00 ff a3 11 5d 11 fb 06 00 ff aa 11 66 11 fc 06 67 ff 
[1786974359451] 6d 5e 7e 6e 7d 07 01 5e 7e 6d 7d 07 65 68 04 00 ff 68 04 00 ff 68 04 00 ff 68 04 00 ff 68 04 00 ff 68 04 39 04 00 ff 2a 11 b8 11 72 11 00 ff 39 11 bc 11 6e 11 00 ff b2 11 af 55 00 ff a3 11 af 55 00 ff ab 11 00 ff 37 11 bd 11 6f 11 00 ff 2d 11 b9 11 6c 11 00 ff 35 11 ba 11 6c 11 1b 04 00 ff 2a 11 b5 11 6c 11 00 ff 2f 11 b9 11 73 11 00 ff 68 04 3a 04 00 ff 68 04 3d 04 00 ff a3 11 25 0e 00 ff a3 11 00 ff ac 11 1f 0e 00 ff a3 11 00 ff aa 11 62 11 00 ff ac 11 66 11 78 ff 
[1786974359601] 6d 5e 7e 6d 7d 07 01 5e 7e 6c 7d 07 65 68 04 00 ff 68 04 00 ff 68 04 00 ff 68 04 39 04 00 ff 39 11 b8 11 72 11 00 ff 2a 11 b3 11 6a 11 00 ff 35 11 bc 11 6e 11 00 ff a3 11 00 ff a3 11 00 ff a3 11 49 18 00 ff 36 11 bd 11 49 18 00 ff 35 11 b9 11 69 11 00 ff 68 04 3a 04 00 ff 68 04 3a 04 00 ff 68 04 3a 04 00 ff 68 04 3a 04 00 ff 68 04 00 ff 68 04 39 04 00 ff a9 11 00 ff a3 11 00 ff a3 11 62 11 00 ff a3 11 5d 11 00 ff a9 11 66 11 3c 07 0a ff ab 11 68 11 00 ff a3 11 67 11 6d ff 
[1786974359751] 6d 5e 7e 6c 7d 07 01 5e 7e 6b 7d 07 65 2e 11 b7 11 74 11 00 ff 68 04 00 ff 68 04 00 ff 68 04 39 04 00 ff 36 11 b4 11 6d 11 19 04 00 ff a3 11 3f 07 00 ff a3 11 00 ff a3 11 49 18 00 ff a3 11 00 ff a3 11 00 ff 36 11 bb 11 af 55 00 ff 32 11 b7 11 69 11 00 ff 68 04 00 ff 68 04 00 ff 68 04 00 ff 68 04 00 ff 68 04 00 ff 68 04 39 04 00 ff a3 11 61 11 00 ff a6 11 1e 0e 00 ff aa 11 5e 11 08 ff a3 11 68 11 ee 06 00 ff ad 11 5f 11 ed 06 00 ff a3 11 5f 11 00 ff a3 11 5f 11 00 ff b1 11 64 11 00 ff a9 11 5e 11 6d ff 
[1786974359901] 6d 5e 7e 6b 7d 07 01 5e 7e 6a 7d 07 65 37 11 bb 11 6b 11 00 ff 2f 11 b3 11 6a 11 00 ff 2d 11 b7 11 6a 11 00 ff 2d 11 b8 11 6a 11 00 ff 35 11 bc 11 6e 11 00 ff ad 11 40 07 3f 07 49 18 00 ff a3 11 4a 18 00 ff a3 11 4b 07 4a 18 00 ff ac 11 4a 18 00 ff a3 11 4a 18 00 ff af 11 4a 18 00 ff 33 11 b6 11 69 11 00 ff 68 04 00 ff 68 04 00 ff 68 04 00 ff 68 04 00 ff 68 04 00 ff 68 04 39 04 00 ff b2 11 65 11 00 ff a3 11 5d 11 f1 06 00 ff a9 11 66 11 08 ff a3 11 60 11 f0 06 00 ff a3 11 ef 06 00 ff a4 11 00 ff a3 11 00 ff a3 11 3e 07 00 ff a3 11 5e 11 6d ff 
[1786974359944] a9 00 01 95 00 41 63 74 69 76 65 20 52 65 73 74 69 6e 67 20 41 72 65 61 20 42 6f 6e 75 73 65 73 3a 20 0a 44 6f 75 62 6c 65 20 48 69 74 20 50 6f 69 6e 74 73 20 52 65 67 65 6e 65 72 61 74 69 6f 6e 2c 0a 44 6f 75 62 6c 65 20 4d 61 6e 61 20 50 6f 69 6e 74 73 20 52 65 67 65 6e 65 72 61 74 69 6f 6e 2c 0a 53 74 61 6d 69 6e 61 20 50 6f 69 6e 74 73 20 52 65 67 65 6e 65 72 61 74 69 6f 6e 2c 0a 53 6f 75 6c 20 50 6f 69 6e 74 73 20 52 65 67 65 6e 65 72 61 74 69 6f 6e 2e 
[1786974359944] a2 40 10 00 00 00 00 00 00 00 
[1786974359944] a9 00 01 95 00 41 63 74 69 76 65 20 52 65 73 74 69 6e 67 20 41 72 65 61 20 42 6f 6e 75 73 65 73 3a 20 0a 44 6f 75 62 6c 65 20 48 69 74 20 50 6f 69 6e 74 73 20 52 65 67 65 6e 65 72 61 74 69 6f 6e 2c 0a 44 6f 75 62 6c 65 20 4d 61 6e 61 20 50 6f 69 6e 74 73 20 52 65 67 65 6e 65 72 61 74 69 6f 6e 2c 0a 53 74 61 6d 69 6e 61 20 50 6f 69 6e 74 73 20 52 65 67 65 6e 65 72 61 74 69 6f 6e 2c 0a 53 6f 75 6c 20 50 6f 69 6e 74 73 20 52 65 67 65 6e 65 72 61 74 69 6f 6e 2e 
[1786974359944] a2 40 10 00 00 00 00 00 00 00 
[1786974360051] 6d 5e 7e 6a 7d 07 01 5e 7e 69 7d 07 65 ae 11 00 ff b0 11 3c 07 00 ff 38 11 bb 11 42 07 00 ff 2a 11 bc 11 00 ff a7 11 00 ff a3 11 00 ff a3 11 00 ff a3 11 00 ff ae 11 41 07 00 ff ac 11 3f 07 00 ff 32 11 bd 11 6f 11 00 ff 38 11 b9 11 73 11 00 ff 68 04 00 ff 68 04 00 ff 68 04 00 ff 68 04 00 ff 68 04 00 ff 68 04 0b ff a3 11 60 11 00 ff ab 11 00 ff a3 11 3e 07 00 ff a6 11 f9 06 00 ff a3 11 fa 06 00 ff a3 11 5e 11 6d ff 
[1786974360201] 6d 5e 7e 69 7d 07 01 5e 7e 68 7d 07 65 ab 11 00 ff a3 11 00 ff b0 11 00 ff a3 11 00 ff ad 11 00 ff a9 11 4a 18 00 ff a3 11 4a 18 00 ff ac 11 00 ff b2 11 42 07 00 ff 38 11 bd 11 6f 11 00 ff 33 11 b9 11 73 11 00 ff 68 04 3a 04 00 ff 68 04 00 ff 68 04 00 ff 68 04 00 ff 68 04 00 ff 68 04 00 ff 68 04 39 04 0b ff a3 11 60 11 00 ff af 11 00 ff a3 11 ec 06 00 ff a3 11 f7 06 00 ff a3 11 f8 06 00 ff af 11 5e 11 00 ff 67 04 00 07 6c ff 
[1786974360352] 6d 5e 7e 68 7d 07 01 5e 7e 67 7d 07 65 a6 11 47 5d 23 5d 00 ff ab 11 00 ff b2 11 00 ff a6 11 49 18 00 ff a3 11 4a 18 00 ff ad 11 4a 18 00 ff a3 11 00 ff a3 11 49 18 00 ff ab 11 00 ff 31 11 b6 11 69 11 00 ff 68 04 3a 04 00 ff 68 04 00 ff 68 04 00 ff 68 04 00 ff 68 04 00 ff 68 04 00 ff 68 04 39 04 00 ff 33 11 b8 11 72 11 0a ff aa 11 68 11 00 ff a7 11 64 11 00 ff a3 11 3e 07 3f 07 00 ff a6 11 00 ff b0 11 00 ff a3 11 62 11 00 ff a3 11 66 11 3c 07 6d ff 
[1786974360382] 82 9f d7 
[1786974360382] ef 12 0c 
[1786974360663] 6d 5e 7e 67 7d 07 01 5e 7e 66 7d 07 65 a3 11 17 5d 88 5e 00 ff a3 11 00 ff a3 11 cd 5d 00 ff ac 11 00 ff b1 11 00 ff a3 11 00 ff a3 11 4a 18 00 ff a3 11 49 18 00 ff a3 11 49 18 00 ff 2a 11 bb 11 6b 11 00 ff 2a 11 b7 11 6a 11 00 ff 2f 11 b8 11 6a 11 00 ff 35 11 b3 11 6a 11 00 ff 35 11 b7 11 74 11 00 ff 68 04 00 ff 68 04 00 ff 68 04 39 04 00 ff 2d 11 b4 11 6d 11 19 04 09 ff 67 04 f3 06 00 ff a3 11 65 11 f2 06 00 ff a3 11 5d 11 00 ff af 11 5d 11 00 ff a3 11 61 11 00 ff a3 11 42 07 00 ff a5 11 5e 11 6e ff 
[1786974360813] 6d 5e 7e 66 7d 07 01 5e 7e 65 7d 07 65 a3 11 17 5d 00 ff aa 11 00 ff b1 11 00 ff a3 11 00 ff a7 11 00 ff aa 11 af 55 00 ff a7 11 00 ff a5 11 af 55 00 ff a6 11 4a 07 42 07 4a 18 00 ff aa 11 00 ff 35 11 bb 11 3e 07 00 ff 2e 11 bc 11 42 07 00 ff ab 11 00 ff 2c 11 bb 11 6b 11 00 ff 35 11 b7 11 74 11 00 ff 68 04 00 ff 68 04 39 04 00 ff 35 11 b4 11 6d 11 19 04 01 ff ce 5d 0b ff a3 11 65 11 f1 06 00 ff a3 11 61 11 00 ff aa 11 5e 11 6e ff 
[1786974360963] 6d 5e 7e 65 7d 07 01 5e 7e 64 7d 07 65 a3 11 17 5d 00 ff ad 11 49 5d 00 ff a3 11 00 ff a3 11 62 0e 00 ff a4 11 61 0e 00 ff a3 11 00 ff a5 11 4a 18 00 ff a3 11 4a 07 00 ff a6 11 49 18 00 ff ad 11 00 ff a3 11 00 ff a3 11 42 07 00 ff b0 11 3b 07 00 ff a6 11 00 ff 33 11 bb 11 6b 11 00 ff 2d 11 b7 11 6a 11 00 ff 34 11 b8 11 6a 11 00 ff 2f 11 bc 11 6e 11 0e ff a3 11 65 11 00 ff a3 11 66 11 6e ff 
[1786974361147] 6d 5e 7e 64 7d 07 01 5d 7e 64 7d 07 68 5c 5d 00 ff 5c 5d 00 ff af 11 00 ff a7 11 09 5d 97 5e 00 ff a9 11 00 ff a3 11 00 ff a3 11 00 ff 2c 11 bb 11 6b 11 00 ff 2d 11 b6 11 69 11 00 ff 39 11 b7 11 74 11 00 ff 68 04 3a 04 00 ff 2a 11 b9 11 73 11 00 ff 35 11 bd 11 6f 11 00 ff a3 11 3f 07 40 07 00 ff 2a 5d 00 ff 2a 5d 00 ff 47 5d 04 ff af 11 65 11 64 07 00 ff aa 11 60 11 00 ff a3 11 60 11 00 ff a3 11 68 11 65 07 57 ff 
[1786974361297] 6d 5d 7e 64 7d 07 01 5c 7e 64 7d 07 68 5c 5d 00 ff 5a 5d 00 ff 5c 5d 00 ff 5a 5d 2d 5d 00 ff a3 11 00 ff a3 11 00 ff b0 11 62 0e 00 ff a3 11 00 ff a3 11 00 ff 2a 11 bb 11 6b 11 00 ff 2f 11 b6 11 69 11 00 ff 2d 11 bd 11 6f 11 00 ff b0 11 00 ff a3 11 02 ff 29 5d 06 ff 67 04 ec 06 05 ff b7 5d 52 ff 
[1786974361448] 6d 5c 7e 64 7d 07 01 5b 7e 64 7d 07 68 5c 5d 00 ff 5c 5d 00 ff 5b 5d 00 ff 5a 5d 09 5d 00 ff a8 11 00 ff a3 11 62 0e 00 ff a4 11 62 0e 00 ff a3 11 61 0e 00 ff a3 11 00 ff a3 11 1e 0e 00 ff a3 11 62 0e 00 ff a3 11 00 ff a9 11 4a 18 00 ff a6 11 02 ff 29 5d 19 ff b8 5d 45 ff 
[1786974361598] 6d 5b 7e 64 7d 07 01 5b 7e 63 7d 07 65 5c 5d 00 ff 5f 5d 00 ff 5b 5d 00 ff 90 5d b4 11 00 ff a6 11 00 ff a3 11 00 ff a3 11 61 0e 00 ff ab 11 00 ff a3 11 4a 18 00 ff a3 11 00 ff a9 11 4a 18 00 ff ae 11 49 18 00 ff a3 11 00 ff a6 11 00 ff a3 11 4a 18 00 ff a3 11 00 ff a3 11 00 ff b1 11 7e ff 
[1786974361749] 6d 5b 7e 63 7d 07 01 5a 7e 63 7d 07 68 59 5d 00 ff 5a 5d 00 ff 5b 5d 00 ff 5a 5d 00 ff a3 11 09 5d 99 5e 00 ff a3 11 02 5e 49 0e 00 ff a3 11 00 ff ae 11 00 ff aa 11 1e 0e 00 ff ae 11 00 ff a6 11 00 ff a3 11 00 ff ad 11 4a 18 00 ff a3 11 03 ff 29 5d 5e ff 
[1786974361899] 6d 5a 7e 63 7d 07 01 59 7e 63 7d 07 68 5c 5d 00 ff 5b 5d 00 ff 5a 5d 00 ff 5c 5d 00 ff a3 11 09 5d 00 ff a3 11 03 5e 49 0e 00 ff a3 11 00 ff b0 11 00 ff a7 11 4a 18 00 ff a3 11 4a 18 00 ff a3 11 49 18 00 ff a3 11 61 0e 00 ff a3 11 00 ff a3 11 4a 18 03 ff 29 5d 5e ff 
[1786974362000] 6d 59 7e 63 7d 07 02 59 7e 62 7d 07 65 5b 5d 00 ff 5b 5d 00 ff 5a 5d 00 ff 5a 5d 00 ff 5c 5d 00 ff 8e 5d b4 11 00 ff a3 11 4a 18 00 ff a3 11 00 ff a3 11 00 ff ab 11 00 ff a3 11 af 55 00 ff a3 11 4a 18 00 ff a3 11 00 ff a3 11 af 55 00 ff a3 11 00 ff a3 11 00 ff a9 11 4a 18 00 ff a6 11 7e ff 
[1786974362150] 6d 59 7e 62 7d 07 01 59 7e 61 7d 07 65 5b 5d c2 5d 00 ff 5c 5d 00 ff 5c 5d 00 ff 5f 5d 00 ff 5c 5d 00 ff 8f 5d b4 11 00 ff a3 11 4a 18 00 ff a9 11 00 ff ab 11 00 ff aa 11 00 ff a3 11 4a 18 00 ff a3 11 00 ff b0 11 00 ff a5 11 00 ff a3 11 4a 18 00 ff b0 11 49 18 00 ff af 11 00 ff a3 11 7e ff 
[1786974362301] 6d 59 7e 61 7d 07 01 59 7e 60 7d 07 65 5c 5d 00 ff 5c 5d 00 ff 59 5d 00 ff 5a 5d 00 ff 5b 5d 00 ff 90 5d b4 11 00 ff a3 11 af 55 00 ff a3 11 00 ff a3 11 00 ff a6 11 00 ff a3 11 af 55 00 ff a6 11 00 ff a4 11 00 ff a3 11 af 55 00 ff a3 11 4a 18 00 ff a6 11 4a 18 00 ff a9 11 af 55 00 ff ab 11 4a 18 7e ff 
[1786974362451] 6d 59 7e 60 7d 07 01 59 7e 5f 7d 07 65 59 5d 00 ff 6b 5d 00 ff 5c 5d 00 ff 5f 5d 00 ff 5b 5d 00 ff 5b 5d 17 5d 00 ff a3 11 49 5d 00 ff b0 11 00 ff a3 11 00 ff a9 11 00 ff a3 11 61 00 00 00 00 00 ec 96 01 50 01 08 00 53 71 75 69 72 72 65 6c 64 00 12 01 00 00 00 00 00 00 00 00 00 f0 00 00 00 00 00 01 00 ff 00 01 00 ff a3 11 00 ff aa 11 4a 18 00 ff af 11 00 ff af 11 00 ff a6 11 00 ff b2 11 4a 18 00 ff a3 11 7e ff 
[1786974362452] 6c 5b 7e 59 7d 07 01 
[1786974362601] 6d 59 7e 5f 7d 07 01 58 7e 5f 7d 07 68 6b 5d 00 ff 5c 5d 00 ff 5b 5d 00 ff 5c 5d 55 5e 00 ff a3 11 50 5e 00 ff a3 11 50 5e 00 ff ad 11 53 5e 00 ff 5b 5d 00 ff 5a 5d 2d 5d 00 ff a3 11 00 ff a6 11 00 ff ae 11 00 ff a3 11 00 ff a3 11 49 18 07 ff 29 5d 5a ff 
[1786974362751] 6d 58 7e 5f 7d 07 01 58 7e 5e 7d 07 65 59 5d 00 ff 5a 5d 00 ff 5b 5d 00 ff 5b 5d 00 ff 5a 5d 00 ff 5c 5d 00 ff a6 11 17 5d 00 ff aa 11 00 ff a3 11 00 ff a3 11 00 ff a3 11 00 ff a3 11 62 00 ec 96 01 50 64 00 12 01 00 00 00 00 00 00 00 00 00 f0 00 00 00 00 01 00 ff 00 01 00 ff a3 11 00 ff a3 11 00 ff a3 11 00 ff a3 11 00 ff a6 11 00 ff ae 11 7e ff 
[1786974362752] 6c 5b 7e 58 7d 07 01 
[1786974362901] 6d 58 7e 5e 7d 07 01 58 7e 5d 7d 07 65 5b 5d 00 ff 5a 5d e1 61 00 ff 5b 5d 2a 5d 00 ff 5c 5d 00 ff 5c 5d df 61 00 ff 5c 5d 00 ff ad 11 17 5d 88 5e 00 ff ae 11 00 ff a3 11 cd 5d 00 ff a3 11 00 ff af 11 00 ff a6 11 62 00 ec 96 01 50 64 00 12 01 00 00 00 00 00 00 00 00 00 f0 00 00 00 00 01 00 ff 00 01 4a 18 00 ff a5 11 49 18 00 ff aa 11 4a 18 00 ff a3 11 4a 18 00 ff ae 11 00 ff a3 11 00 ff a3 11 4a 18 05 ff 2a 5d 78 ff 
[1786974362947] 1d 
[1786974363051] 6d 58 7e 5d 7d 07 01 58 7e 5c 7d 07 65 5b 5d 00 ff 5c 5d 00 ff 5a 5d 17 5d 00 ff 5b 5d 00 ff 5c 5d 00 ff 5a 5d 00 ff a3 11 47 5d 00 ff a3 11 00 ff b0 11 00 ff a3 11 4a 18 00 ff a3 11 00 ff ae 11 00 ff af 11 4a 18 00 ff a3 11 af 55 00 ff a3 11 af 55 00 ff aa 11 00 ff a3 11 00 ff a3 11 05 ff 2a 5d 01 ff ce 5d 76 ff 
[1786974363052] 6d 5b 7e 57 7d 07 01 5b 7e 56 7d 07 
[1786974363352] 6c 5b 7e 56 7d 07 01 
[1786974363385] 6d 58 7e 5c 7d 07 01 58 7e 5b 7d 07 65 a3 11 09 5d 00 ff ad 11 09 5d 8b 5e 00 ff a3 11 09 5d 00 ff ae 11 09 5d 00 ff a3 11 09 5d 81 5e 00 ff a3 11 09 5d 00 ff b0 11 09 5d 00 ff af 11 4a 18 00 ff a3 11 af 55 00 ff a3 11 00 ff a3 11 00 ff a3 11 62 00 ec 96 01 50 64 00 12 01 00 00 00 00 00 00 00 00 00 f0 00 00 00 00 01 00 ff 00 01 00 ff b1 11 4a 18 00 ff a3 11 00 ff a9 11 00 ff b2 11 00 ff ab 11 00 ff a3 11 49 18 05 ff 47 5d 78 ff 
[1786974363535] 6d 58 7e 5b 7d 07 01 58 7e 5a 7d 07 65 a3 11 00 ff a4 11 49 18 00 ff a3 11 00 ff a7 11 00 ff a3 11 4a 18 00 ff a5 11 00 ff af 11 00 ff a3 11 af 55 00 ff a3 11 00 ff b2 11 00 ff a3 11 00 ff b0 11 af 55 00 ff a6 11 00 ff a3 11 61 00 00 00 00 00 e5 3e 00 50 01 04 00 44 65 65 72 64 00 1f 00 00 00 00 00 00 00 00 00 00 62 00 00 00 00 00 01 00 ff 00 01 00 ff a3 11 af 55 00 ff a9 11 00 ff a6 11 49 18 00 ff a3 11 4a 18 00 ff 29 5d 00 ff 29 5d 00 ff 29 5d 00 ff 29 5d 00 ff 29 5d 00 ff 29 5d 10 ff b7 5d 67 ff 
[1786974363662] 6d 5b 7e 55 7d 07 01 5b 7e 54 7d 07 
[1786974363685] 6d 58 7e 5a 7d 07 01 57 7e 5a 7d 07 68 a3 11 00 ff a3 11 09 5d 00 ff 5c 5d 17 5d 00 ff 5c 5d 2a 5d 00 ff 59 5d 00 ff 5c 5d 00 ff 59 5d 00 ff 5c 5d 00 ff 5b 5d 51 5e 61 00 00 00 00 00 46 02 00 80 02 08 00 41 6c 62 69 6e 69 75 73 64 01 7a 02 00 13 56 3c 00 00 00 00 d7 37 00 00 00 00 00 02 02 ff 00 01 00 ff a3 11 00 ff a3 11 00 ff a7 11 51 5e 00 ff 5c 5d 00 ff 5a 5d 09 5d 00 ff 29 5d 0b ff 29 5d 55 ff 
[1786974363686] 5d 09 01 ed 98 00 02 01 0d 00 50 6f 77 65 72 66 75 6c 20 56 6f 69 64 33 00 ae e7 02 00 00 01 11 00 50 6f 77 65 72 66 75 6c 20 45 70 69 70 68 61 6e 79 42 00 ae e7 02 00 00 03 e5 5b 09 00 00 00 00 00 00 00 80 01 01 13 00 42 61 73 69 63 20 46 65 61 74 68 65 72 77 65 69 67 68 74 4c 00 1d 70 00 00 00 04 5b 7b 00 01 01 0f 00 42 61 73 69 63 20 56 61 6d 70 69 72 69 73 6d 2e 00 4b af 00 00 00 05 ee 98 0b 00 00 00 00 ee 01 00 00 00 00 00 00 00 06 b9 76 00 02 01 0f 00 50 6f 77 65 72 66 75 6c 20 53 63 6f 72 63 68 0f 00 0f 47 03 00 00 00 07 bd 8a 00 00 08 81 7b 00 01 00 0a 79 65 00 0b 64 5b 00 00 
[1786974363686] a9 00 01 95 00 41 63 74 69 76 65 20 52 65 73 74 69 6e 67 20 41 72 65 61 20 42 6f 6e 75 73 65 73 3a 20 0a 44 6f 75 62 6c 65 20 48 69 74 20 50 6f 69 6e 74 73 20 52 65 67 65 6e 65 72 61 74 69 6f 6e 2c 0a 44 6f 75 62 6c 65 20 4d 61 6e 61 20 50 6f 69 6e 74 73 20 52 65 67 65 6e 65 72 61 74 69 6f 6e 2c 0a 53 74 61 6d 69 6e 61 20 50 6f 69 6e 74 73 20 52 65 67 65 6e 65 72 61 74 69 6f 6e 2c 0a 53 6f 75 6c 20 50 6f 69 6e 74 73 20 52 65 67 65 6e 65 72 61 74 69 6f 6e 2e 
[1786974363686] a2 c0 10 00 00 00 00 00 00 00 
[1786974363686] 5d 09 01 ed 98 00 02 01 0d 00 50 6f 77 65 72 66 75 6c 20 56 6f 69 64 33 00 ae e7 02 00 01 01 11 00 50 6f 77 65 72 66 75 6c 20 45 70 69 70 68 61 6e 79 42 00 ae e7 02 00 01 03 e5 5b 09 00 00 00 00 00 00 00 80 01 01 13 00 42 61 73 69 63 20 46 65 61 74 68 65 72 77 65 69 67 68 74 4c 00 1d 70 00 00 01 04 5b 7b 00 01 01 0f 00 42 61 73 69 63 20 56 61 6d 70 69 72 69 73 6d 2e 00 4b af 00 00 01 05 ee 98 0b 00 00 00 00 ee 01 00 00 00 00 00 00 00 06 b9 76 00 02 01 0f 00 50 6f 77 65 72 66 75 6c 20 53 63 6f 72 63 68 0f 00 0f 47 03 00 01 00 07 bd 8a 00 00 08 81 7b 00 01 00 0a 79 65 00 0b 64 5b 00 00 
[1786974363762] 5d 09 01 ed 98 00 02 01 0d 00 50 6f 77 65 72 66 75 6c 20 56 6f 69 64 33 00 ae e7 02 00 01 01 11 00 50 6f 77 65 72 66 75 6c 20 45 70 69 70 68 61 6e 79 42 00 ae e7 02 00 01 03 e5 5b 09 00 00 00 00 00 00 00 80 01 01 13 00 42 61 73 69 63 20 46 65 61 74 68 65 72 77 65 69 67 68 74 4c 00 1d 70 00 00 01 04 5b 7b 00 01 01 0f 00 42 61 73 69 63 20 56 61 6d 70 69 72 69 73 6d 2e 00 4b af 00 00 01 05 ee 98 0b 00 00 00 00 ee 01 00 00 00 00 00 00 00 06 b9 76 00 02 01 0f 00 50 6f 77 65 72 66 75 6c 20 53 63 6f 72 63 68 0f 00 0f 47 03 00 01 00 07 bd 8a 00 00 08 81 7b 00 01 00 0a 79 65 00 0b 64 5b 00 00 
[1786974363835] 6d 57 7e 5a 7d 07 01 56 7e 5a 7d 07 68 a3 11 21 0e 00 ff a3 11 09 5d 8d 5e 00 ff 5c 5d 00 ff 5c 5d dd 61 00 ff 5c 5d 00 ff 6b 5d 00 ff 5b 5d 00 ff 5a 5d 00 ff 5c 5d 51 5e 00 ff a3 11 00 ff af 11 e9 5d 00 ff ab 11 51 5e 00 ff 59 5d 00 ff a9 11 09 5d 00 ff 29 5d 0b ff 29 5d 55 ff 
[1786974363835] 5d 09 01 ed 98 00 02 01 0d 00 50 6f 77 65 72 66 75 6c 20 56 6f 69 64 33 00 ae e7 02 00 00 01 11 00 50 6f 77 65 72 66 75 6c 20 45 70 69 70 68 61 6e 79 42 00 ae e7 02 00 00 03 e5 5b 09 00 00 00 00 00 00 00 80 01 01 13 00 42 61 73 69 63 20 46 65 61 74 68 65 72 77 65 69 67 68 74 4c 00 1d 70 00 00 00 04 5b 7b 00 01 01 0f 00 42 61 73 69 63 20 56 61 6d 70 69 72 69 73 6d 2e 00 4b af 00 00 00 05 ee 98 0b 00 00 00 00 ee 01 00 00 00 00 00 00 00 06 b9 76 00 02 01 0f 00 50 6f 77 65 72 66 75 6c 20 53 63 6f 72 63 68 0f 00 0f 47 03 00 00 00 07 bd 8a 00 00 08 81 7b 00 01 00 0a 79 65 00 0b 64 5b 00 00 
[1786974363835] 5e 01 00 01 00 00 00 e0 a5 01 00 00 
[1786974363835] 92 a2 00 00 10 00 
[1786974363835] a9 01 01 95 00 41 63 74 69 76 65 20 52 65 73 74 69 6e 67 20 41 72 65 61 20 42 6f 6e 75 73 65 73 3a 20 0a 44 6f 75 62 6c 65 20 48 69 74 20 50 6f 69 6e 74 73 20 52 65 67 65 6e 65 72 61 74 69 6f 6e 2c 0a 44 6f 75 62 6c 65 20 4d 61 6e 61 20 50 6f 69 6e 74 73 20 52 65 67 65 6e 65 72 61 74 69 6f 6e 2c 0a 53 74 61 6d 69 6e 61 20 50 6f 69 6e 74 73 20 52 65 67 65 6e 65 72 61 74 69 6f 6e 2c 0a 53 6f 75 6c 20 50 6f 69 6e 74 73 20 52 65 67 65 6e 65 72 61 74 69 6f 6e 2e 
[1786974363835] a2 40 50 00 00 00 00 00 00 00 
[1786974363835] b4 15 3a 00 49 6e 20 70 72 6f 74 65 63 74 69 6f 6e 20 7a 6f 6e 65 2e 20 52 65 63 68 61 72 67 69 6e 67 20 31 30 20 73 74 61 6d 69 6e 61 20 65 76 65 72 79 20 35 20 6d 69 6e 75 74 65 73 2e 
[1786974363952] 6d 5d 7e 54 7d 07 01 5e 7e 54 7d 07 
[1786974363963] 6c 5b 7e 54 7d 07 01 
[1786974363985] 6d 56 7e 5a 7d 07 02 55 7e 5a 7d 07 68 ad 11 00 ff a5 11 09 5d 00 ff 5b 5d 00 ff 5b 5d 00 ff 5c 5d 00 ff 5b 5d 00 ff 5b 5d 00 ff 5a 5d 00 ff 5c 5d 51 5e 00 ff a3 11 00 ff a7 11 00 ff a3 11 51 5e 00 ff 5c 5d 00 ff a4 11 09 5d 9f 5e 00 ff 29 5d 0b ff 29 5d 55 ff 
[1786974363985] b5 03 
[1786974364199] 6d 55 7e 5a 7d 07 01 54 7e 5a 7d 07 68 a3 11 61 0e 00 ff ae 11 09 5d 00 ff 5c 5d 17 5d 00 ff 5c 5d 2a 5d 00 ff 5c 5d 00 ff 6b 5d 00 ff 5b 5d 00 ff 5c 5d c2 5d 00 ff 5c 5d 51 5e 00 ff a3 11 00 ff a3 11 58 2a 00 ff a3 11 51 5e 00 ff 5a 5d 00 ff 5a 5d 09 5d 00 ff 29 5d 0b ff 29 5d 55 ff 
[1786974364205] 1e 
[1786974364349] 6d 54 7e 5a 7d 07 01 53 7e 5a 7d 07 68 a3 11 00 ff a3 11 09 5d 89 5e 00 ff 5b 5d 00 ff 5c 5d d9 61 00 ff 5c 5d 00 ff 5a 5d 00 ff 5c 5d 00 ff 5c 5d 00 ff 5c 5d 51 5e 00 ff a5 11 00 ff a3 11 00 ff a3 11 51 5e 00 ff 5b 5d 00 ff 5a 5d 09 5d 00 ff 29 5d 0b ff 29 5d 55 ff 
[1786974364499] 6d 53 7e 5a 7d 07 01 52 7e 5a 7d 07 68 a3 11 62 0e 00 ff a4 11 09 5d 00 ff 5a 5d 00 ff 5c 5d 00 ff 5c 5d 00 ff 6b 5d 00 ff 5b 5d 00 ff 59 5d 00 ff 5c 5d 51 5e 00 ff a3 11 00 ff a6 11 e9 5d 00 ff a3 11 51 5e 00 ff 5c 5d 00 ff 5a 5d 2d 5d 00 ff 29 5d 0b ff 29 5d 55 ff 
[1786974364547] 6d 4f 7e 5c 7d 07 02 4e 7e 5c 7d 07 
[1786974364654] 6d 52 7e 5a 7d 07 01 51 7e 5a 7d 07 68 ad 11 00 ff a3 11 09 5d 00 ff 5b 5d 17 5d 00 ff 5c 5d 2a 5d 00 ff 5b 5d 00 ff 5c 5d 00 ff 5c 5d 00 ff 59 5d 00 ff 5c 5d 51 5e 00 ff a3 11 00 ff a3 11 00 ff a3 11 51 5e 00 ff 5b 5d 00 ff 5a 5d 09 5d 00 ff 29 5d 0b ff 29 5d 55 ff 
[1786974364804] 6d 51 7e 5a 7d 07 01 50 7e 5a 7d 07 68 a3 11 00 ff ad 11 09 5d 8f 5e 00 ff 5b 5d 00 ff 5c 5d db 61 00 ff 5c 5d 00 ff 6b 5d 00 ff 59 5d 00 ff 59 5d 00 ff 59 5d 51 5e 00 ff ad 11 00 ff a7 11 00 ff a3 11 51 5e 00 ff 5c 5d 00 ff a3 11 09 5d 9b 5e 00 ff 29 5d 0b ff 29 5d 55 ff 
[1786974364955] 6d 50 7e 5a 7d 07 01 4f 7e 5a 7d 07 68 aa 11 00 ff a3 11 09 5d 00 ff 5c 5d 00 ff 5b 5d 00 ff 5c 5d 00 ff 5a 5d 00 ff 5a 5d 00 ff 5a 5d c2 5d 00 ff 5a 5d 54 5e 00 ff 5a 5d 50 5e 00 ff 5a 5d 50 5e 00 ff 5c 5d 50 5e 52 5e 00 ff 5a 5d 00 ff a3 11 09 5d 00 ff 29 5d 0b ff 29 5d 55 ff 
[1786974365113] 6d 4f 7e 5a 7d 07 01 4e 7e 5a 7d 07 68 a3 11 00 ff a9 11 09 5d 00 ff 5a 5d 17 5d 00 ff 5a 5d 2a 5d 00 ff 5a 5d 00 ff 6b 5d 00 ff 59 5d 00 ff 59 5d 61 00 00 00 00 00 47 02 00 80 02 08 00 49 76 61 6c 69 73 73 65 64 01 8a 00 02 13 1c 4c 00 00 00 00 d7 37 00 00 00 00 00 02 01 ff 00 01 00 ff 5a 5d 00 ff 5c 5d 00 ff 5a 5d 00 ff 59 5d 00 ff 5a 5d 00 ff 5a 5d 2d 5d 00 ff 29 5d 0b ff 29 5d 55 ff 
[1786974365273] 6d 4e 7e 5a 7d 07 01 4d 7e 5a 7d 07 68 ae 11 1e 0e 00 ff a3 11 09 5d 9d 5e 00 ff 5b 5d 00 ff 5c 5d d7 61 00 ff 5b 5d 00 ff 59 5d 00 ff 5a 5d 00 ff 5c 5d 00 ff 5c 5d 00 ff 5a 5d 00 ff 5c 5d 00 ff 59 5d 00 ff 5b 5d 00 ff 5a 5d 09 5d 00 ff 29 5d 0b ff 29 5d 55 ff 
[1786974365423] 6d 4d 7e 5a 7d 07 01 4c 7e 5a 7d 07 68 a9 11 00 ff ab 11 09 5d 00 ff 5c 5d 00 ff 5c 5d 00 ff 5b 5d 00 ff 5f 5d 00 ff 5c 5d 00 ff 5f 5d 00 ff 5a 5d 00 ff 5a 5d e4 61 00 ff 5a 5d 00 ff 5c 5d 00 ff 5b 5d 00 ff 5a 5d 09 5d 95 5e 00 ff 29 5d 0b ff 29 5d 55 ff 
[1786974365575] 6d 4c 7e 5a 7d 07 01 4c 7e 59 7d 07 65 a3 11 00 ff a3 11 00 ff af 11 21 0e 00 ff a3 11 00 ff a3 11 00 ff aa 11 61 0e 00 ff a3 11 61 0e 00 ff ae 11 00 ff a3 11 62 0e 00 ff af 11 00 ff a3 11 00 ff af 11 00 ff a7 11 49 18 00 ff a3 11 49 18 00 ff aa 11 4a 18 00 ff a3 11 00 ff a3 11 49 18 00 ff a3 11 33 ff b8 5d 4a ff 
[1786974365799] 6d 4c 7e 59 7d 07 01 4c 7e 58 7d 07 65 a3 11 00 ff a6 11 00 ff a3 11 00 ff aa 11 4a 18 00 ff af 11 62 0e 00 ff a3 11 00 ff a6 11 62 0e 00 ff a3 11 61 0e 00 ff a3 11 62 0e 00 ff a4 11 49 18 00 ff a3 11 4a 18 00 ff ab 11 00 ff a3 11 00 ff a3 11 49 18 00 ff a3 11 4a 18 00 ff ab 11 af 55 00 ff ae 11 00 ff 37 11 3a 01 4a 18 7e ff 
[1786974365949] 6d 4c 7e 58 7d 07 01 4b 7e 58 7d 07 68 af 11 00 ff a3 11 62 0e 00 ff a3 11 00 ff a3 11 09 5d 00 ff 5c 5d 47 5d 00 ff 5c 5d 44 5e 00 ff 5b 5d 44 5e 00 ff 5c 5d 44 5e 00 ff 5a 5d 44 5e 00 ff 59 5d 44 5e 00 ff 5c 5d 44 5e 00 ff 5a 5d 44 5e 00 ff 5a 5d 44 5e 00 ff 5a 5d 44 5e 02 ff 29 5d 5f ff 
[1786974366103] 6d 4b 7e 58 7d 07 01 4b 7e 57 7d 07 65 a7 11 00 ff aa 11 1e 0e 00 ff a6 11 61 0e 00 ff a6 11 4a 18 00 ff a3 11 00 ff a3 11 62 0e 00 ff a4 11 62 0e 00 ff a7 11 00 ff a3 11 61 0e 00 ff a3 11 61 0e 00 ff aa 11 00 ff aa 11 49 18 00 ff b0 11 4a 18 00 ff a3 11 49 18 00 ff a3 11 00 ff b2 11 00 ff a3 11 00 ff 37 11 3a 01 42 07 7e ff 
[1786974366104] 83 4b 7e 57 7d 07 03 2e 00 00 00 
[1786974366104] 6c 4b 7e 57 7d 07 01 
[1786974366104] 64 7d 7f 00 7e 07 63 01 4b 19 00 ff 61 01 56 19 61 0e 00 ff 67 00 53 19 42 01 23 0e 00 ff 67 00 3d 01 b9 29 00 ff 67 00 3d 01 00 ff 67 00 3e 01 16 1f 00 ff 67 00 f6 02 49 18 00 ff 67 00 f8 02 4a 18 00 ff 61 01 97 01 1e 0e af 55 00 ff ae 11 af 55 00 ff a6 11 20 0e 00 ff ad 11 49 18 00 ff a3 11 4a 18 00 ff a7 11 24 12 00 ff 5f 01 4b 19 00 ff 67 00 42 01 4b 19 00 ff 67 00 3e 01 56 19 64 07 00 ff 67 00 53 19 00 ff 67 00 50 19 f5 02 b5 29 00 ff 67 00 4e 19 f5 02 00 ff 67 00 f8 02 53 19 50 19 61 0e 00 ff 5f 01 4e 19 00 ff 60 01 36 01 37 01 53 19 00 ff 62 01 3a 01 6a 02 50 19 4a 18 00 ff a3 11 54 19 00 ff a3 11 61 0e 00 ff ad 11 62 0e 00 ff a3 11 23 12 00 ff 67 00 42 01 55 19 00 ff 67 00 4b 19 3e 01 00 ff 67 00 4b 19 f6 02 00 ff 67 00 4d 19 f8 02 2d 18 00 ff 5f 01 4c 19 31 0e bf 00 00 ff 5f 01 4b 19 00 ff 60 01 56 19 4c 19 20 0e 00 ff 61 01 4b 19 00 ff 61 01 97 01 4d 19 50 19 1f 0e 00 ff a3 11 54 19 00 ff ae 11 57 19 00 ff a3 11 25 0e 00 ff a3 11 1e 0e 00 ff b2 11 4a 18 00 ff 67 00 31 01 51 19 af 55 42 07 00 ff 67 00 f6 02 4f 19 af 55 00 ff 67 00 f8 02 02 2e 4f 19 62 0e 00 ff 62 01 05 2e 1e 0e 00 ff 5f 01 51 19 af 55 00 ff 63 01 55 19 00 ff 63 01 4b 19 00 ff 60 01 4b 19 00 ff 5f 01 36 01 4d 19 51 19 00 ff 60 01 3a 01 4f 19 00 ff a3 11 00 ff a9 11 af 55 00 ff a3 11 4a 18 00 ff a6 11 1e 0e 00 ff 67 00 31 01 4a 18 00 ff 67 00 f4 02 00 ff 5f 01 03 2e 61 0e 00 ff 61 01 04 2e 00 ff 5f 01 02 2e 61 0e 00 ff 60 01 51 19 fe 2d 62 0e 00 ff 62 01 4f 19 04 2e 25 0e 00 ff 5f 01 4f 19 1e 0e 00 ff 61 01 52 19 1b 1f 00 ff 5f 01 97 01 18 1f 00 ff a3 11 af 55 4a 18 00 ff a9 11 af 55 00 ff b2 11 00 ff a3 11 4b 07 00 ff 67 00 f6 02 3e 01 b8 29 00 ff 67 00 f8 02 00 ff 5f 01 1f 0e 00 ff 62 01 02 2e 00 ff 5f 01 fe 2d 24 0e 00 ff 62 01 00 2e 42 07 00 ff 62 01 4a 18 49 07 00 ff 63 01 00 ff 61 01 00 ff 63 01 36 01 00 ff 5f 01 33 01 00 ff 5f 01 3a 01 00 ff af 11 00 ff ac 11 49 18 00 ff 67 00 f8 02 00 ff 60 01 4b 0f 00 ff 5f 01 00 ff 61 01 fa 2d 70 1b 00 ff 5f 01 00 2e 00 ff 63 01 04 2e 00 ff 61 01 61 0e 00 ff 5f 01 00 ff 62 01 21 0e 00 ff 61 01 49 18 00 ff 60 01 37 01 aa 0e 00 ff 61 01 3b 01 00 ff b1 11 00 ff a3 11 49 18 00 ff 62 01 56 19 00 ff 61 01 1e 0e 00 ff 61 01 49 18 00 ff 60 01 03 2e 00 ff 60 01 04 2e 62 0e 00 ff 60 01 1e 0e 00 ff 62 01 4c 0f 00 ff 61 01 25 0e 00 ff 61 01 00 ff 61 01 37 01 3a 0c 01 00 ff 61 01 3b 01 00 ff a3 11 00 ff a6 11 af 55 00 ff ab 11 4b 07 00 ff 5f 01 02 2e 57 19 00 ff 61 01 fc 2d 00 ff 60 01 05 2e 4a 18 00 ff 63 01 00 ff 5f 01 31 0e 00 ff 61 01 da 61 00 ff 5f 01 62 00 a2 00 00 10 64 00 89 00 15 55 55 43 02 73 03 00 00 00 00 05 d5 ec 03 00 00 00 00 0c 00 ff 00 00 4a 18 00 ff 5f 01 ba 11 00 ff 5f 01 6a 02 70 1b 00 ff 61 01 3b 01 00 ff a3 11 af 55 00 ff a3 11 af 55 00 ff a3 11 4a 07 00 ff 38 11 bb 11 00 ff 61 01 03 2e 00 ff 61 01 ff 2d 32 0e be 00 00 ff 5f 01 01 2e 00 ff 5f 01 fc 2d aa 0e 00 ff 61 01 05 2e 58 07 4b 07 00 ff 62 01 5a 07 00 ff 5f 01 ba 11 40 07 4a 18 00 ff 60 01 be 11 af 55 00 ff b0 11 00 ff aa 11 4a 18 00 ff b2 11 af 55 00 ff ab 11 00 ff a3 11 00 ff 38 11 b3 11 3e 07 00 ff 67 00 f7 02 25 0e 00 ff 60 01 03 2e 4a 18 00 ff 61 01 ff 2d 34 0c 01 00 ff 63 01 00 2e 00 ff 61 01 04 2e 59 07 4b 07 00 ff 61 01 5b 07 00 ff 61 01 b5 11 00 ff ad 11 af 55 00 ff aa 11 af 55 00 ff a3 11 3f 07 00 ff ad 11 00 ff b2 11 41 07 00 ff ab 11 00 ff 2d 11 b3 11 00 ff 67 00 3f 01 40 01 4c 0f 00 ff 67 00 f7 02 1e 0e 00 ff 62 01 03 2e 4b 07 00 ff 62 01 04 2e af 55 00 ff 5f 01 ba 11 49 07 00 ff 5f 01 b4 11 af 55 00 ff 62 01 b8 11 ba 11 b9 11 4b 07 00 ff 5f 01 b6 11 be 11 af 55 49 07 00 ff a3 11 4a 18 00 ff a3 11 00 ff a3 11 00 ff a3 11 4a 18 49 18 00 ff a3 11 49 07 4a 18 00 ff 2a 11 bc 11 49 18 00 ff 67 00 31 01 00 ff 67 00 f4 02 4b 07 3a 0c 01 00 ff 5f 01 ba 11 3f 07 42 07 49 18 00 ff 5f 01 b4 11 50 19 41 07 4a 07 00 ff 63 01 be 11 4e 19 42 07 3f 07 00 ff aa 11 54 19 af 55 00 ff 61 01 b3 11 be 11 56 19 00 ff a6 11 4b 07 00 ff a3 11 00 ff a3 11 00 ff a3 11 00 ff ac 11 00 ff a3 11 3f 07 00 ff b2 11 00 ff 67 00 3e 01 00 ff 67 00 f4 02 64 0e 00 ff 5f 01 b5 11 4a 18 00 ff a3 11 4c 19 4a 18 00 ff a9 11 4b 19 00 ff ad 11 4b 19 00 ff ad 11 57 19 00 ff a7 11 4a 18 00 ff a3 11 4a 07 00 ff a6 11 af 55 00 ff a5 11 00 ff a3 11 4a 18 00 ff ae 11 4a 18 00 ff a3 11 af 55 00 ff 67 00 f6 02 aa 0e 00 ff 67 00 f8 02 40 01 ba 11 49 18 00 ff 62 01 be 11 62 0e 00 ff a3 11 51 19 af 55 00 ff ad 11 55 19 49 18 00 ff b0 11 4b 19 00 ff b0 11 56 19 42 07 00 ff b0 11 00 ff a3 11 42 07 00 ff a3 11 00 ff a3 11 00 ff a5 11 00 ff a3 11 aa 0e 00 ff a3 11 00 ff 67 00 f4 02 1e 0e 00 ff 5f 01 b5 11 1e 0e 00 ff a3 11 1e 0e 00 ff a9 11 af 55 00 ff a3 11 3f 07 00 ff a3 11 55 19 00 ff a3 11 4b 19 00 ff a3 11 56 19 49 07 00 ff a3 11 53 19 00 ff a6 11 00 ff af 11 00 ff a3 11 00 ff a3 11 4a 18 00 ff ac 11 26 0e 00 ff 67 00 f8 02 00 ff 61 01 b9 11 1e 0e 00 ff 5f 01 bd 11 1f 0e 00 ff a7 11 af 55 00 ff a3 11 62 0e 00 ff ab 11 51 19 00 ff a3 11 4f 19 00 ff a3 11 55 19 00 ff a3 11 4d 19 00 ff a3 11 00 ff a3 11 00 ff a3 11 39 0c 01 00 ff a3 11 4a 07 af 55 00 ff af 11 00 ff 60 01 b8 11 4c 0f 00 ff 5f 01 1e 0e 4a 18 00 ff 5f 01 b5 11 49 18 00 ff a3 11 af 55 00 ff a4 11 1e 0e 00 ff aa 11 49 18 00 ff aa 11 00 ff ab 11 51 19 aa 0e 00 ff a3 11 52 19 00 ff ae 11 00 ff a3 11 21 0e 00 ff a3 11 00 ff a3 11 4a 18 00 ff a3 11 af 55 ff ff ff ff ff ff ff ff ff ff ff ff e4 ff 
[1786974366104] a9 00 01 95 00 41 63 74 69 76 65 20 52 65 73 74 69 6e 67 20 41 72 65 61 20 42 6f 6e 75 73 65 73 3a 20 0a 44 6f 75 62 6c 65 20 48 69 74 20 50 6f 69 6e 74 73 20 52 65 67 65 6e 65 72 61 74 69 6f 6e 2c 0a 44 6f 75 62 6c 65 20 4d 61 6e 61 20 50 6f 69 6e 74 73 20 52 65 67 65 6e 65 72 61 74 69 6f 6e 2c 0a 53 74 61 6d 69 6e 61 20 50 6f 69 6e 74 73 20 52 65 67 65 6e 65 72 61 74 69 6f 6e 2c 0a 53 6f 75 6c 20 50 6f 69 6e 74 73 20 52 65 67 65 6e 65 72 61 74 69 6f 6e 2e 
[1786974366104] a2 c0 10 00 00 00 00 00 00 00 
[1786974366104] 5d 09 01 ed 98 00 02 01 0d 00 50 6f 77 65 72 66 75 6c 20 56 6f 69 64 33 00 ae e7 02 00 01 01 11 00 50 6f 77 65 72 66 75 6c 20 45 70 69 70 68 61 6e 79 42 00 ae e7 02 00 01 03 e5 5b 09 00 00 00 00 00 00 00 80 01 01 13 00 42 61 73 69 63 20 46 65 61 74 68 65 72 77 65 69 67 68 74 4c 00 1d 70 00 00 01 04 5b 7b 00 01 01 0f 00 42 61 73 69 63 20 56 61 6d 70 69 72 69 73 6d 2e 00 4b af 00 00 01 05 ee 98 0b 00 00 00 00 ee 01 00 00 00 00 00 00 00 06 b9 76 00 02 01 0f 00 50 6f 77 65 72 66 75 6c 20 53 63 6f 72 63 68 0f 00 0f 47 03 00 01 00 07 bd 8a 00 00 08 81 7b 00 01 00 0a 79 65 00 0b 64 5b 00 00 
[1786974366104] 5e 01 00 01 00 00 00 e0 a5 01 00 01 
[1786974366104] 92 a2 00 00 10 00 
[1786974366104] a9 00 01 95 00 41 63 74 69 76 65 20 52 65 73 74 69 6e 67 20 41 72 65 61 20 42 6f 6e 75 73 65 73 3a 20 0a 44 6f 75 62 6c 65 20 48 69 74 20 50 6f 69 6e 74 73 20 52 65 67 65 6e 65 72 61 74 69 6f 6e 2c 0a 44 6f 75 62 6c 65 20 4d 61 6e 61 20 50 6f 69 6e 74 73 20 52 65 67 65 6e 65 72 61 74 69 6f 6e 2c 0a 53 74 61 6d 69 6e 61 20 50 6f 69 6e 74 73 20 52 65 67 65 6e 65 72 61 74 69 6f 6e 2c 0a 53 6f 75 6c 20 50 6f 69 6e 74 73 20 52 65 67 65 6e 65 72 61 74 69 6f 6e 2e 
[1786974366104] a2 c0 10 00 00 00 00 00 00 00 
[1786974366104] b4 15 48 00 59 6f 75 20 61 72 65 20 6e 6f 20 6c 6f 6e 67 65 72 20 72 65 66 69 6c 6c 69 6e 67 20 73 74 61 6d 69 6e 61 2c 20 73 69 6e 63 65 20 79 6f 75 20 6c 65 66 74 20 61 20 72 65 67 65 6e 65 72 61 74 69 6f 6e 20 7a 6f 6e 65 2e 
[1786974366104] 83 7d 7f 00 7e 07 03 0b 00 00 00 
[1786974366104] 6b 7d 7f 00 7e 07 01 63 00 a2 00 00 10 01 00 
[1786974366104] 83 7d 7f 00 7e 07 03 0b 00 00 00 
[1786974366501] 6d 7d 7f 00 7e 07 01 7e 7f 00 7e 07 66 63 01 bc 11 3f 07 00 ff 61 01 b8 11 40 07 00 ff 5f 01 b9 11 1e 0e 00 ff 5f 01 bd 11 1e 0e 49 18 00 ff a3 11 af 55 00 ff a7 11 62 0e 00 ff a3 11 1e 0e 00 ff a3 11 00 ff a7 11 4a 07 00 ff a3 11 00 ff a3 11 00 ff a5 11 00 ff aa 11 26 0e 00 ff a3 11 af 55 62 ff 
[1786974366753] 6d 7e 7f 00 7e 07 02 7f 7f 00 7e 07 66 a6 11 1e 0e 00 ff 60 01 30 01 1e 0e 00 ff 5f 01 62 0e 00 ff 60 01 36 01 aa 0e 00 ff 62 01 3a 01 00 ff a3 11 3a 0c 01 00 ff ad 11 49 07 00 ff ae 11 3f 07 00 ff a3 11 00 ff a5 11 4b 07 00 ff a3 11 af 55 00 ff a3 11 00 ff a3 11 00 ff a3 11 62 ff 
[1786974366911] 6d 7f 7f 00 7e 07 02 80 7f 00 7e 07 66 61 01 38 01 1f 0e 00 ff 61 01 34 01 00 ff 62 01 1e 0e 00 ff 67 00 31 01 3d 01 f4 02 4a 0f 00 ff 63 01 36 01 1e 0e 00 ff 5f 01 3a 01 00 ff a3 11 49 07 00 ff a3 11 40 07 00 ff af 11 00 ff a4 11 00 ff a3 11 00 ff ae 11 af 55 00 ff a3 11 4a 18 00 ff a3 11 49 18 4a 18 62 ff 
[1786974367061] 6d 80 7f 00 7e 07 04 81 7f 00 7e 07 66 61 01 b3 11 4a 18 00 ff 5f 01 1e 0e 00 ff 67 00 42 01 4b 0f 00 ff 67 00 3e 01 b3 12 af 55 00 ff 5f 01 ba 11 4a 18 00 ff 60 01 b4 11 b9 11 00 ff 60 01 b8 11 bd 11 00 ff a3 11 00 ff a3 11 4a 18 00 ff a6 11 49 18 00 ff b1 11 4a 18 00 ff a3 11 4a 18 00 ff a6 11 4a 18 00 ff a3 11 49 18 62 ff 
[1786974367215] 6d 81 7f 00 7e 07 04 82 7f 00 7e 07 66 61 01 b7 11 49 18 00 ff 67 00 42 01 1e 0e 00 ff 67 00 3e 01 f6 02 1e 0e 00 ff 67 00 f8 02 22 30 00 00 ff 5f 01 b5 11 00 ff ae 11 1f 0e 00 ff 60 01 b3 11 be 11 4a 07 00 ff a3 11 40 07 00 ff a3 11 00 ff ad 11 00 ff a3 11 00 ff a3 11 af 55 00 ff a4 11 49 18 00 ff a6 11 4a 18 af 55 62 ff 
[1786974367376] 6d 82 7f 00 7e 07 02 83 7f 00 7e 07 66 61 01 00 ff 67 00 43 01 42 07 00 ff 67 00 3f 01 f4 02 4a 0f 00 ff 62 01 ba 11 1e 0e 00 ff 62 01 b4 11 b9 11 00 ff 62 01 b6 11 be 11 00 ff a3 11 3f 07 00 ff a3 11 00 ff ad 11 00 ff a3 11 af 55 00 ff a3 11 4a 18 00 ff a3 11 4a 18 00 ff a3 11 49 18 00 ff a3 11 4a 18 62 ff 
[1786974367526] 6d 83 7f 00 7e 07 02 84 7f 00 7e 07 66 60 01 b8 11 00 ff 62 01 1e 0e 00 ff 67 00 ba 11 31 01 f8 02 00 ff 60 01 be 11 00 ff ae 11 70 1b 00 ff a6 11 00 ff a3 11 4a 07 00 ff a3 11 00 ff af 11 4b 07 00 ff a3 11 af 55 00 ff aa 11 af 55 00 ff a3 11 4a 18 00 ff a3 11 4a 18 00 ff b0 11 49 18 62 ff 
[1786974367527] 5d 09 01 ed 98 00 02 01 0d 00 50 6f 77 65 72 66 75 6c 20 56 6f 69 64 33 00 ad e7 02 00 01 01 11 00 50 6f 77 65 72 66 75 6c 20 45 70 69 70 68 61 6e 79 42 00 ad e7 02 00 01 03 e5 5b 09 00 00 00 00 00 00 00 80 01 01 13 00 42 61 73 69 63 20 46 65 61 74 68 65 72 77 65 69 67 68 74 4c 00 1c 70 00 00 01 04 5b 7b 00 01 01 0f 00 42 61 73 69 63 20 56 61 6d 70 69 72 69 73 6d 2e 00 4a af 00 00 01 05 ee 98 0b 00 00 00 00 ee 01 00 00 00 00 00 00 00 06 b9 76 00 02 01 0f 00 50 6f 77 65 72 66 75 6c 20 53 63 6f 72 63 68 0f 00 0e 47 03 00 01 00 07 bd 8a 00 00 08 81 7b 00 01 00 0a 79 65 00 0b 64 5b 00 00 
[1786974367527] 5d 09 01 ed 98 00 02 01 0d 00 50 6f 77 65 72 66 75 6c 20 56 6f 69 64 33 00 ad e7 02 00 01 01 11 00 50 6f 77 65 72 66 75 6c 20 45 70 69 70 68 61 6e 79 42 00 ad e7 02 00 01 03 e5 5b 09 00 00 00 00 00 00 00 80 01 01 13 00 42 61 73 69 63 20 46 65 61 74 68 65 72 77 65 69 67 68 74 4c 00 1c 70 00 00 01 04 5b 7b 00 01 01 0f 00 42 61 73 69 63 20 56 61 6d 70 69 72 69 73 6d 2e 00 4a af 00 00 01 05 ee 98 0b 00 00 00 00 ee 01 00 00 00 00 00 00 00 06 b9 76 00 02 01 0f 00 50 6f 77 65 72 66 75 6c 20 53 63 6f 72 63 68 0f 00 0e 47 03 00 01 00 07 bd 8a 00 00 08 81 7b 00 01 00 0a 79 65 00 0b 64 5b 00 00 
[1786974367677] 6d 84 7f 00 7e 07 02 85 7f 00 7e 07 66 60 01 bc 11 1e 0e 00 ff 5f 01 b8 11 1f 0e 00 ff 5f 01 b5 11 00 ff a3 11 1f 0e 00 ff a3 11 aa 0e 00 ff a3 11 00 ff a3 11 49 18 00 ff a3 11 00 ff aa 11 49 18 00 ff a3 11 00 ff a3 11 00 ff a7 11 4a 18 00 ff a3 11 49 18 00 ff a3 11 af 55 62 ff 
[1786974367827] 6d 85 7f 00 7e 07 02 86 7f 00 7e 07 66 a3 11 4e 19 00 ff 63 01 bc 11 54 19 1e 0e 00 ff 5f 01 b8 11 ba 11 b9 11 4d 19 4c 0f 00 ff 60 01 b6 11 be 11 00 ff a3 11 00 ff a3 11 00 ff a3 11 00 ff a3 11 61 00 00 00 00 00 a9 43 00 50 01 04 00 42 6f 61 72 64 03 7c 01 00 00 00 00 00 00 00 00 00 cd 00 01 04 01 04 00 00 00 00 01 00 ff 00 01 00 ff a3 11 4a 18 00 ff ae 11 00 ff a6 11 00 ff a5 11 00 ff a4 11 00 ff a3 11 62 ff 
[1786974367829] 5d 09 01 ed 98 00 02 01 0d 00 50 6f 77 65 72 66 75 6c 20 56 6f 69 64 33 00 ad e7 02 00 01 01 11 00 50 6f 77 65 72 66 75 6c 20 45 70 69 70 68 61 6e 79 42 00 ad e7 02 00 01 03 e5 5b 09 00 00 00 00 00 00 00 80 01 01 13 00 42 61 73 69 63 20 46 65 61 74 68 65 72 77 65 69 67 68 74 4c 00 1c 70 00 00 01 04 5b 7b 00 01 01 0f 00 42 61 73 69 63 20 56 61 6d 70 69 72 69 73 6d 2e 00 4a af 00 00 01 05 ee 98 0b 00 00 00 00 ee 01 00 00 00 00 00 00 00 06 b9 76 00 02 01 0f 00 50 6f 77 65 72 66 75 6c 20 53 63 6f 72 63 68 0f 00 0e 47 03 00 01 00 07 bd 8a 00 00 08 81 7b 00 01 00 0a 79 65 00 0b 64 5b 00 00 
[1786974367829] 5d 09 01 ed 98 00 02 01 0d 00 50 6f 77 65 72 66 75 6c 20 56 6f 69 64 33 00 ad e7 02 00 01 01 11 00 50 6f 77 65 72 66 75 6c 20 45 70 69 70 68 61 6e 79 42 00 ad e7 02 00 01 03 e5 5b 09 00 00 00 00 00 00 00 80 01 01 13 00 42 61 73 69 63 20 46 65 61 74 68 65 72 77 65 69 67 68 74 4c 00 1c 70 00 00 01 04 5b 7b 00 01 01 0f 00 42 61 73 69 63 20 56 61 6d 70 69 72 69 73 6d 2e 00 4a af 00 00 01 05 ee 98 0b 00 00 00 00 ee 01 00 00 00 00 00 00 00 06 b9 76 00 02 01 0f 00 50 6f 77 65 72 66 75 6c 20 53 63 6f 72 63 68 0f 00 0e 47 03 00 01 00 07 bd 8a 00 00 08 81 7b 00 01 00 0a 79 65 00 0b 64 5b 00 00 
[1786974367829] 5d 09 01 ed 98 00 02 01 0d 00 50 6f 77 65 72 66 75 6c 20 56 6f 69 64 33 00 ad e7 02 00 01 01 11 00 50 6f 77 65 72 66 75 6c 20 45 70 69 70 68 61 6e 79 42 00 ad e7 02 00 01 03 e5 5b 09 00 00 00 00 00 00 00 80 01 01 13 00 42 61 73 69 63 20 46 65 61 74 68 65 72 77 65 69 67 68 74 4c 00 1c 70 00 00 01 04 5b 7b 00 01 01 0f 00 42 61 73 69 63 20 56 61 6d 70 69 72 69 73 6d 2e 00 4a af 00 00 01 05 ee 98 0b 00 00 00 00 ee 01 00 00 00 00 00 00 00 06 b9 76 00 02 01 0f 00 50 6f 77 65 72 66 75 6c 20 53 63 6f 72 63 68 0f 00 0e 47 03 00 01 00 07 bd 8a 00 00 08 81 7b 00 01 00 0a 79 65 00 0b 64 5b 00 00 
[1786974367829] 5d 09 01 ed 98 00 02 01 0d 00 50 6f 77 65 72 66 75 6c 20 56 6f 69 64 33 00 ad e7 02 00 01 01 11 00 50 6f 77 65 72 66 75 6c 20 45 70 69 70 68 61 6e 79 42 00 ad e7 02 00 01 03 e5 5b 09 00 00 00 00 00 00 00 80 01 01 13 00 42 61 73 69 63 20 46 65 61 74 68 65 72 77 65 69 67 68 74 4c 00 1c 70 00 00 01 04 5b 7b 00 01 01 0f 00 42 61 73 69 63 20 56 61 6d 70 69 72 69 73 6d 2e 00 4a af 00 00 01 05 ee 98 0b 00 00 00 00 ee 01 00 00 00 00 00 00 00 06 b9 76 00 02 01 0f 00 50 6f 77 65 72 66 75 6c 20 53 63 6f 72 63 68 0f 00 0e 47 03 00 01 00 07 bd 8a 00 00 08 81 7b 00 01 00 0a 79 65 00 0b 64 5b 00 00 
[1786974367976] 1d 
[1786974368029] 6d 8f 7f 01 7e 07 01 8e 7f 01 7e 07 
[1786974368076] 5d 09 01 ed 98 00 02 01 0d 00 50 6f 77 65 72 66 75 6c 20 56 6f 69 64 33 00 ac e7 02 00 01 01 11 00 50 6f 77 65 72 66 75 6c 20 45 70 69 70 68 61 6e 79 42 00 ac e7 02 00 01 03 e5 5b 09 00 00 00 00 00 00 00 80 01 01 13 00 42 61 73 69 63 20 46 65 61 74 68 65 72 77 65 69 67 68 74 4c 00 1b 70 00 00 01 04 5b 7b 00 01 01 0f 00 42 61 73 69 63 20 56 61 6d 70 69 72 69 73 6d 2e 00 49 af 00 00 01 05 ee 98 0b 00 00 00 00 ee 01 00 00 00 00 00 00 00 06 b9 76 00 02 01 0f 00 50 6f 77 65 72 66 75 6c 20 53 63 6f 72 63 68 0f 00 0d 47 03 00 01 00 07 bd 8a 00 00 08 81 7b 00 01 00 0a 79 65 00 0b 64 5b 00 00 
[1786974368277] 5d 09 01 ed 98 00 02 01 0d 00 50 6f 77 65 72 66 75 6c 20 56 6f 69 64 33 00 ac e7 02 00 01 01 11 00 50 6f 77 65 72 66 75 6c 20 45 70 69 70 68 61 6e 79 42 00 ac e7 02 00 01 03 e5 5b 09 00 00 00 00 00 00 00 80 01 01 13 00 42 61 73 69 63 20 46 65 61 74 68 65 72 77 65 69 67 68 74 4c 00 1b 70 00 00 01 04 5b 7b 00 01 01 0f 00 42 61 73 69 63 20 56 61 6d 70 69 72 69 73 6d 2e 00 49 af 00 00 01 05 ee 98 0b 00 00 00 00 ee 01 00 00 00 00 00 00 00 06 b9 76 00 02 01 0f 00 50 6f 77 65 72 66 75 6c 20 53 63 6f 72 63 68 0f 00 0d 47 03 00 01 00 07 bd 8a 00 00 08 81 7b 00 01 00 0a 79 65 00 0b 64 5b 00 00 
[1786974368379] 6d 8e 7f 01 7e 07 01 8d 7f 01 7e 07 
[1786974368477] 5d 09 01 ed 98 00 02 01 0d 00 50 6f 77 65 72 66 75 6c 20 56 6f 69 64 33 00 ac e7 02 00 01 01 11 00 50 6f 77 65 72 66 75 6c 20 45 70 69 70 68 61 6e 79 42 00 ac e7 02 00 01 03 e5 5b 09 00 00 00 00 00 00 00 80 01 01 13 00 42 61 73 69 63 20 46 65 61 74 68 65 72 77 65 69 67 68 74 4c 00 1b 70 00 00 01 04 5b 7b 00 01 01 0f 00 42 61 73 69 63 20 56 61 6d 70 69 72 69 73 6d 2e 00 49 af 00 00 01 05 ee 98 0b 00 00 00 00 ee 01 00 00 00 00 00 00 00 06 b9 76 00 02 01 0f 00 50 6f 77 65 72 66 75 6c 20 53 63 6f 72 63 68 0f 00 0d 47 03 00 01 00 07 bd 8a 00 00 08 81 7b 00 01 00 0a 79 65 00 0b 64 5b 00 00 
[1786974368519] 83 86 7f 00 7e 07 03 0f 00 01 00 
[1786974368519] a4 06 00 d0 07 00 00 
[1786974368519] a9 00 01 95 00 41 63 74 69 76 65 20 52 65 73 74 69 6e 67 20 41 72 65 61 20 42 6f 6e 75 73 65 73 3a 20 0a 44 6f 75 62 6c 65 20 48 69 74 20 50 6f 69 6e 74 73 20 52 65 67 65 6e 65 72 61 74 69 6f 6e 2c 0a 44 6f 75 62 6c 65 20 4d 61 6e 61 20 50 6f 69 6e 74 73 20 52 65 67 65 6e 65 72 61 74 69 6f 6e 2c 0a 53 74 61 6d 69 6e 61 20 50 6f 69 6e 74 73 20 52 65 67 65 6e 65 72 61 74 69 6f 6e 2c 0a 53 6f 75 6c 20 50 6f 69 6e 74 73 20 52 65 67 65 6e 65 72 61 74 69 6f 6e 2e 
[1786974368519] a2 c0 10 00 00 00 00 00 00 00 
[1786974368519] a5 03 d0 07 00 00 
[1786974368519] a9 00 01 95 00 41 63 74 69 76 65 20 52 65 73 74 69 6e 67 20 41 72 65 61 20 42 6f 6e 75 73 65 73 3a 20 0a 44 6f 75 62 6c 65 20 48 69 74 20 50 6f 69 6e 74 73 20 52 65 67 65 6e 65 72 61 74 69 6f 6e 2c 0a 44 6f 75 62 6c 65 20 4d 61 6e 61 20 50 6f 69 6e 74 73 20 52 65 67 65 6e 65 72 61 74 69 6f 6e 2c 0a 53 74 61 6d 69 6e 61 20 50 6f 69 6e 74 73 20 52 65 67 65 6e 65 72 61 74 69 6f 6e 2c 0a 53 6f 75 6c 20 50 6f 69 6e 74 73 20 52 65 67 65 6e 65 72 61 74 69 6f 6e 2e 
[1786974368519] a2 c0 10 00 00 00 00 00 00 00 
[1786974368519] 83 86 7f 00 7e 07 06 01 ee 03 00 
[1786974368519] a0 7b 1c 00 00 9b 1c 00 00 25 04 10 00 b3 1e e1 13 01 00 00 00 8e 02 76 10 55 03 00 00 00 00 96 00 16 26 00 00 7e 27 00 00 c8 a2 09 fb 02 00 00 d7 01 00 00 01 00 00 00 00 00 00 00 00 
[1786974368519] a1 27 00 20 00 20 00 e7 16 13 00 13 00 13 00 7b 11 0a 00 0a 00 0a 00 00 00 0a 00 0a 00 0a 00 00 00 0a 00 0a 00 0a 00 00 00 9a 00 6a 00 6a 00 91 1e 4d 00 4d 00 4d 00 11 06 0a 00 0a 00 0a 00 00 00 00 3a ee 18 00 28 a5 14 00 7d 00 bc 02 00 04 ff ff ff 7f 00 04 c3 09 00 80 04 cf 07 00 80 04 f3 01 00 80 04 db 05 00 80 04 ff ff ff 7f 00 00 25 00 00 00 04 7c 00 00 80 04 ff ff ff 7f 00 00 07 00 04 f3 01 00 80 03 04 5e 02 00 80 02 04 54 05 00 80 01 04 32 04 00 80 04 04 08 06 00 80 05 04 f3 01 00 80 06 04 f3 01 00 80 04 ff ff ff 7f 04 ff ff ff 7f 04 ff ff ff 7f 
[1786974368519] a0 7b 1c 00 00 9b 1c 00 00 25 04 10 00 b3 1e e1 13 01 00 00 00 8e 02 76 10 55 03 00 00 00 00 96 00 da 25 00 00 7e 27 00 00 c8 a2 09 fb 02 00 00 d7 01 00 00 01 00 00 00 00 00 00 00 00 
[1786974368519] aa 28 6c 00 00 08 00 4b 75 6b 75 72 65 6a 61 00 8e 02 24 86 7f 00 7e 07 09 00 75 74 61 6e 69 20 68 75 72 
[1786974368729] 6d 8d 7f 01 7e 07 01 8c 7f 01 7e 07 
[1786974368889] 6b 86 7f 00 7e 07 01 63 00 a2 00 00 10 02 00 
[1786974368976] a9 00 01 95 00 41 63 74 69 76 65 20 52 65 73 74 69 6e 67 20 41 72 65 61 20 42 6f 6e 75 73 65 73 3a 20 0a 44 6f 75 62 6c 65 20 48 69 74 20 50 6f 69 6e 74 73 20 52 65 67 65 6e 65 72 61 74 69 6f 6e 2c 0a 44 6f 75 62 6c 65 20 4d 61 6e 61 20 50 6f 69 6e 74 73 20 52 65 67 65 6e 65 72 61 74 69 6f 6e 2c 0a 53 74 61 6d 69 6e 61 20 50 6f 69 6e 74 73 20 52 65 67 65 6e 65 72 61 74 69 6f 6e 2c 0a 53 6f 75 6c 20 50 6f 69 6e 74 73 20 52 65 67 65 6e 65 72 61 74 69 6f 6e 2e 
[1786974368976] a2 c0 10 00 00 00 00 00 00 00 
[1786974369076] 5d 09 01 ed 98 00 02 01 0d 00 50 6f 77 65 72 66 75 6c 20 56 6f 69 64 33 00 ab e7 02 00 01 01 11 00 50 6f 77 65 72 66 75 6c 20 45 70 69 70 68 61 6e 79 42 00 ab e7 02 00 01 03 e5 5b 09 00 00 00 00 00 00 00 80 01 01 13 00 42 61 73 69 63 20 46 65 61 74 68 65 72 77 65 69 67 68 74 4c 00 1a 70 00 00 01 04 5b 7b 00 01 01 0f 00 42 61 73 69 63 20 56 61 6d 70 69 72 69 73 6d 2e 00 48 af 00 00 01 05 ee 98 0b 00 00 00 00 ee 01 00 00 00 00 00 00 00 06 b9 76 00 02 01 0f 00 50 6f 77 65 72 66 75 6c 20 53 63 6f 72 63 68 0f 00 0c 47 03 00 01 00 07 bd 8a 00 00 08 81 7b 00 01 00 0a 79 65 00 0b 64 5b 00 00 
[1786974369079] 6d 8c 7f 01 7e 07 01 8b 7f 01 7e 07 
[1786974369079] 5d 09 01 ed 98 00 02 01 0d 00 50 6f 77 65 72 66 75 6c 20 56 6f 69 64 33 00 ab e7 02 00 01 01 11 00 50 6f 77 65 72 66 75 6c 20 45 70 69 70 68 61 6e 79 42 00 ab e7 02 00 01 03 e5 5b 09 00 00 00 00 00 00 00 80 01 01 13 00 42 61 73 69 63 20 46 65 61 74 68 65 72 77 65 69 67 68 74 4c 00 1a 70 00 00 01 04 5b 7b 00 01 01 0f 00 42 61 73 69 63 20 56 61 6d 70 69 72 69 73 6d 2e 00 48 af 00 00 01 05 ee 98 0b 00 00 00 00 ee 01 00 00 00 00 00 00 00 06 b9 76 00 02 01 0f 00 50 6f 77 65 72 66 75 6c 20 53 63 6f 72 63 68 0f 00 0c 47 03 00 01 00 07 bd 8a 00 00 08 81 7b 00 01 00 0a 79 65 00 0b 64 5b 00 00 
[1786974369281] 5d 09 01 ed 98 00 02 01 0d 00 50 6f 77 65 72 66 75 6c 20 56 6f 69 64 33 00 ab e7 02 00 01 01 11 00 50 6f 77 65 72 66 75 6c 20 45 70 69 70 68 61 6e 79 42 00 ab e7 02 00 01 03 e5 5b 09 00 00 00 00 00 00 00 80 01 01 13 00 42 61 73 69 63 20 46 65 61 74 68 65 72 77 65 69 67 68 74 4c 00 1a 70 00 00 01 04 5b 7b 00 01 01 0f 00 42 61 73 69 63 20 56 61 6d 70 69 72 69 73 6d 2e 00 48 af 00 00 01 05 ee 98 0b 00 00 00 00 ee 01 00 00 00 00 00 00 00 06 b9 76 00 02 01 0f 00 50 6f 77 65 72 66 75 6c 20 53 63 6f 72 63 68 0f 00 0c 47 03 00 01 00 07 bd 8a 00 00 08 81 7b 00 01 00 0a 79 65 00 0b 64 5b 00 00 
[1786974369429] 6d 8b 7f 01 7e 07 01 8a 7f 01 7e 07 
[1786974369430] 5d 09 01 ed 98 00 02 01 0d 00 50 6f 77 65 72 66 75 6c 20 56 6f 69 64 33 00 ab e7 02 00 01 01 11 00 50 6f 77 65 72 66 75 6c 20 45 70 69 70 68 61 6e 79 42 00 ab e7 02 00 01 03 e5 5b 09 00 00 00 00 00 00 00 80 01 01 13 00 42 61 73 69 63 20 46 65 61 74 68 65 72 77 65 69 67 68 74 4c 00 1a 70 00 00 01 04 5b 7b 00 01 01 0f 00 42 61 73 69 63 20 56 61 6d 70 69 72 69 73 6d 2e 00 48 af 00 00 01 05 ee 98 0b 00 00 00 00 ee 01 00 00 00 00 00 00 00 06 b9 76 00 02 01 0f 00 50 6f 77 65 72 66 75 6c 20 53 63 6f 72 63 68 0f 00 0c 47 03 00 01 00 07 bd 8a 00 00 08 81 7b 00 01 00 0a 79 65 00 0b 64 5b 00 00 
[1786974369441] 1e 
[1786974369478] 6a 8f 7f fc 7d 07 05 61 00 00 00 00 00 81 43 00 50 01 04 00 57 61 73 70 64 03 2c 00 00 00 00 00 00 00 00 00 00 a0 00 00 00 00 00 01 00 ff 00 01 
[1786974369478] 5d 09 01 ed 98 00 02 01 0d 00 50 6f 77 65 72 66 75 6c 20 56 6f 69 64 33 00 ab e7 02 00 01 01 11 00 50 6f 77 65 72 66 75 6c 20 45 70 69 70 68 61 6e 79 42 00 ab e7 02 00 01 03 e5 5b 09 00 00 00 00 00 00 00 80 01 01 13 00 42 61 73 69 63 20 46 65 61 74 68 65 72 77 65 69 67 68 74 4c 00 1a 70 00 00 01 04 5b 7b 00 01 01 0f 00 42 61 73 69 63 20 56 61 6d 70 69 72 69 73 6d 2e 00 48 af 00 00 01 05 ee 98 0b 00 00 00 00 ee 01 00 00 00 00 00 00 00 06 b9 76 00 02 01 0f 00 50 6f 77 65 72 66 75 6c 20 53 63 6f 72 63 68 0f 00 0c 47 03 00 01 00 07 bd 8a 00 00 08 81 7b 00 01 00 0a 79 65 00 0b 64 5b 00 00 
[1786974369480] 5d 09 01 ed 98 00 02 01 0d 00 50 6f 77 65 72 66 75 6c 20 56 6f 69 64 33 00 ab e7 02 00 01 01 11 00 50 6f 77 65 72 66 75 6c 20 45 70 69 70 68 61 6e 79 42 00 ab e7 02 00 01 03 e5 5b 09 00 00 00 00 00 00 00 80 01 01 13 00 42 61 73 69 63 20 46 65 61 74 68 65 72 77 65 69 67 68 74 4c 00 1a 70 00 00 01 04 5b 7b 00 01 01 0f 00 42 61 73 69 63 20 56 61 6d 70 69 72 69 73 6d 2e 00 48 af 00 00 01 05 ee 98 0b 00 00 00 00 ee 01 00 00 00 00 00 00 00 06 b9 76 00 02 01 0f 00 50 6f 77 65 72 66 75 6c 20 53 63 6f 72 63 68 0f 00 0c 47 03 00 01 00 07 bd 8a 00 00 08 81 7b 00 01 00 0a 79 65 00 0b 64 5b 00 00 
[1786974369499] 5d 09 01 ed 98 00 02 01 0d 00 50 6f 77 65 72 66 75 6c 20 56 6f 69 64 33 00 ab e7 02 00 01 01 11 00 50 6f 77 65 72 66 75 6c 20 45 70 69 70 68 61 6e 79 42 00 ab e7 02 00 01 03 e5 5b 09 00 00 00 00 00 00 00 80 01 01 13 00 42 61 73 69 63 20 46 65 61 74 68 65 72 77 65 69 67 68 74 4c 00 1a 70 00 00 01 04 5b 7b 00 01 01 0f 00 42 61 73 69 63 20 56 61 6d 70 69 72 69 73 6d 2e 00 48 af 00 00 01 05 ee 98 0b 00 00 00 00 ee 01 00 00 00 00 00 00 00 06 b9 76 00 02 01 0f 00 50 6f 77 65 72 66 75 6c 20 53 63 6f 72 63 68 0f 00 0c 47 03 00 01 00 07 bd 8a 00 00 08 81 7b 00 01 00 0a 79 65 00 0b 64 5b 00 00 
[1786974369500] 5d 09 01 ed 98 00 02 01 0d 00 50 6f 77 65 72 66 75 6c 20 56 6f 69 64 33 00 ab e7 02 00 01 01 11 00 50 6f 77 65 72 66 75 6c 20 45 70 69 70 68 61 6e 79 42 00 ab e7 02 00 01 03 e5 5b 09 00 00 00 00 00 00 00 80 01 01 13 00 42 61 73 69 63 20 46 65 61 74 68 65 72 77 65 69 67 68 74 4c 00 1a 70 00 00 01 04 5b 7b 00 01 01 0f 00 42 61 73 69 63 20 56 61 6d 70 69 72 69 73 6d 2e 00 48 af 00 00 01 05 ee 98 0b 00 00 00 00 ee 01 00 00 00 00 00 00 00 06 b9 76 00 02 01 0f 00 50 6f 77 65 72 66 75 6c 20 53 63 6f 72 63 68 0f 00 0c 47 03 00 01 00 07 bd 8a 00 00 08 81 7b 00 01 00 0a 79 65 00 0b 64 5b 00 00 
[1786974369500] 83 86 7f 00 7e 07 06 01 0e 00 07 01 01 07 00 00 
[1786974369500] 83 86 7f 00 7e 07 04 3a 00 04 01 01 00 
[1786974369500] 8c a2 00 00 10 64 
[1786974369500] a0 80 1c 00 00 9b 1c 00 00 25 04 10 00 b3 1e e1 13 01 00 00 00 8e 02 76 10 55 03 00 00 00 00 96 00 da 25 00 00 7e 27 00 00 c8 a2 09 fb 02 00 00 d7 01 00 00 01 00 00 00 00 00 00 00 00 
[1786974369500] cc 00 05 00 00 00 
[1786974369500] b4 19 86 7f 00 7e 07 05 00 00 00 c2 20 00 59 6f 75 20 77 65 72 65 20 68 65 61 6c 65 64 20 66 6f 72 20 35 20 68 69 74 70 6f 69 6e 74 73 2e 
[1786974369500] 5d 09 01 ed 98 00 02 01 0d 00 50 6f 77 65 72 66 75 6c 20 56 6f 69 64 33 00 ab e7 02 00 01 01 11 00 50 6f 77 65 72 66 75 6c 20 45 70 69 70 68 61 6e 79 42 00 ab e7 02 00 01 03 e5 5b 09 00 00 00 00 00 00 00 80 01 01 13 00 42 61 73 69 63 20 46 65 61 74 68 65 72 77 65 69 67 68 74 4c 00 1a 70 00 00 01 04 5b 7b 00 01 01 0f 00 42 61 73 69 63 20 56 61 6d 70 69 72 69 73 6d 2e 00 48 af 00 00 01 05 ee 98 0b 00 00 00 00 ee 01 00 00 00 00 00 00 00 06 b9 76 00 02 01 0f 00 50 6f 77 65 72 66 75 6c 20 53 63 6f 72 63 68 0f 00 0c 47 03 00 01 00 07 bd 8a 00 00 08 81 7b 00 01 00 0a 79 65 00 0b 64 5b 00 00 
[1786974369500] 83 8a 7f 01 7e 07 03 04 00 01 00 
[1786974369500] 83 8a 7f 01 7e 07 06 01 14 00 00 
[1786974369500] 5d 09 01 ed 98 00 02 01 0d 00 50 6f 77 65 72 66 75 6c 20 56 6f 69 64 33 00 ab e7 02 00 01 01 11 00 50 6f 77 65 72 66 75 6c 20 45 70 69 70 68 61 6e 79 42 00 ab e7 02 00 01 03 e5 5b 09 00 00 00 00 00 00 00 80 01 01 13 00 42 61 73 69 63 20 46 65 61 74 68 65 72 77 65 69 67 68 74 4c 00 1a 70 00 00 01 04 5b 7b 00 01 01 0f 00 42 61 73 69 63 20 56 61 6d 70 69 72 69 73 6d 2e 00 48 af 00 00 01 05 ee 98 0b 00 00 00 00 ee 01 00 00 00 00 00 00 00 06 b9 76 00 02 01 0f 00 50 6f 77 65 72 66 75 6c 20 53 63 6f 72 63 68 0f 00 0c 47 03 00 01 00 07 bd 8a 00 00 08 81 7b 00 01 00 0a 79 65 00 0b 64 5b 00 00 
[1786974369500] cc 01 7f 01 00 00 01 
[1786974369500] 8c a9 43 00 50 00 
[1786974369500] 6a 8a 7f 01 7e 07 01 49 0b 05 
[1786974369500] 83 8a 7f 01 7e 07 03 01 00 01 00 
[1786974369500] 83 8a 7f 01 7e 07 03 10 00 01 00 
[1786974369500] cc 01 04 00 00 00 00 
[1786974369500] cc 01 7f 01 00 00 01 
[1786974369500] b4 17 8a 7f 01 7e 07 04 00 00 00 b4 7f 01 00 00 c6 2f 00 41 20 62 6f 61 72 20 6c 6f 73 65 73 20 33 38 37 20 68 69 74 70 6f 69 6e 74 73 20 64 75 65 20 74 6f 20 79 6f 75 72 20 20 61 74 74 61 63 6b 2e 
[1786974369500] 8c a2 00 00 10 64 
[1786974369500] a0 9b 1c 00 00 9b 1c 00 00 25 04 10 00 b3 1e e1 13 01 00 00 00 8e 02 76 10 55 03 00 00 00 00 96 00 da 25 00 00 7e 27 00 00 c8 a2 09 fb 02 00 00 d7 01 00 00 01 00 00 00 00 00 00 00 00 
[1786974369500] cc 00 1b 00 00 00 
[1786974369500] b4 19 86 7f 00 7e 07 1b 00 00 00 c2 21 00 59 6f 75 20 77 65 72 65 20 68 65 61 6c 65 64 20 66 6f 72 20 32 37 20 68 69 74 70 6f 69 6e 74 73 2e 
[1786974369500] a0 9b 1c 00 00 9b 1c 00 00 25 04 10 00 b3 1e e1 13 01 00 00 00 8e 02 76 10 55 03 00 00 00 00 96 00 27 26 00 00 7e 27 00 00 c8 a2 09 fb 02 00 00 d7 01 00 00 01 00 00 00 00 00 00 00 00 
[1786974369500] b4 19 86 7f 00 7e 07 4d 00 00 00 5f 1d 00 59 6f 75 20 77 65 72 65 20 72 65 73 74 6f 72 65 64 20 66 6f 72 20 37 37 20 6d 61 6e 61 
[1786974369500] a1 27 00 20 00 20 00 e7 16 13 00 13 00 13 00 7b 11 0a 00 0a 00 0a 00 00 00 0a 00 0a 00 0a 00 00 00 0a 00 0a 00 0a 00 00 00 9a 00 6a 00 6a 00 92 1e 4d 00 4d 00 4d 00 11 06 0a 00 0a 00 0a 00 00 00 00 3a ee 18 00 28 a5 14 00 7d 00 bc 02 00 04 ff ff ff 7f 00 04 c3 09 00 80 04 cf 07 00 80 04 f3 01 00 80 04 db 05 00 80 04 ff ff ff 7f 00 00 25 00 00 00 04 7c 00 00 80 04 ff ff ff 7f 00 00 07 00 04 f3 01 00 80 03 04 5e 02 00 80 02 04 54 05 00 80 01 04 32 04 00 80 04 04 08 06 00 80 05 04 f3 01 00 80 06 04 f3 01 00 80 04 ff ff ff 7f 04 ff ff ff 7f 04 ff ff ff 7f 
[1786974369500] a0 9b 1c 00 00 9b 1c 00 00 25 04 10 00 b3 1e e1 13 01 00 00 00 8e 02 76 10 55 03 00 00 00 00 96 00 27 26 00 00 7e 27 00 00 c8 a2 09 fb 02 00 00 d7 01 00 00 01 00 00 00 00 00 00 00 00 
[1786974369500] f5 39 00 01 00 00 01 02 00 00 01 03 00 00 01 04 00 00 01 05 00 00 01 06 00 00 01 07 00 00 01 08 00 00 01 09 00 00 01 0a 00 00 01 0b 00 00 01 26 0b 00 01 33 0b 00 01 34 0b 00 01 35 0b 00 01 36 0b 00 01 37 0b 00 01 99 0b 00 01 bb 0b 00 01 c2 0b 00 01 e8 0b 00 32 eb 0b 00 01 09 0c 00 14 1a 0c 00 01 81 0d 00 01 a9 16 00 01 13 1d 00 14 f2 3e 00 01 95 3f 00 01 a3 53 00 0a 0b 56 00 01 f4 57 00 04 4e 5b 00 42 86 66 5b 00 01 e5 5b 00 01 e9 5b 00 0b f6 5b 00 09 a9 5c 00 01 77 65 00 01 78 65 00 01 79 65 00 01 7f 6f 00 01 2e 70 00 01 88 76 00 01 b9 76 00 01 5b 7b 00 01 81 7b 00 01 74 7f 00 01 28 85 00 01 d8 89 00 01 bd 8a 00 01 3d 8c 00 4c b3 3e 8c 00 40 8f ed 98 00 01 ee 98 00 01 57 ab 00 01 0a cb 00 01 
[1786974369500] a0 9b 1c 00 00 9b 1c 00 00 25 04 10 00 b3 1e e1 13 01 00 00 00 8e 02 76 10 55 03 00 00 00 00 96 00 27 26 00 00 7e 27 00 00 c8 a2 09 fb 02 00 00 d7 01 00 00 01 00 00 00 00 00 00 00 00 
[1786974369500] 71 04 01 00 3e 8c 2a 
[1786974369500] f5 39 00 01 00 00 01 02 00 00 01 03 00 00 01 04 00 00 01 05 00 00 01 06 00 00 01 07 00 00 01 08 00 00 01 09 00 00 01 0a 00 00 01 0b 00 00 01 26 0b 00 01 33 0b 00 01 34 0b 00 01 35 0b 00 01 36 0b 00 01 37 0b 00 01 99 0b 00 01 bb 0b 00 01 c2 0b 00 01 e8 0b 00 32 eb 0b 00 01 09 0c 00 14 1a 0c 00 01 81 0d 00 01 a9 16 00 01 13 1d 00 14 f2 3e 00 01 95 3f 00 01 a3 53 00 0a 0b 56 00 01 f4 57 00 04 4e 5b 00 42 86 66 5b 00 01 e5 5b 00 01 e9 5b 00 0b f6 5b 00 09 a9 5c 00 01 77 65 00 01 78 65 00 01 79 65 00 01 7f 6f 00 01 2e 70 00 01 88 76 00 01 b9 76 00 01 5b 7b 00 01 81 7b 00 01 74 7f 00 01 28 85 00 01 d8 89 00 01 bd 8a 00 01 3d 8c 00 4c b3 3e 8c 00 40 8e ed 98 00 01 ee 98 00 01 57 ab 00 01 0a cb 00 01 
[1786974369500] a0 9b 1c 00 00 9b 1c 00 00 7f 04 10 00 b3 1e e1 13 01 00 00 00 8e 02 76 10 55 03 00 00 00 00 96 00 27 26 00 00 7e 27 00 00 c8 a2 09 fb 02 00 00 d7 01 00 00 01 00 00 00 00 00 00 00 00 
[1786974369500] 78 05 ee 98 0b 00 00 00 00 ed 01 00 00 00 00 00 00 
[1786974369500] ce 3e 8c 
[1786974369500] a0 9b 1c 00 00 9b 1c 00 00 7f 04 10 00 b3 1e e1 13 01 00 00 00 8e 02 76 10 55 03 00 00 00 00 96 00 27 26 00 00 7e 27 00 00 c8 a0 09 fb 02 00 00 d7 01 00 00 01 00 00 00 00 00 00 00 00 
[1786974369500] a0 9b 1c 00 00 9b 1c 00 00 7f 04 10 00 b3 1e e1 13 01 00 00 00 8e 02 76 10 55 03 00 00 00 00 96 00 27 26 00 00 7e 27 00 00 c8 a0 09 fb 02 00 00 d7 01 00 00 01 00 00 00 00 00 00 00 00 
[1786974369500] a0 9b 1c 00 00 9b 1c 00 00 7f 04 10 00 b3 1e e1 13 01 00 00 00 8e 02 76 10 55 03 00 00 00 00 96 00 27 26 00 00 7e 27 00 00 c8 a0 09 fb 02 00 00 d7 01 00 00 01 00 00 00 00 00 00 00 00 
[1786974369500] b4 1a 86 7f 00 7e 07 29 04 00 00 00 00 00 00 d7 32 00 59 6f 75 20 67 61 69 6e 65 64 20 31 30 36 35 20 65 78 70 65 72 69 65 6e 63 65 20 70 6f 69 6e 74 73 2e 20 28 56 49 50 20 62 6f 6e 75 73 20 31 35 25 29 
[1786974369500] a0 9b 1c 00 00 9b 1c 00 00 7f 04 10 00 dc 22 e1 13 01 00 00 00 8e 02 76 10 55 03 00 00 00 00 96 00 27 26 00 00 7e 27 00 00 c8 a0 09 fb 02 00 00 d7 01 00 00 01 00 00 00 00 00 00 00 00 
[1786974369500] af 3c 00 00 00 00 00 00 00 29 04 00 00 00 00 00 00 
[1786974369500] 5c b9 76 7b d6 0d 00 01 
[1786974369500] 6c 8a 7f 01 7e 07 01 
[1786974369500] 6a 8a 7f 01 7e 07 01 46 0b 05 
[1786974369500] 6a 8a 7f 01 7e 07 03 21 30 00 
[1786974369500] d1 04 00 42 6f 61 72 7c 01 00 00 00 00 00 01 16 30 02 
[1786974369500] b4 1f 2b 00 4c 6f 6f 74 20 6f 66 20 61 20 62 6f 61 72 3a 20 7b 31 32 33 31 30 7c 32 20 68 61 75 6e 63 68 65 73 20 6f 66 20 62 6f 61 72 7d 2e 
[1786974369500] 6b 8a 7f 01 7e 07 03 21 30 04 
[1786974369500] ee 00 72 e0 a4 0a 00 00 00 00 
[1786974369500] ee 01 00 00 00 00 00 00 00 00 
[1786974369500] ee 0a 06 00 00 00 00 00 00 00 
[1786974369500] ee 32 fa 00 00 00 00 00 00 00 
[1786974369500] ee 57 03 00 00 00 
[1786974369500] ee 46 51 00 00 00 00 00 00 00 
[1786974369500] ee 47 00 00 00 00 00 00 00 00 
[1786974369500] ee 48 00 00 00 00 00 00 00 00 
[1786974369500] b4 13 5c 00 59 6f 75 20 72 65 63 65 69 76 65 64 20 36 20 64 75 73 74 20 66 6f 72 20 74 68 65 20 45 78 61 6c 74 61 74 69 6f 6e 20 46 6f 72 67 65 2e 20 59 6f 75 20 6e 6f 77 20 68 61 76 65 20 38 31 20 6f 75 74 20 6f 66 20 61 20 6d 61 78 69 6d 75 6d 20 6f 66 20 31 31 36 20 64 75 73 74 73 2e 
[1786974369500] 6c 8a 7f 01 7e 07 02 
[1786974369500] a3 00 00 00 00 
[1786974369501] 6b 8a 7f 01 7e 07 02 21 30 00 
[1786974369501] 70 03 40 00 
[1786974369501] f5 3a 00 01 00 00 01 02 00 00 01 03 00 00 01 04 00 00 01 05 00 00 01 06 00 00 01 07 00 00 01 08 00 00 01 09 00 00 01 0a 00 00 01 0b 00 00 01 26 0b 00 01 33 0b 00 01 34 0b 00 01 35 0b 00 01 36 0b 00 01 37 0b 00 01 99 0b 00 01 bb 0b 00 01 c2 0b 00 01 e8 0b 00 32 eb 0b 00 01 09 0c 00 14 1a 0c 00 01 81 0d 00 01 a9 16 00 01 13 1d 00 14 16 30 00 02 f2 3e 00 01 95 3f 00 01 a3 53 00 0a 0b 56 00 01 f4 57 00 04 4e 5b 00 42 86 66 5b 00 01 e5 5b 00 01 e9 5b 00 0b f6 5b 00 09 a9 5c 00 01 77 65 00 01 78 65 00 01 79 65 00 01 7f 6f 00 01 2e 70 00 01 88 76 00 01 b9 76 00 01 5b 7b 00 01 81 7b 00 01 74 7f 00 01 28 85 00 01 d8 89 00 01 bd 8a 00 01 3d 8c 00 4c b3 3e 8c 00 40 8e ed 98 00 01 ee 98 00 01 57 ab 00 01 0a cb 00 01 
[1786974369501] a0 9b 1c 00 00 9b 1c 00 00 8f f9 0f 00 dc 22 e1 13 01 00 00 00 8e 02 76 10 55 03 00 00 00 00 96 00 27 26 00 00 7e 27 00 00 c8 a0 09 fb 02 00 00 d7 01 00 00 01 00 00 00 00 00 00 00 00 
[1786974369501] 83 86 7f 00 7e 07 06 01 e2 0a 00 
[1786974369501] cf 16 30 02 0e 00 68 61 75 6e 63 68 20 6f 66 20 62 6f 61 72 
[1786974369501] b4 1e 12 00 59 6f 75 20 6c 6f 6f 74 65 64 20 31 20 69 74 65 6d 2e 
[1786974369526] 5d 09 01 ed 98 00 02 01 0d 00 50 6f 77 65 72 66 75 6c 20 56 6f 69 64 33 00 ab e7 02 00 01 01 11 00 50 6f 77 65 72 66 75 6c 20 45 70 69 70 68 61 6e 79 42 00 ab e7 02 00 01 03 e5 5b 09 00 00 00 00 00 00 00 80 01 01 13 00 42 61 73 69 63 20 46 65 61 74 68 65 72 77 65 69 67 68 74 4c 00 1a 70 00 00 01 04 5b 7b 00 01 01 0f 00 42 61 73 69 63 20 56 61 6d 70 69 72 69 73 6d 2e 00 48 af 00 00 01 05 ee 98 0b 00 00 00 00 ed 01 00 00 00 00 00 00 00 06 b9 76 00 02 01 0f 00 50 6f 77 65 72 66 75 6c 20 53 63 6f 72 63 68 0f 00 0c 47 03 00 01 00 07 bd 8a 00 00 08 81 7b 00 01 00 0a 79 65 00 0b 64 5b 00 00 
[1786974369829] 6d 8f 7f fc 7d 07 05 8e 7f fc 7d 07 
[1786974369829] 5d 09 01 ed 98 00 02 01 0d 00 50 6f 77 65 72 66 75 6c 20 56 6f 69 64 33 00 ab e7 02 00 01 01 11 00 50 6f 77 65 72 66 75 6c 20 45 70 69 70 68 61 6e 79 42 00 ab e7 02 00 01 03 e5 5b 09 00 00 00 00 00 00 00 80 01 01 13 00 42 61 73 69 63 20 46 65 61 74 68 65 72 77 65 69 67 68 74 4c 00 1a 70 00 00 01 04 5b 7b 00 01 01 0f 00 42 61 73 69 63 20 56 61 6d 70 69 72 69 73 6d 2e 00 48 af 00 00 01 05 ee 98 0b 00 00 00 00 ed 01 00 00 00 00 00 00 00 06 b9 76 00 02 01 0f 00 50 6f 77 65 72 66 75 6c 20 53 63 6f 72 63 68 0f 00 0c 47 03 00 01 00 07 bd 8a 00 00 08 81 7b 00 01 00 0a 79 65 00 0b 64 5b 00 00 
[1786974369877] 5d 09 01 ed 98 00 02 01 0d 00 50 6f 77 65 72 66 75 6c 20 56 6f 69 64 33 00 ab e7 02 00 01 01 11 00 50 6f 77 65 72 66 75 6c 20 45 70 69 70 68 61 6e 79 42 00 ab e7 02 00 01 03 e5 5b 09 00 00 00 00 00 00 00 80 01 01 13 00 42 61 73 69 63 20 46 65 61 74 68 65 72 77 65 69 67 68 74 4c 00 1a 70 00 00 01 04 5b 7b 00 01 01 0f 00 42 61 73 69 63 20 56 61 6d 70 69 72 69 73 6d 2e 00 48 af 00 00 01 05 ee 98 0b 00 00 00 00 ed 01 00 00 00 00 00 00 00 06 b9 76 00 02 01 0f 00 50 6f 77 65 72 66 75 6c 20 53 63 6f 72 63 68 0f 00 0c 47 03 00 01 00 07 bd 8a 00 00 08 81 7b 00 01 00 0a 79 65 00 0b 64 5b 00 00 
[1786974370179] 6d 8e 7f fc 7d 07 02 8d 7f fc 7d 07 
[1786974370179] 5d 09 01 ed 98 00 02 01 0d 00 50 6f 77 65 72 66 75 6c 20 56 6f 69 64 33 00 aa e7 02 00 01 01 11 00 50 6f 77 65 72 66 75 6c 20 45 70 69 70 68 61 6e 79 42 00 aa e7 02 00 01 03 e5 5b 09 00 00 00 00 00 00 00 80 01 01 13 00 42 61 73 69 63 20 46 65 61 74 68 65 72 77 65 69 67 68 74 4c 00 19 70 00 00 01 04 5b 7b 00 01 01 0f 00 42 61 73 69 63 20 56 61 6d 70 69 72 69 73 6d 2e 00 47 af 00 00 01 05 ee 98 0b 00 00 00 00 ed 01 00 00 00 00 00 00 00 06 b9 76 00 02 01 0f 00 50 6f 77 65 72 66 75 6c 20 53 63 6f 72 63 68 0f 00 0b 47 03 00 01 00 07 bd 8a 00 00 08 81 7b 00 01 00 0a 79 65 00 0b 64 5b 00 00 
[1786974370226] 5d 09 01 ed 98 00 02 01 0d 00 50 6f 77 65 72 66 75 6c 20 56 6f 69 64 33 00 aa e7 02 00 01 01 11 00 50 6f 77 65 72 66 75 6c 20 45 70 69 70 68 61 6e 79 42 00 aa e7 02 00 01 03 e5 5b 09 00 00 00 00 00 00 00 80 01 01 13 00 42 61 73 69 63 20 46 65 61 74 68 65 72 77 65 69 67 68 74 4c 00 19 70 00 00 01 04 5b 7b 00 01 01 0f 00 42 61 73 69 63 20 56 61 6d 70 69 72 69 73 6d 2e 00 47 af 00 00 01 05 ee 98 0b 00 00 00 00 ed 01 00 00 00 00 00 00 00 06 b9 76 00 02 01 0f 00 50 6f 77 65 72 66 75 6c 20 53 63 6f 72 63 68 0f 00 0b 47 03 00 01 00 07 bd 8a 00 00 08 81 7b 00 01 00 0a 79 65 00 0b 64 5b 00 00 
[1786974370281] 5d 09 01 ed 98 00 02 01 0d 00 50 6f 77 65 72 66 75 6c 20 56 6f 69 64 33 00 aa e7 02 00 01 01 11 00 50 6f 77 65 72 66 75 6c 20 45 70 69 70 68 61 6e 79 42 00 aa e7 02 00 01 03 e5 5b 09 00 00 00 00 00 00 00 80 01 01 13 00 42 61 73 69 63 20 46 65 61 74 68 65 72 77 65 69 67 68 74 4c 00 19 70 00 00 01 04 5b 7b 00 01 01 0f 00 42 61 73 69 63 20 56 61 6d 70 69 72 69 73 6d 2e 00 47 af 00 00 01 05 ee 98 0b 00 00 00 00 ed 01 00 00 00 00 00 00 00 06 b9 76 00 02 01 0f 00 50 6f 77 65 72 66 75 6c 20 53 63 6f 72 63 68 0f 00 0b 47 03 00 01 00 07 bd 8a 00 00 08 81 7b 00 01 00 0a 79 65 00 0b 64 5b 00 00 
[1786974370382] 82 98 d7 
[1786974370382] ef 12 10 
[1786974370497] 6d 8d 7f fc 7d 07 04 8c 7f fc 7d 07 
[1786974370497] 5d 09 01 ed 98 00 02 01 0d 00 50 6f 77 65 72 66 75 6c 20 56 6f 69 64 33 00 aa e7 02 00 01 01 11 00 50 6f 77 65 72 66 75 6c 20 45 70 69 70 68 61 6e 79 42 00 aa e7 02 00 01 03 e5 5b 09 00 00 00 00 00 00 00 80 01 01 13 00 42 61 73 69 63 20 46 65 61 74 68 65 72 77 65 69 67 68 74 4c 00 19 70 00 00 01 04 5b 7b 00 01 01 0f 00 42 61 73 69 63 20 56 61 6d 70 69 72 69 73 6d 2e 00 47 af 00 00 01 05 ee 98 0b 00 00 00 00 ed 01 00 00 00 00 00 00 00 06 b9 76 00 02 01 0f 00 50 6f 77 65 72 66 75 6c 20 53 63 6f 72 63 68 0f 00 0b 47 03 00 01 00 07 bd 8a 00 00 08 81 7b 00 01 00 0a 79 65 00 0b 64 5b 00 00 
[1786974370498] 5d 09 01 ed 98 00 02 01 0d 00 50 6f 77 65 72 66 75 6c 20 56 6f 69 64 33 00 aa e7 02 00 01 01 11 00 50 6f 77 65 72 66 75 6c 20 45 70 69 70 68 61 6e 79 42 00 aa e7 02 00 01 03 e5 5b 09 00 00 00 00 00 00 00 80 01 01 13 00 42 61 73 69 63 20 46 65 61 74 68 65 72 77 65 69 67 68 74 4c 00 19 70 00 00 01 04 5b 7b 00 01 01 0f 00 42 61 73 69 63 20 56 61 6d 70 69 72 69 73 6d 2e 00 47 af 00 00 01 05 ee 98 0b 00 00 00 00 ed 01 00 00 00 00 00 00 00 06 b9 76 00 02 01 0f 00 50 6f 77 65 72 66 75 6c 20 53 63 6f 72 63 68 0f 00 0b 47 03 00 01 00 07 bd 8a 00 00 08 81 7b 00 01 00 0a 79 65 00 0b 64 5b 00 00 
[1786974370526] 6a 8f 7f fc 7d 07 05 61 00 00 00 00 00 80 43 00 50 01 04 00 42 6f 61 72 64 03 7c 01 00 00 00 00 00 00 00 00 00 cd 00 00 00 00 00 01 00 ff 00 01 
[1786974370526] 5d 09 01 ed 98 00 02 01 0d 00 50 6f 77 65 72 66 75 6c 20 56 6f 69 64 33 00 aa e7 02 00 01 01 11 00 50 6f 77 65 72 66 75 6c 20 45 70 69 70 68 61 6e 79 42 00 aa e7 02 00 01 03 e5 5b 09 00 00 00 00 00 00 00 80 01 01 13 00 42 61 73 69 63 20 46 65 61 74 68 65 72 77 65 69 67 68 74 4c 00 19 70 00 00 01 04 5b 7b 00 01 01 0f 00 42 61 73 69 63 20 56 61 6d 70 69 72 69 73 6d 2e 00 47 af 00 00 01 05 ee 98 0b 00 00 00 00 ed 01 00 00 00 00 00 00 00 06 b9 76 00 02 01 0f 00 50 6f 77 65 72 66 75 6c 20 53 63 6f 72 63 68 0f 00 0b 47 03 00 01 00 07 bd 8a 00 00 08 81 7b 00 01 00 0a 79 65 00 0b 64 5b 00 00 
[1786974370797] 6d 8c 7f fc 7d 07 03 8b 7f fd 7d 07 
[1786974370797] 5d 09 01 ed 98 00 02 01 0d 00 50 6f 77 65 72 66 75 6c 20 56 6f 69 64 33 00 aa e7 02 00 01 01 11 00 50 6f 77 65 72 66 75 6c 20 45 70 69 70 68 61 6e 79 42 00 aa e7 02 00 01 03 e5 5b 09 00 00 00 00 00 00 00 80 01 01 13 00 42 61 73 69 63 20 46 65 61 74 68 65 72 77 65 69 67 68 74 4c 00 19 70 00 00 01 04 5b 7b 00 01 01 0f 00 42 61 73 69 63 20 56 61 6d 70 69 72 69 73 6d 2e 00 47 af 00 00 01 05 ee 98 0b 00 00 00 00 ed 01 00 00 00 00 00 00 00 06 b9 76 00 02 01 0f 00 50 6f 77 65 72 66 75 6c 20 53 63 6f 72 63 68 0f 00 0b 47 03 00 01 00 07 bd 8a 00 00 08 81 7b 00 01 00 0a 79 65 00 0b 64 5b 00 00 
[1786974370836] 6d 8f 7f fc 7d 07 05 8e 7f fc 7d 07 
[1786974370837] 5d 09 01 ed 98 00 02 01 0d 00 50 6f 77 65 72 66 75 6c 20 56 6f 69 64 33 00 aa e7 02 00 01 01 11 00 50 6f 77 65 72 66 75 6c 20 45 70 69 70 68 61 6e 79 42 00 aa e7 02 00 01 03 e5 5b 09 00 00 00 00 00 00 00 80 01 01 13 00 42 61 73 69 63 20 46 65 61 74 68 65 72 77 65 69 67 68 74 4c 00 19 70 00 00 01 04 5b 7b 00 01 01 0f 00 42 61 73 69 63 20 56 61 6d 70 69 72 69 73 6d 2e 00 47 af 00 00 01 05 ee 98 0b 00 00 00 00 ed 01 00 00 00 00 00 00 00 06 b9 76 00 02 01 0f 00 50 6f 77 65 72 66 75 6c 20 53 63 6f 72 63 68 0f 00 0b 47 03 00 01 00 07 bd 8a 00 00 08 81 7b 00 01 00 0a 79 65 00 0b 64 5b 00 00 
[1786974370995] a9 00 01 95 00 41 63 74 69 76 65 20 52 65 73 74 69 6e 67 20 41 72 65 61 20 42 6f 6e 75 73 65 73 3a 20 0a 44 6f 75 62 6c 65 20 48 69 74 20 50 6f 69 6e 74 73 20 52 65 67 65 6e 65 72 61 74 69 6f 6e 2c 0a 44 6f 75 62 6c 65 20 4d 61 6e 61 20 50 6f 69 6e 74 73 20 52 65 67 65 6e 65 72 61 74 69 6f 6e 2c 0a 53 74 61 6d 69 6e 61 20 50 6f 69 6e 74 73 20 52 65 67 65 6e 65 72 61 74 69 6f 6e 2c 0a 53 6f 75 6c 20 50 6f 69 6e 74 73 20 52 65 67 65 6e 65 72 61 74 69 6f 6e 2e 
[1786974370995] a2 c0 10 00 00 00 00 00 00 00 
[1786974370995] a9 00 01 95 00 41 63 74 69 76 65 20 52 65 73 74 69 6e 67 20 41 72 65 61 20 42 6f 6e 75 73 65 73 3a 20 0a 44 6f 75 62 6c 65 20 48 69 74 20 50 6f 69 6e 74 73 20 52 65 67 65 6e 65 72 61 74 69 6f 6e 2c 0a 44 6f 75 62 6c 65 20 4d 61 6e 61 20 50 6f 69 6e 74 73 20 52 65 67 65 6e 65 72 61 74 69 6f 6e 2c 0a 53 74 61 6d 69 6e 61 20 50 6f 69 6e 74 73 20 52 65 67 65 6e 65 72 61 74 69 6f 6e 2c 0a 53 6f 75 6c 20 50 6f 69 6e 74 73 20 52 65 67 65 6e 65 72 61 74 69 6f 6e 2e 
[1786974370995] a2 c0 10 00 00 00 00 00 00 00 
[1786974371136] 6d 8e 7f fc 7d 07 02 8d 7f fc 7d 07 
[1786974371136] 5d 09 01 ed 98 00 02 01 0d 00 50 6f 77 65 72 66 75 6c 20 56 6f 69 64 33 00 a9 e7 02 00 01 01 11 00 50 6f 77 65 72 66 75 6c 20 45 70 69 70 68 61 6e 79 42 00 a9 e7 02 00 01 03 e5 5b 09 00 00 00 00 00 00 00 80 01 01 13 00 42 61 73 69 63 20 46 65 61 74 68 65 72 77 65 69 67 68 74 4c 00 18 70 00 00 01 04 5b 7b 00 01 01 0f 00 42 61 73 69 63 20 56 61 6d 70 69 72 69 73 6d 2e 00 46 af 00 00 01 05 ee 98 0b 00 00 00 00 ed 01 00 00 00 00 00 00 00 06 b9 76 00 02 01 0f 00 50 6f 77 65 72 66 75 6c 20 53 63 6f 72 63 68 0f 00 0a 47 03 00 01 00 07 bd 8a 00 00 08 81 7b 00 01 00 0a 79 65 00 0b 64 5b 00 00 
[1786974371296] 5d 09 01 ed 98 00 02 01 0d 00 50 6f 77 65 72 66 75 6c 20 56 6f 69 64 33 00 a9 e7 02 00 01 01 11 00 50 6f 77 65 72 66 75 6c 20 45 70 69 70 68 61 6e 79 42 00 a9 e7 02 00 01 03 e5 5b 09 00 00 00 00 00 00 00 80 01 01 13 00 42 61 73 69 63 20 46 65 61 74 68 65 72 77 65 69 67 68 74 4c 00 18 70 00 00 01 04 5b 7b 00 01 01 0f 00 42 61 73 69 63 20 56 61 6d 70 69 72 69 73 6d 2e 00 46 af 00 00 01 05 ee 98 0b 00 00 00 00 ed 01 00 00 00 00 00 00 00 06 b9 76 00 02 01 0f 00 50 6f 77 65 72 66 75 6c 20 53 63 6f 72 63 68 0f 00 0a 47 03 00 01 00 07 bd 8a 00 00 08 81 7b 00 01 00 0a 79 65 00 0b 64 5b 00 00 
[1786974371386] 6d 8d 7f fc 7d 07 04 8d 7f fd 7d 07 
[1786974371386] 5d 09 01 ed 98 00 02 01 0d 00 50 6f 77 65 72 66 75 6c 20 56 6f 69 64 33 00 a9 e7 02 00 01 01 11 00 50 6f 77 65 72 66 75 6c 20 45 70 69 70 68 61 6e 79 42 00 a9 e7 02 00 01 03 e5 5b 09 00 00 00 00 00 00 00 80 01 01 13 00 42 61 73 69 63 20 46 65 61 74 68 65 72 77 65 69 67 68 74 4c 00 18 70 00 00 01 04 5b 7b 00 01 01 0f 00 42 61 73 69 63 20 56 61 6d 70 69 72 69 73 6d 2e 00 46 af 00 00 01 05 ee 98 0b 00 00 00 00 ed 01 00 00 00 00 00 00 00 06 b9 76 00 02 01 0f 00 50 6f 77 65 72 66 75 6c 20 53 63 6f 72 63 68 0f 00 0a 47 03 00 01 00 07 bd 8a 00 00 08 81 7b 00 01 00 0a 79 65 00 0b 64 5b 00 00 
[1786974371386] 6b 8d 7f fd 7d 07 02 63 00 80 43 00 50 03 01 
[1786974371496] 5d 09 01 ed 98 00 02 01 0d 00 50 6f 77 65 72 66 75 6c 20 56 6f 69 64 33 00 a9 e7 02 00 01 01 11 00 50 6f 77 65 72 66 75 6c 20 45 70 69 70 68 61 6e 79 42 00 a9 e7 02 00 01 03 e5 5b 09 00 00 00 00 00 00 00 80 01 01 13 00 42 61 73 69 63 20 46 65 61 74 68 65 72 77 65 69 67 68 74 4c 00 18 70 00 00 01 04 5b 7b 00 01 01 0f 00 42 61 73 69 63 20 56 61 6d 70 69 72 69 73 6d 2e 00 46 af 00 00 01 05 ee 98 0b 00 00 00 00 ed 01 00 00 00 00 00 00 00 06 b9 76 00 02 01 0f 00 50 6f 77 65 72 66 75 6c 20 53 63 6f 72 63 68 0f 00 0a 47 03 00 01 00 07 bd 8a 00 00 08 81 7b 00 01 00 0a 79 65 00 0b 64 5b 00 00 
[1786974371686] 6d 8d 7f fd 7d 07 02 8c 7f fe 7d 07 
[1786974371686] 5d 09 01 ed 98 00 02 01 0d 00 50 6f 77 65 72 66 75 6c 20 56 6f 69 64 33 00 a9 e7 02 00 01 01 11 00 50 6f 77 65 72 66 75 6c 20 45 70 69 70 68 61 6e 79 42 00 a9 e7 02 00 01 03 e5 5b 09 00 00 00 00 00 00 00 80 01 01 13 00 42 61 73 69 63 20 46 65 61 74 68 65 72 77 65 69 67 68 74 4c 00 18 70 00 00 01 04 5b 7b 00 01 01 0f 00 42 61 73 69 63 20 56 61 6d 70 69 72 69 73 6d 2e 00 46 af 00 00 01 05 ee 98 0b 00 00 00 00 ed 01 00 00 00 00 00 00 00 06 b9 76 00 02 01 0f 00 50 6f 77 65 72 66 75 6c 20 53 63 6f 72 63 68 0f 00 0a 47 03 00 01 00 07 bd 8a 00 00 08 81 7b 00 01 00 0a 79 65 00 0b 64 5b 00 00 
[1786974371699] 6d 8b 7f fd 7d 07 02 8a 7f fd 7d 07 
[1786974371700] 5d 09 01 ed 98 00 02 01 0d 00 50 6f 77 65 72 66 75 6c 20 56 6f 69 64 33 00 a9 e7 02 00 01 01 11 00 50 6f 77 65 72 66 75 6c 20 45 70 69 70 68 61 6e 79 42 00 a9 e7 02 00 01 03 e5 5b 09 00 00 00 00 00 00 00 80 01 01 13 00 42 61 73 69 63 20 46 65 61 74 68 65 72 77 65 69 67 68 74 4c 00 18 70 00 00 01 04 5b 7b 00 01 01 0f 00 42 61 73 69 63 20 56 61 6d 70 69 72 69 73 6d 2e 00 46 af 00 00 01 05 ee 98 0b 00 00 00 00 ed 01 00 00 00 00 00 00 00 06 b9 76 00 02 01 0f 00 50 6f 77 65 72 66 75 6c 20 53 63 6f 72 63 68 0f 00 0a 47 03 00 01 00 07 bd 8a 00 00 08 81 7b 00 01 00 0a 79 65 00 0b 64 5b 00 00 
[1786974371999] 6d 8a 7f fd 7d 07 03 8a 7f fe 7d 07 
[1786974371999] 5d 09 01 ed 98 00 02 01 0d 00 50 6f 77 65 72 66 75 6c 20 56 6f 69 64 33 00 a8 e7 02 00 01 01 11 00 50 6f 77 65 72 66 75 6c 20 45 70 69 70 68 61 6e 79 42 00 a8 e7 02 00 01 03 e5 5b 09 00 00 00 00 00 00 00 80 01 01 13 00 42 61 73 69 63 20 46 65 61 74 68 65 72 77 65 69 67 68 74 4c 00 17 70 00 00 01 04 5b 7b 00 01 01 0f 00 42 61 73 69 63 20 56 61 6d 70 69 72 69 73 6d 2e 00 45 af 00 00 01 05 ee 98 0b 00 00 00 00 ed 01 00 00 00 00 00 00 00 06 b9 76 00 02 01 0f 00 50 6f 77 65 72 66 75 6c 20 53 63 6f 72 63 68 0f 00 09 47 03 00 01 00 07 bd 8a 00 00 08 81 7b 00 01 00 0a 79 65 00 0b 64 5b 00 00 
[1786974371999] 6b 8a 7f fe 7d 07 02 63 00 81 43 00 50 03 01 
[1786974372297] 5d 09 01 ed 98 00 02 01 0d 00 50 6f 77 65 72 66 75 6c 20 56 6f 69 64 33 00 a8 e7 02 00 01 01 11 00 50 6f 77 65 72 66 75 6c 20 45 70 69 70 68 61 6e 79 42 00 a8 e7 02 00 01 03 e5 5b 09 00 00 00 00 00 00 00 80 01 01 13 00 42 61 73 69 63 20 46 65 61 74 68 65 72 77 65 69 67 68 74 4c 00 17 70 00 00 01 04 5b 7b 00 01 01 0f 00 42 61 73 69 63 20 56 61 6d 70 69 72 69 73 6d 2e 00 45 af 00 00 01 05 ee 98 0b 00 00 00 00 ed 01 00 00 00 00 00 00 00 06 b9 76 00 02 01 0f 00 50 6f 77 65 72 66 75 6c 20 53 63 6f 72 63 68 0f 00 09 47 03 00 01 00 07 bd 8a 00 00 08 81 7b 00 01 00 0a 79 65 00 0b 64 5b 00 00 
[1786974372349] 6d 8a 7f fe 7d 07 02 8a 7f ff 7d 07 
[1786974372349] 5d 09 01 ed 98 00 02 01 0d 00 50 6f 77 65 72 66 75 6c 20 56 6f 69 64 33 00 a8 e7 02 00 01 01 11 00 50 6f 77 65 72 66 75 6c 20 45 70 69 70 68 61 6e 79 42 00 a8 e7 02 00 01 03 e5 5b 09 00 00 00 00 00 00 00 80 01 01 13 00 42 61 73 69 63 20 46 65 61 74 68 65 72 77 65 69 67 68 74 4c 00 17 70 00 00 01 04 5b 7b 00 01 01 0f 00 42 61 73 69 63 20 56 61 6d 70 69 72 69 73 6d 2e 00 45 af 00 00 01 05 ee 98 0b 00 00 00 00 ed 01 00 00 00 00 00 00 00 06 b9 76 00 02 01 0f 00 50 6f 77 65 72 66 75 6c 20 53 63 6f 72 63 68 0f 00 09 47 03 00 01 00 07 bd 8a 00 00 08 81 7b 00 01 00 0a 79 65 00 0b 64 5b 00 00 
[1786974372349] 6b 8a 7f ff 7d 07 03 63 00 81 43 00 50 03 01 
